<?xml version="1.0" encoding="UTF-8" standalone="no"?><!-- Generated by nmsadm --><!-- Generated on Thu Oct 28 14:52:37 BST 2010 --><!-- Generated from configuration valid --><!-- Query - Base MO SubNetwork=ONRM_RootMo_R,MeContext=LTE25ERBS00002; Scope 8 --><model>
  <mo fdn="SubNetwork=ONRM_RootMo_R,MeContext=LTE25ERBS00002" lastModified="1288106412137" mimName="ERBS_NODE_MODEL" mimVersion="A.9.50.J.9.1">
    <attr name="MeContextId">LTE25ERBS00002</attr>
    <attr name="neMIMversion">vA.9.40</attr>
    <attr name="siteRef">SubNetwork=ONRM_RootMo_R,Site=LTE25ERBS00002</attr>
    <attr name="userLabel">LTE25ERBS00002</attr>
  </mo>
  <mo fdn="SubNetwork=ONRM_RootMo_R,MeContext=LTE25ERBS00002,ManagedElement=1,ENodeBFunction=1" lastModified="1287604812748" mimName="ERBS_NODE_MODEL" mimVersion="A.9.50.J.9.1">
    <attr name="eNodeBPlmnId">
      <struct>
        <attr name="mcc">344</attr>
        <attr name="mnc">930</attr>
        <attr name="mncLength">2</attr>
      </struct>
    </attr>
    <attr name="eNBId">3842</attr>
  </mo>
  <mo fdn="SubNetwork=ONRM_RootMo_R,MeContext=LTE25ERBS00002,ManagedElement=1,ENodeBFunction=1,EUtranCellFDD=LTE25ERBS00002-1" lastModified="1287631746791" mimName="ERBS_NODE_MODEL" mimVersion="A.9.50.J.9.1">
    <attr name="EUtranCellFDDId">LTE25ERBS00002-1</attr>
    <attr name="earfcnul">18000</attr>
    <attr name="cellId">1</attr>
    <attr name="tac">1</attr>
    <attr name="bPlmnList">
      <seq count="1">
        <item>
          <struct>
            <attr name="mcc">344</attr>
            <attr name="mnc">930</attr>
            <attr name="mncLength">2</attr>
          </struct>
        </item>
      </seq>
    </attr>
    <attr name="earfcndl">0</attr>
    <attr name="userLabel">LTE25ERBS00002-1</attr>
  </mo>
  <mo fdn="SubNetwork=ONRM_RootMo_R,MeContext=LTE25ERBS00002,ManagedElement=1,ENodeBFunction=1,EUtranCellFDD=LTE25ERBS00002-1,EUtranFreqRelation=1,EUtranCellRelation=1" lastModified="1287604809682" mimName="ERBS_NODE_MODEL" mimVersion="A.9.50.J.9.1">
    <attr name="isRemoveAllowed">false</attr>
    <attr name="neighborCellRef">SubNetwork=ONRM_RootMo_R,MeContext=LTE25ERBS00002,ManagedElement=1,ENodeBFunction=1,EUtranCellFDD=LTE25ERBS00002-2</attr>
    <attr name="anrCreated">false</attr>
    <attr name="isHoAllowed">true</attr>
  </mo>
  <mo fdn="SubNetwork=ONRM_RootMo_R,MeContext=LTE25ERBS00002,ManagedElement=1,ENodeBFunction=1,EUtranCellFDD=LTE25ERBS00002-1,EUtranFreqRelation=1,EUtranCellRelation=10" lastModified="1287619266390" mimName="ERBS_NODE_MODEL" mimVersion="A.9.50.J.9.1">
    <attr name="isRemoveAllowed">false</attr>
    <attr name="neighborCellRef">SubNetwork=ONRM_RootMo_R,MeContext=LTE25ERBS00002,ManagedElement=1,ENodeBFunction=1,EUtraNetwork=1,ExternalENodeBFunction=3845,ExternalEUtranCellFDD=1</attr>
    <attr name="anrCreated">false</attr>
    <attr name="isHoAllowed">true</attr>
  </mo>
  <mo fdn="SubNetwork=ONRM_RootMo_R,MeContext=LTE25ERBS00002,ManagedElement=1,ENodeBFunction=1,EUtranCellFDD=LTE25ERBS00002-1,EUtranFreqRelation=1,EUtranCellRelation=11" lastModified="1287619266389" mimName="ERBS_NODE_MODEL" mimVersion="A.9.50.J.9.1">
    <attr name="isRemoveAllowed">false</attr>
    <attr name="neighborCellRef">SubNetwork=ONRM_RootMo_R,MeContext=LTE25ERBS00002,ManagedElement=1,ENodeBFunction=1,EUtraNetwork=1,ExternalENodeBFunction=3845,ExternalEUtranCellFDD=2</attr>
    <attr name="anrCreated">false</attr>
    <attr name="isHoAllowed">true</attr>
  </mo>
  <mo fdn="SubNetwork=ONRM_RootMo_R,MeContext=LTE25ERBS00002,ManagedElement=1,ENodeBFunction=1,EUtranCellFDD=LTE25ERBS00002-1,EUtranFreqRelation=1,EUtranCellRelation=12" lastModified="1287619266388" mimName="ERBS_NODE_MODEL" mimVersion="A.9.50.J.9.1">
    <attr name="isRemoveAllowed">false</attr>
    <attr name="neighborCellRef">SubNetwork=ONRM_RootMo_R,MeContext=LTE25ERBS00002,ManagedElement=1,ENodeBFunction=1,EUtraNetwork=1,ExternalENodeBFunction=3846,ExternalEUtranCellFDD=1</attr>
    <attr name="anrCreated">false</attr>
    <attr name="isHoAllowed">true</attr>
  </mo>
  <mo fdn="SubNetwork=ONRM_RootMo_R,MeContext=LTE25ERBS00002,ManagedElement=1,ENodeBFunction=1,EUtranCellFDD=LTE25ERBS00002-1,EUtranFreqRelation=1,EUtranCellRelation=13" lastModified="1287619266385" mimName="ERBS_NODE_MODEL" mimVersion="A.9.50.J.9.1">
    <attr name="isRemoveAllowed">false</attr>
    <attr name="neighborCellRef">SubNetwork=ONRM_RootMo_R,MeContext=LTE25ERBS00002,ManagedElement=1,ENodeBFunction=1,EUtraNetwork=1,ExternalENodeBFunction=3846,ExternalEUtranCellFDD=2</attr>
    <attr name="anrCreated">false</attr>
    <attr name="isHoAllowed">true</attr>
  </mo>
  <mo fdn="SubNetwork=ONRM_RootMo_R,MeContext=LTE25ERBS00002,ManagedElement=1,ENodeBFunction=1,EUtranCellFDD=LTE25ERBS00002-1,EUtranFreqRelation=1,EUtranCellRelation=14" lastModified="1287619266380" mimName="ERBS_NODE_MODEL" mimVersion="A.9.50.J.9.1">
    <attr name="isRemoveAllowed">false</attr>
    <attr name="neighborCellRef">SubNetwork=ONRM_RootMo_R,MeContext=LTE25ERBS00002,ManagedElement=1,ENodeBFunction=1,EUtraNetwork=1,ExternalENodeBFunction=3847,ExternalEUtranCellFDD=1</attr>
    <attr name="anrCreated">false</attr>
    <attr name="isHoAllowed">true</attr>
  </mo>
  <mo fdn="SubNetwork=ONRM_RootMo_R,MeContext=LTE25ERBS00002,ManagedElement=1,ENodeBFunction=1,EUtranCellFDD=LTE25ERBS00002-1,EUtranFreqRelation=1,EUtranCellRelation=15" lastModified="1287619266399" mimName="ERBS_NODE_MODEL" mimVersion="A.9.50.J.9.1">
    <attr name="isRemoveAllowed">false</attr>
    <attr name="neighborCellRef">SubNetwork=ONRM_RootMo_R,MeContext=LTE25ERBS00002,ManagedElement=1,ENodeBFunction=1,EUtraNetwork=1,ExternalENodeBFunction=3847,ExternalEUtranCellFDD=2</attr>
    <attr name="anrCreated">false</attr>
    <attr name="isHoAllowed">true</attr>
  </mo>
  <mo fdn="SubNetwork=ONRM_RootMo_R,MeContext=LTE25ERBS00002,ManagedElement=1,ENodeBFunction=1,EUtranCellFDD=LTE25ERBS00002-1,EUtranFreqRelation=1,EUtranCellRelation=16" lastModified="1287609951936" mimName="ERBS_NODE_MODEL" mimVersion="A.9.50.J.9.1">
    <attr name="isRemoveAllowed">false</attr>
    <attr name="neighborCellRef">SubNetwork=ONRM_RootMo_R,MeContext=LTE25ERBS00002,ManagedElement=1,ENodeBFunction=1,EUtraNetwork=1,ExternalENodeBFunction=3848,ExternalEUtranCellFDD=1</attr>
    <attr name="anrCreated">false</attr>
    <attr name="isHoAllowed">true</attr>
  </mo>
  <mo fdn="SubNetwork=ONRM_RootMo_R,MeContext=LTE25ERBS00002,ManagedElement=1,ENodeBFunction=1,EUtranCellFDD=LTE25ERBS00002-1,EUtranFreqRelation=1,EUtranCellRelation=17" lastModified="1287609951934" mimName="ERBS_NODE_MODEL" mimVersion="A.9.50.J.9.1">
    <attr name="isRemoveAllowed">false</attr>
    <attr name="neighborCellRef">SubNetwork=ONRM_RootMo_R,MeContext=LTE25ERBS00002,ManagedElement=1,ENodeBFunction=1,EUtraNetwork=1,ExternalENodeBFunction=3848,ExternalEUtranCellFDD=2</attr>
    <attr name="anrCreated">false</attr>
    <attr name="isHoAllowed">true</attr>
  </mo>
  <mo fdn="SubNetwork=ONRM_RootMo_R,MeContext=LTE25ERBS00002,ManagedElement=1,ENodeBFunction=1,EUtranCellFDD=LTE25ERBS00002-1,EUtranFreqRelation=1,EUtranCellRelation=18" lastModified="1287619266397" mimName="ERBS_NODE_MODEL" mimVersion="A.9.50.J.9.1">
    <attr name="isRemoveAllowed">false</attr>
    <attr name="neighborCellRef">SubNetwork=ONRM_RootMo_R,MeContext=LTE25ERBS00002,ManagedElement=1,ENodeBFunction=1,EUtraNetwork=1,ExternalENodeBFunction=3849,ExternalEUtranCellFDD=1</attr>
    <attr name="anrCreated">false</attr>
    <attr name="isHoAllowed">true</attr>
  </mo>
  <mo fdn="SubNetwork=ONRM_RootMo_R,MeContext=LTE25ERBS00002,ManagedElement=1,ENodeBFunction=1,EUtranCellFDD=LTE25ERBS00002-1,EUtranFreqRelation=1,EUtranCellRelation=19" lastModified="1287619266393" mimName="ERBS_NODE_MODEL" mimVersion="A.9.50.J.9.1">
    <attr name="isRemoveAllowed">false</attr>
    <attr name="neighborCellRef">SubNetwork=ONRM_RootMo_R,MeContext=LTE25ERBS00002,ManagedElement=1,ENodeBFunction=1,EUtraNetwork=1,ExternalENodeBFunction=3849,ExternalEUtranCellFDD=2</attr>
    <attr name="anrCreated">false</attr>
    <attr name="isHoAllowed">true</attr>
  </mo>
  <mo fdn="SubNetwork=ONRM_RootMo_R,MeContext=LTE25ERBS00002,ManagedElement=1,ENodeBFunction=1,EUtranCellFDD=LTE25ERBS00002-1,EUtranFreqRelation=1,EUtranCellRelation=2" lastModified="1287604809675" mimName="ERBS_NODE_MODEL" mimVersion="A.9.50.J.9.1">
    <attr name="isRemoveAllowed">false</attr>
    <attr name="neighborCellRef">SubNetwork=ONRM_RootMo_R,MeContext=LTE25ERBS00002,ManagedElement=1,ENodeBFunction=1,EUtranCellFDD=LTE25ERBS00002-3</attr>
    <attr name="anrCreated">false</attr>
    <attr name="isHoAllowed">true</attr>
  </mo>
  <mo fdn="SubNetwork=ONRM_RootMo_R,MeContext=LTE25ERBS00002,ManagedElement=1,ENodeBFunction=1,EUtranCellFDD=LTE25ERBS00002-1,EUtranFreqRelation=1,EUtranCellRelation=20" lastModified="1287619266373" mimName="ERBS_NODE_MODEL" mimVersion="A.9.50.J.9.1">
    <attr name="isRemoveAllowed">false</attr>
    <attr name="neighborCellRef">SubNetwork=ONRM_RootMo_R,MeContext=LTE25ERBS00002,ManagedElement=1,ENodeBFunction=1,EUtraNetwork=1,ExternalENodeBFunction=3850,ExternalEUtranCellFDD=1</attr>
    <attr name="anrCreated">false</attr>
    <attr name="isHoAllowed">true</attr>
  </mo>
  <mo fdn="SubNetwork=ONRM_RootMo_R,MeContext=LTE25ERBS00002,ManagedElement=1,ENodeBFunction=1,EUtranCellFDD=LTE25ERBS00002-1,EUtranFreqRelation=1,EUtranCellRelation=21" lastModified="1287619266372" mimName="ERBS_NODE_MODEL" mimVersion="A.9.50.J.9.1">
    <attr name="isRemoveAllowed">false</attr>
    <attr name="neighborCellRef">SubNetwork=ONRM_RootMo_R,MeContext=LTE25ERBS00002,ManagedElement=1,ENodeBFunction=1,EUtraNetwork=1,ExternalENodeBFunction=3850,ExternalEUtranCellFDD=2</attr>
    <attr name="anrCreated">false</attr>
    <attr name="isHoAllowed">true</attr>
  </mo>
  <mo fdn="SubNetwork=ONRM_RootMo_R,MeContext=LTE25ERBS00002,ManagedElement=1,ENodeBFunction=1,EUtranCellFDD=LTE25ERBS00002-1,EUtranFreqRelation=1,EUtranCellRelation=22" lastModified="1287619266363" mimName="ERBS_NODE_MODEL" mimVersion="A.9.50.J.9.1">
    <attr name="isRemoveAllowed">false</attr>
    <attr name="neighborCellRef">SubNetwork=ONRM_RootMo_R,MeContext=LTE25ERBS00002,ManagedElement=1,ENodeBFunction=1,EUtraNetwork=1,ExternalENodeBFunction=3851,ExternalEUtranCellFDD=1</attr>
    <attr name="anrCreated">false</attr>
    <attr name="isHoAllowed">true</attr>
  </mo>
  <mo fdn="SubNetwork=ONRM_RootMo_R,MeContext=LTE25ERBS00002,ManagedElement=1,ENodeBFunction=1,EUtranCellFDD=LTE25ERBS00002-1,EUtranFreqRelation=1,EUtranCellRelation=23" lastModified="1287619266347" mimName="ERBS_NODE_MODEL" mimVersion="A.9.50.J.9.1">
    <attr name="isRemoveAllowed">false</attr>
    <attr name="neighborCellRef">SubNetwork=ONRM_RootMo_R,MeContext=LTE25ERBS00002,ManagedElement=1,ENodeBFunction=1,EUtraNetwork=1,ExternalENodeBFunction=3851,ExternalEUtranCellFDD=2</attr>
    <attr name="anrCreated">false</attr>
    <attr name="isHoAllowed">true</attr>
  </mo>
  <mo fdn="SubNetwork=ONRM_RootMo_R,MeContext=LTE25ERBS00002,ManagedElement=1,ENodeBFunction=1,EUtranCellFDD=LTE25ERBS00002-1,EUtranFreqRelation=1,EUtranCellRelation=24" lastModified="1287619266368" mimName="ERBS_NODE_MODEL" mimVersion="A.9.50.J.9.1">
    <attr name="isRemoveAllowed">false</attr>
    <attr name="neighborCellRef">SubNetwork=ONRM_RootMo_R,MeContext=LTE25ERBS00002,ManagedElement=1,ENodeBFunction=1,EUtraNetwork=1,ExternalENodeBFunction=3852,ExternalEUtranCellFDD=1</attr>
    <attr name="anrCreated">false</attr>
    <attr name="isHoAllowed">true</attr>
  </mo>
  <mo fdn="SubNetwork=ONRM_RootMo_R,MeContext=LTE25ERBS00002,ManagedElement=1,ENodeBFunction=1,EUtranCellFDD=LTE25ERBS00002-1,EUtranFreqRelation=1,EUtranCellRelation=25" lastModified="1287619266365" mimName="ERBS_NODE_MODEL" mimVersion="A.9.50.J.9.1">
    <attr name="isRemoveAllowed">false</attr>
    <attr name="neighborCellRef">SubNetwork=ONRM_RootMo_R,MeContext=LTE25ERBS00002,ManagedElement=1,ENodeBFunction=1,EUtraNetwork=1,ExternalENodeBFunction=3852,ExternalEUtranCellFDD=2</attr>
    <attr name="anrCreated">false</attr>
    <attr name="isHoAllowed">true</attr>
  </mo>
  <mo fdn="SubNetwork=ONRM_RootMo_R,MeContext=LTE25ERBS00002,ManagedElement=1,ENodeBFunction=1,EUtranCellFDD=LTE25ERBS00002-1,EUtranFreqRelation=1,EUtranCellRelation=26" lastModified="1287619266376" mimName="ERBS_NODE_MODEL" mimVersion="A.9.50.J.9.1">
    <attr name="isRemoveAllowed">false</attr>
    <attr name="neighborCellRef">SubNetwork=ONRM_RootMo_R,MeContext=LTE25ERBS00002,ManagedElement=1,ENodeBFunction=1,EUtraNetwork=1,ExternalENodeBFunction=3853,ExternalEUtranCellFDD=1</attr>
    <attr name="anrCreated">false</attr>
    <attr name="isHoAllowed">true</attr>
  </mo>
  <mo fdn="SubNetwork=ONRM_RootMo_R,MeContext=LTE25ERBS00002,ManagedElement=1,ENodeBFunction=1,EUtranCellFDD=LTE25ERBS00002-1,EUtranFreqRelation=1,EUtranCellRelation=27" lastModified="1287619266375" mimName="ERBS_NODE_MODEL" mimVersion="A.9.50.J.9.1">
    <attr name="isRemoveAllowed">false</attr>
    <attr name="neighborCellRef">SubNetwork=ONRM_RootMo_R,MeContext=LTE25ERBS00002,ManagedElement=1,ENodeBFunction=1,EUtraNetwork=1,ExternalENodeBFunction=3853,ExternalEUtranCellFDD=2</attr>
    <attr name="anrCreated">false</attr>
    <attr name="isHoAllowed">true</attr>
  </mo>
  <mo fdn="SubNetwork=ONRM_RootMo_R,MeContext=LTE25ERBS00002,ManagedElement=1,ENodeBFunction=1,EUtranCellFDD=LTE25ERBS00002-1,EUtranFreqRelation=1,EUtranCellRelation=28" lastModified="1287619266379" mimName="ERBS_NODE_MODEL" mimVersion="A.9.50.J.9.1">
    <attr name="isRemoveAllowed">false</attr>
    <attr name="neighborCellRef">SubNetwork=ONRM_RootMo_R,MeContext=LTE25ERBS00002,ManagedElement=1,ENodeBFunction=1,EUtraNetwork=1,ExternalENodeBFunction=3854,ExternalEUtranCellFDD=1</attr>
    <attr name="anrCreated">false</attr>
    <attr name="isHoAllowed">true</attr>
  </mo>
  <mo fdn="SubNetwork=ONRM_RootMo_R,MeContext=LTE25ERBS00002,ManagedElement=1,ENodeBFunction=1,EUtranCellFDD=LTE25ERBS00002-1,EUtranFreqRelation=1,EUtranCellRelation=29" lastModified="1287619266378" mimName="ERBS_NODE_MODEL" mimVersion="A.9.50.J.9.1">
    <attr name="isRemoveAllowed">false</attr>
    <attr name="neighborCellRef">SubNetwork=ONRM_RootMo_R,MeContext=LTE25ERBS00002,ManagedElement=1,ENodeBFunction=1,EUtraNetwork=1,ExternalENodeBFunction=3854,ExternalEUtranCellFDD=2</attr>
    <attr name="anrCreated">false</attr>
    <attr name="isHoAllowed">true</attr>
  </mo>
  <mo fdn="SubNetwork=ONRM_RootMo_R,MeContext=LTE25ERBS00002,ManagedElement=1,ENodeBFunction=1,EUtranCellFDD=LTE25ERBS00002-1,EUtranFreqRelation=1,EUtranCellRelation=3" lastModified="1287604809669" mimName="ERBS_NODE_MODEL" mimVersion="A.9.50.J.9.1">
    <attr name="isRemoveAllowed">false</attr>
    <attr name="neighborCellRef">SubNetwork=ONRM_RootMo_R,MeContext=LTE25ERBS00002,ManagedElement=1,ENodeBFunction=1,EUtranCellFDD=LTE25ERBS00002-4</attr>
    <attr name="anrCreated">false</attr>
    <attr name="isHoAllowed">true</attr>
  </mo>
  <mo fdn="SubNetwork=ONRM_RootMo_R,MeContext=LTE25ERBS00002,ManagedElement=1,ENodeBFunction=1,EUtranCellFDD=LTE25ERBS00002-1,EUtranFreqRelation=1,EUtranCellRelation=30" lastModified="1287619266386" mimName="ERBS_NODE_MODEL" mimVersion="A.9.50.J.9.1">
    <attr name="isRemoveAllowed">false</attr>
    <attr name="neighborCellRef">SubNetwork=ONRM_RootMo_R,MeContext=LTE25ERBS00002,ManagedElement=1,ENodeBFunction=1,EUtraNetwork=1,ExternalENodeBFunction=3855,ExternalEUtranCellFDD=1</attr>
    <attr name="anrCreated">false</attr>
    <attr name="isHoAllowed">true</attr>
  </mo>
  <mo fdn="SubNetwork=ONRM_RootMo_R,MeContext=LTE25ERBS00002,ManagedElement=1,ENodeBFunction=1,EUtranCellFDD=LTE25ERBS00002-1,EUtranFreqRelation=1,EUtranCellRelation=31" lastModified="1287619266384" mimName="ERBS_NODE_MODEL" mimVersion="A.9.50.J.9.1">
    <attr name="isRemoveAllowed">false</attr>
    <attr name="neighborCellRef">SubNetwork=ONRM_RootMo_R,MeContext=LTE25ERBS00002,ManagedElement=1,ENodeBFunction=1,EUtraNetwork=1,ExternalENodeBFunction=3855,ExternalEUtranCellFDD=2</attr>
    <attr name="anrCreated">false</attr>
    <attr name="isHoAllowed">true</attr>
  </mo>
  <mo fdn="SubNetwork=ONRM_RootMo_R,MeContext=LTE25ERBS00002,ManagedElement=1,ENodeBFunction=1,EUtranCellFDD=LTE25ERBS00002-1,EUtranFreqRelation=1,EUtranCellRelation=32" lastModified="1287619266382" mimName="ERBS_NODE_MODEL" mimVersion="A.9.50.J.9.1">
    <attr name="isRemoveAllowed">false</attr>
    <attr name="neighborCellRef">SubNetwork=ONRM_RootMo_R,MeContext=LTE25ERBS00002,ManagedElement=1,ENodeBFunction=1,EUtraNetwork=1,ExternalENodeBFunction=3856,ExternalEUtranCellFDD=1</attr>
    <attr name="anrCreated">false</attr>
    <attr name="isHoAllowed">true</attr>
  </mo>
  <mo fdn="SubNetwork=ONRM_RootMo_R,MeContext=LTE25ERBS00002,ManagedElement=1,ENodeBFunction=1,EUtranCellFDD=LTE25ERBS00002-1,EUtranFreqRelation=1,EUtranCellRelation=33" lastModified="1287619266391" mimName="ERBS_NODE_MODEL" mimVersion="A.9.50.J.9.1">
    <attr name="isRemoveAllowed">false</attr>
    <attr name="neighborCellRef">SubNetwork=ONRM_RootMo_R,MeContext=LTE25ERBS00002,ManagedElement=1,ENodeBFunction=1,EUtraNetwork=1,ExternalENodeBFunction=3856,ExternalEUtranCellFDD=2</attr>
    <attr name="anrCreated">false</attr>
    <attr name="isHoAllowed">true</attr>
  </mo>
  <mo fdn="SubNetwork=ONRM_RootMo_R,MeContext=LTE25ERBS00002,ManagedElement=1,ENodeBFunction=1,EUtranCellFDD=LTE25ERBS00002-1,EUtranFreqRelation=1,EUtranCellRelation=4" lastModified="1287609951937" mimName="ERBS_NODE_MODEL" mimVersion="A.9.50.J.9.1">
    <attr name="isRemoveAllowed">false</attr>
    <attr name="neighborCellRef">SubNetwork=ONRM_RootMo_R,MeContext=LTE25ERBS00002,ManagedElement=1,ENodeBFunction=1,EUtraNetwork=1,ExternalENodeBFunction=3841,ExternalEUtranCellFDD=1</attr>
    <attr name="anrCreated">false</attr>
    <attr name="isHoAllowed">true</attr>
  </mo>
  <mo fdn="SubNetwork=ONRM_RootMo_R,MeContext=LTE25ERBS00002,ManagedElement=1,ENodeBFunction=1,EUtranCellFDD=LTE25ERBS00002-1,EUtranFreqRelation=1,EUtranCellRelation=5" lastModified="1287609951938" mimName="ERBS_NODE_MODEL" mimVersion="A.9.50.J.9.1">
    <attr name="isRemoveAllowed">false</attr>
    <attr name="neighborCellRef">SubNetwork=ONRM_RootMo_R,MeContext=LTE25ERBS00002,ManagedElement=1,ENodeBFunction=1,EUtraNetwork=1,ExternalENodeBFunction=3841,ExternalEUtranCellFDD=2</attr>
    <attr name="anrCreated">false</attr>
    <attr name="isHoAllowed">true</attr>
  </mo>
  <mo fdn="SubNetwork=ONRM_RootMo_R,MeContext=LTE25ERBS00002,ManagedElement=1,ENodeBFunction=1,EUtranCellFDD=LTE25ERBS00002-1,EUtranFreqRelation=1,EUtranCellRelation=6" lastModified="1287609951932" mimName="ERBS_NODE_MODEL" mimVersion="A.9.50.J.9.1">
    <attr name="isRemoveAllowed">false</attr>
    <attr name="neighborCellRef">SubNetwork=ONRM_RootMo_R,MeContext=LTE25ERBS00002,ManagedElement=1,ENodeBFunction=1,EUtraNetwork=1,ExternalENodeBFunction=3843,ExternalEUtranCellFDD=1</attr>
    <attr name="anrCreated">false</attr>
    <attr name="isHoAllowed">true</attr>
  </mo>
  <mo fdn="SubNetwork=ONRM_RootMo_R,MeContext=LTE25ERBS00002,ManagedElement=1,ENodeBFunction=1,EUtranCellFDD=LTE25ERBS00002-1,EUtranFreqRelation=1,EUtranCellRelation=7" lastModified="1287609951935" mimName="ERBS_NODE_MODEL" mimVersion="A.9.50.J.9.1">
    <attr name="isRemoveAllowed">false</attr>
    <attr name="neighborCellRef">SubNetwork=ONRM_RootMo_R,MeContext=LTE25ERBS00002,ManagedElement=1,ENodeBFunction=1,EUtraNetwork=1,ExternalENodeBFunction=3843,ExternalEUtranCellFDD=2</attr>
    <attr name="anrCreated">false</attr>
    <attr name="isHoAllowed">true</attr>
  </mo>
  <mo fdn="SubNetwork=ONRM_RootMo_R,MeContext=LTE25ERBS00002,ManagedElement=1,ENodeBFunction=1,EUtranCellFDD=LTE25ERBS00002-1,EUtranFreqRelation=1,EUtranCellRelation=8" lastModified="1287619266392" mimName="ERBS_NODE_MODEL" mimVersion="A.9.50.J.9.1">
    <attr name="isRemoveAllowed">false</attr>
    <attr name="neighborCellRef">SubNetwork=ONRM_RootMo_R,MeContext=LTE25ERBS00002,ManagedElement=1,ENodeBFunction=1,EUtraNetwork=1,ExternalENodeBFunction=3844,ExternalEUtranCellFDD=1</attr>
    <attr name="anrCreated">false</attr>
    <attr name="isHoAllowed">true</attr>
  </mo>
  <mo fdn="SubNetwork=ONRM_RootMo_R,MeContext=LTE25ERBS00002,ManagedElement=1,ENodeBFunction=1,EUtranCellFDD=LTE25ERBS00002-1,EUtranFreqRelation=1,EUtranCellRelation=9" lastModified="1287619266395" mimName="ERBS_NODE_MODEL" mimVersion="A.9.50.J.9.1">
    <attr name="isRemoveAllowed">false</attr>
    <attr name="neighborCellRef">SubNetwork=ONRM_RootMo_R,MeContext=LTE25ERBS00002,ManagedElement=1,ENodeBFunction=1,EUtraNetwork=1,ExternalENodeBFunction=3844,ExternalEUtranCellFDD=2</attr>
    <attr name="anrCreated">false</attr>
    <attr name="isHoAllowed">true</attr>
  </mo>
  <mo fdn="SubNetwork=ONRM_RootMo_R,MeContext=LTE25ERBS00002,ManagedElement=1,ENodeBFunction=1,EUtranCellFDD=LTE25ERBS00002-2" lastModified="1287631750426" mimName="ERBS_NODE_MODEL" mimVersion="A.9.50.J.9.1">
    <attr name="EUtranCellFDDId">LTE25ERBS00002-2</attr>
    <attr name="earfcnul">18000</attr>
    <attr name="cellId">2</attr>
    <attr name="tac">1</attr>
    <attr name="bPlmnList">
      <seq count="1">
        <item>
          <struct>
            <attr name="mcc">344</attr>
            <attr name="mnc">930</attr>
            <attr name="mncLength">2</attr>
          </struct>
        </item>
      </seq>
    </attr>
    <attr name="earfcndl">0</attr>
    <attr name="userLabel">LTE25ERBS00002-2</attr>
  </mo>
  <mo fdn="SubNetwork=ONRM_RootMo_R,MeContext=LTE25ERBS00002,ManagedElement=1,ENodeBFunction=1,EUtranCellFDD=LTE25ERBS00002-2,EUtranFreqRelation=1,EUtranCellRelation=1" lastModified="1287604808152" mimName="ERBS_NODE_MODEL" mimVersion="A.9.50.J.9.1">
    <attr name="isRemoveAllowed">false</attr>
    <attr name="neighborCellRef">SubNetwork=ONRM_RootMo_R,MeContext=LTE25ERBS00002,ManagedElement=1,ENodeBFunction=1,EUtranCellFDD=LTE25ERBS00002-1</attr>
    <attr name="anrCreated">false</attr>
    <attr name="isHoAllowed">true</attr>
  </mo>
  <mo fdn="SubNetwork=ONRM_RootMo_R,MeContext=LTE25ERBS00002,ManagedElement=1,ENodeBFunction=1,EUtranCellFDD=LTE25ERBS00002-2,EUtranFreqRelation=1,EUtranCellRelation=10" lastModified="1287619271220" mimName="ERBS_NODE_MODEL" mimVersion="A.9.50.J.9.1">
    <attr name="isRemoveAllowed">false</attr>
    <attr name="neighborCellRef">SubNetwork=ONRM_RootMo_R,MeContext=LTE25ERBS00002,ManagedElement=1,ENodeBFunction=1,EUtraNetwork=1,ExternalENodeBFunction=3845,ExternalEUtranCellFDD=1</attr>
    <attr name="anrCreated">false</attr>
    <attr name="isHoAllowed">true</attr>
  </mo>
  <mo fdn="SubNetwork=ONRM_RootMo_R,MeContext=LTE25ERBS00002,ManagedElement=1,ENodeBFunction=1,EUtranCellFDD=LTE25ERBS00002-2,EUtranFreqRelation=1,EUtranCellRelation=11" lastModified="1287619271218" mimName="ERBS_NODE_MODEL" mimVersion="A.9.50.J.9.1">
    <attr name="isRemoveAllowed">false</attr>
    <attr name="neighborCellRef">SubNetwork=ONRM_RootMo_R,MeContext=LTE25ERBS00002,ManagedElement=1,ENodeBFunction=1,EUtraNetwork=1,ExternalENodeBFunction=3845,ExternalEUtranCellFDD=2</attr>
    <attr name="anrCreated">false</attr>
    <attr name="isHoAllowed">true</attr>
  </mo>
  <mo fdn="SubNetwork=ONRM_RootMo_R,MeContext=LTE25ERBS00002,ManagedElement=1,ENodeBFunction=1,EUtranCellFDD=LTE25ERBS00002-2,EUtranFreqRelation=1,EUtranCellRelation=12" lastModified="1287619271215" mimName="ERBS_NODE_MODEL" mimVersion="A.9.50.J.9.1">
    <attr name="isRemoveAllowed">false</attr>
    <attr name="neighborCellRef">SubNetwork=ONRM_RootMo_R,MeContext=LTE25ERBS00002,ManagedElement=1,ENodeBFunction=1,EUtraNetwork=1,ExternalENodeBFunction=3846,ExternalEUtranCellFDD=1</attr>
    <attr name="anrCreated">false</attr>
    <attr name="isHoAllowed">true</attr>
  </mo>
  <mo fdn="SubNetwork=ONRM_RootMo_R,MeContext=LTE25ERBS00002,ManagedElement=1,ENodeBFunction=1,EUtranCellFDD=LTE25ERBS00002-2,EUtranFreqRelation=1,EUtranCellRelation=13" lastModified="1287619271211" mimName="ERBS_NODE_MODEL" mimVersion="A.9.50.J.9.1">
    <attr name="isRemoveAllowed">false</attr>
    <attr name="neighborCellRef">SubNetwork=ONRM_RootMo_R,MeContext=LTE25ERBS00002,ManagedElement=1,ENodeBFunction=1,EUtraNetwork=1,ExternalENodeBFunction=3846,ExternalEUtranCellFDD=2</attr>
    <attr name="anrCreated">false</attr>
    <attr name="isHoAllowed">true</attr>
  </mo>
  <mo fdn="SubNetwork=ONRM_RootMo_R,MeContext=LTE25ERBS00002,ManagedElement=1,ENodeBFunction=1,EUtranCellFDD=LTE25ERBS00002-2,EUtranFreqRelation=1,EUtranCellRelation=14" lastModified="1287619271204" mimName="ERBS_NODE_MODEL" mimVersion="A.9.50.J.9.1">
    <attr name="isRemoveAllowed">false</attr>
    <attr name="neighborCellRef">SubNetwork=ONRM_RootMo_R,MeContext=LTE25ERBS00002,ManagedElement=1,ENodeBFunction=1,EUtraNetwork=1,ExternalENodeBFunction=3847,ExternalEUtranCellFDD=1</attr>
    <attr name="anrCreated">false</attr>
    <attr name="isHoAllowed">true</attr>
  </mo>
  <mo fdn="SubNetwork=ONRM_RootMo_R,MeContext=LTE25ERBS00002,ManagedElement=1,ENodeBFunction=1,EUtranCellFDD=LTE25ERBS00002-2,EUtranFreqRelation=1,EUtranCellRelation=15" lastModified="1287619271232" mimName="ERBS_NODE_MODEL" mimVersion="A.9.50.J.9.1">
    <attr name="isRemoveAllowed">false</attr>
    <attr name="neighborCellRef">SubNetwork=ONRM_RootMo_R,MeContext=LTE25ERBS00002,ManagedElement=1,ENodeBFunction=1,EUtraNetwork=1,ExternalENodeBFunction=3847,ExternalEUtranCellFDD=2</attr>
    <attr name="anrCreated">false</attr>
    <attr name="isHoAllowed">true</attr>
  </mo>
  <mo fdn="SubNetwork=ONRM_RootMo_R,MeContext=LTE25ERBS00002,ManagedElement=1,ENodeBFunction=1,EUtranCellFDD=LTE25ERBS00002-2,EUtranFreqRelation=1,EUtranCellRelation=16" lastModified="1287609951742" mimName="ERBS_NODE_MODEL" mimVersion="A.9.50.J.9.1">
    <attr name="isRemoveAllowed">false</attr>
    <attr name="neighborCellRef">SubNetwork=ONRM_RootMo_R,MeContext=LTE25ERBS00002,ManagedElement=1,ENodeBFunction=1,EUtraNetwork=1,ExternalENodeBFunction=3848,ExternalEUtranCellFDD=1</attr>
    <attr name="anrCreated">false</attr>
    <attr name="isHoAllowed">true</attr>
  </mo>
  <mo fdn="SubNetwork=ONRM_RootMo_R,MeContext=LTE25ERBS00002,ManagedElement=1,ENodeBFunction=1,EUtranCellFDD=LTE25ERBS00002-2,EUtranFreqRelation=1,EUtranCellRelation=17" lastModified="1287609951740" mimName="ERBS_NODE_MODEL" mimVersion="A.9.50.J.9.1">
    <attr name="isRemoveAllowed">false</attr>
    <attr name="neighborCellRef">SubNetwork=ONRM_RootMo_R,MeContext=LTE25ERBS00002,ManagedElement=1,ENodeBFunction=1,EUtraNetwork=1,ExternalENodeBFunction=3848,ExternalEUtranCellFDD=2</attr>
    <attr name="anrCreated">false</attr>
    <attr name="isHoAllowed">true</attr>
  </mo>
  <mo fdn="SubNetwork=ONRM_RootMo_R,MeContext=LTE25ERBS00002,ManagedElement=1,ENodeBFunction=1,EUtranCellFDD=LTE25ERBS00002-2,EUtranFreqRelation=1,EUtranCellRelation=18" lastModified="1287619271230" mimName="ERBS_NODE_MODEL" mimVersion="A.9.50.J.9.1">
    <attr name="isRemoveAllowed">false</attr>
    <attr name="neighborCellRef">SubNetwork=ONRM_RootMo_R,MeContext=LTE25ERBS00002,ManagedElement=1,ENodeBFunction=1,EUtraNetwork=1,ExternalENodeBFunction=3849,ExternalEUtranCellFDD=1</attr>
    <attr name="anrCreated">false</attr>
    <attr name="isHoAllowed">true</attr>
  </mo>
  <mo fdn="SubNetwork=ONRM_RootMo_R,MeContext=LTE25ERBS00002,ManagedElement=1,ENodeBFunction=1,EUtranCellFDD=LTE25ERBS00002-2,EUtranFreqRelation=1,EUtranCellRelation=19" lastModified="1287619271226" mimName="ERBS_NODE_MODEL" mimVersion="A.9.50.J.9.1">
    <attr name="isRemoveAllowed">false</attr>
    <attr name="neighborCellRef">SubNetwork=ONRM_RootMo_R,MeContext=LTE25ERBS00002,ManagedElement=1,ENodeBFunction=1,EUtraNetwork=1,ExternalENodeBFunction=3849,ExternalEUtranCellFDD=2</attr>
    <attr name="anrCreated">false</attr>
    <attr name="isHoAllowed">true</attr>
  </mo>
  <mo fdn="SubNetwork=ONRM_RootMo_R,MeContext=LTE25ERBS00002,ManagedElement=1,ENodeBFunction=1,EUtranCellFDD=LTE25ERBS00002-2,EUtranFreqRelation=1,EUtranCellRelation=2" lastModified="1287604808142" mimName="ERBS_NODE_MODEL" mimVersion="A.9.50.J.9.1">
    <attr name="isRemoveAllowed">false</attr>
    <attr name="neighborCellRef">SubNetwork=ONRM_RootMo_R,MeContext=LTE25ERBS00002,ManagedElement=1,ENodeBFunction=1,EUtranCellFDD=LTE25ERBS00002-3</attr>
    <attr name="anrCreated">false</attr>
    <attr name="isHoAllowed">true</attr>
  </mo>
  <mo fdn="SubNetwork=ONRM_RootMo_R,MeContext=LTE25ERBS00002,ManagedElement=1,ENodeBFunction=1,EUtranCellFDD=LTE25ERBS00002-2,EUtranFreqRelation=1,EUtranCellRelation=20" lastModified="1287619271197" mimName="ERBS_NODE_MODEL" mimVersion="A.9.50.J.9.1">
    <attr name="isRemoveAllowed">false</attr>
    <attr name="neighborCellRef">SubNetwork=ONRM_RootMo_R,MeContext=LTE25ERBS00002,ManagedElement=1,ENodeBFunction=1,EUtraNetwork=1,ExternalENodeBFunction=3850,ExternalEUtranCellFDD=1</attr>
    <attr name="anrCreated">false</attr>
    <attr name="isHoAllowed">true</attr>
  </mo>
  <mo fdn="SubNetwork=ONRM_RootMo_R,MeContext=LTE25ERBS00002,ManagedElement=1,ENodeBFunction=1,EUtranCellFDD=LTE25ERBS00002-2,EUtranFreqRelation=1,EUtranCellRelation=21" lastModified="1287619271196" mimName="ERBS_NODE_MODEL" mimVersion="A.9.50.J.9.1">
    <attr name="isRemoveAllowed">false</attr>
    <attr name="neighborCellRef">SubNetwork=ONRM_RootMo_R,MeContext=LTE25ERBS00002,ManagedElement=1,ENodeBFunction=1,EUtraNetwork=1,ExternalENodeBFunction=3850,ExternalEUtranCellFDD=2</attr>
    <attr name="anrCreated">false</attr>
    <attr name="isHoAllowed">true</attr>
  </mo>
  <mo fdn="SubNetwork=ONRM_RootMo_R,MeContext=LTE25ERBS00002,ManagedElement=1,ENodeBFunction=1,EUtranCellFDD=LTE25ERBS00002-2,EUtranFreqRelation=1,EUtranCellRelation=22" lastModified="1287619271190" mimName="ERBS_NODE_MODEL" mimVersion="A.9.50.J.9.1">
    <attr name="isRemoveAllowed">false</attr>
    <attr name="neighborCellRef">SubNetwork=ONRM_RootMo_R,MeContext=LTE25ERBS00002,ManagedElement=1,ENodeBFunction=1,EUtraNetwork=1,ExternalENodeBFunction=3851,ExternalEUtranCellFDD=1</attr>
    <attr name="anrCreated">false</attr>
    <attr name="isHoAllowed">true</attr>
  </mo>
  <mo fdn="SubNetwork=ONRM_RootMo_R,MeContext=LTE25ERBS00002,ManagedElement=1,ENodeBFunction=1,EUtranCellFDD=LTE25ERBS00002-2,EUtranFreqRelation=1,EUtranCellRelation=23" lastModified="1287619271173" mimName="ERBS_NODE_MODEL" mimVersion="A.9.50.J.9.1">
    <attr name="isRemoveAllowed">false</attr>
    <attr name="neighborCellRef">SubNetwork=ONRM_RootMo_R,MeContext=LTE25ERBS00002,ManagedElement=1,ENodeBFunction=1,EUtraNetwork=1,ExternalENodeBFunction=3851,ExternalEUtranCellFDD=2</attr>
    <attr name="anrCreated">false</attr>
    <attr name="isHoAllowed">true</attr>
  </mo>
  <mo fdn="SubNetwork=ONRM_RootMo_R,MeContext=LTE25ERBS00002,ManagedElement=1,ENodeBFunction=1,EUtranCellFDD=LTE25ERBS00002-2,EUtranFreqRelation=1,EUtranCellRelation=24" lastModified="1287619271194" mimName="ERBS_NODE_MODEL" mimVersion="A.9.50.J.9.1">
    <attr name="isRemoveAllowed">false</attr>
    <attr name="neighborCellRef">SubNetwork=ONRM_RootMo_R,MeContext=LTE25ERBS00002,ManagedElement=1,ENodeBFunction=1,EUtraNetwork=1,ExternalENodeBFunction=3852,ExternalEUtranCellFDD=1</attr>
    <attr name="anrCreated">false</attr>
    <attr name="isHoAllowed">true</attr>
  </mo>
  <mo fdn="SubNetwork=ONRM_RootMo_R,MeContext=LTE25ERBS00002,ManagedElement=1,ENodeBFunction=1,EUtranCellFDD=LTE25ERBS00002-2,EUtranFreqRelation=1,EUtranCellRelation=25" lastModified="1287619271192" mimName="ERBS_NODE_MODEL" mimVersion="A.9.50.J.9.1">
    <attr name="isRemoveAllowed">false</attr>
    <attr name="neighborCellRef">SubNetwork=ONRM_RootMo_R,MeContext=LTE25ERBS00002,ManagedElement=1,ENodeBFunction=1,EUtraNetwork=1,ExternalENodeBFunction=3852,ExternalEUtranCellFDD=2</attr>
    <attr name="anrCreated">false</attr>
    <attr name="isHoAllowed">true</attr>
  </mo>
  <mo fdn="SubNetwork=ONRM_RootMo_R,MeContext=LTE25ERBS00002,ManagedElement=1,ENodeBFunction=1,EUtranCellFDD=LTE25ERBS00002-2,EUtranFreqRelation=1,EUtranCellRelation=26" lastModified="1287619271200" mimName="ERBS_NODE_MODEL" mimVersion="A.9.50.J.9.1">
    <attr name="isRemoveAllowed">false</attr>
    <attr name="neighborCellRef">SubNetwork=ONRM_RootMo_R,MeContext=LTE25ERBS00002,ManagedElement=1,ENodeBFunction=1,EUtraNetwork=1,ExternalENodeBFunction=3853,ExternalEUtranCellFDD=1</attr>
    <attr name="anrCreated">false</attr>
    <attr name="isHoAllowed">true</attr>
  </mo>
  <mo fdn="SubNetwork=ONRM_RootMo_R,MeContext=LTE25ERBS00002,ManagedElement=1,ENodeBFunction=1,EUtranCellFDD=LTE25ERBS00002-2,EUtranFreqRelation=1,EUtranCellRelation=27" lastModified="1287619271199" mimName="ERBS_NODE_MODEL" mimVersion="A.9.50.J.9.1">
    <attr name="isRemoveAllowed">false</attr>
    <attr name="neighborCellRef">SubNetwork=ONRM_RootMo_R,MeContext=LTE25ERBS00002,ManagedElement=1,ENodeBFunction=1,EUtraNetwork=1,ExternalENodeBFunction=3853,ExternalEUtranCellFDD=2</attr>
    <attr name="anrCreated">false</attr>
    <attr name="isHoAllowed">true</attr>
  </mo>
  <mo fdn="SubNetwork=ONRM_RootMo_R,MeContext=LTE25ERBS00002,ManagedElement=1,ENodeBFunction=1,EUtranCellFDD=LTE25ERBS00002-2,EUtranFreqRelation=1,EUtranCellRelation=28" lastModified="1287619271203" mimName="ERBS_NODE_MODEL" mimVersion="A.9.50.J.9.1">
    <attr name="isRemoveAllowed">false</attr>
    <attr name="neighborCellRef">SubNetwork=ONRM_RootMo_R,MeContext=LTE25ERBS00002,ManagedElement=1,ENodeBFunction=1,EUtraNetwork=1,ExternalENodeBFunction=3854,ExternalEUtranCellFDD=1</attr>
    <attr name="anrCreated">false</attr>
    <attr name="isHoAllowed">true</attr>
  </mo>
  <mo fdn="SubNetwork=ONRM_RootMo_R,MeContext=LTE25ERBS00002,ManagedElement=1,ENodeBFunction=1,EUtranCellFDD=LTE25ERBS00002-2,EUtranFreqRelation=1,EUtranCellRelation=29" lastModified="1287619271201" mimName="ERBS_NODE_MODEL" mimVersion="A.9.50.J.9.1">
    <attr name="isRemoveAllowed">false</attr>
    <attr name="neighborCellRef">SubNetwork=ONRM_RootMo_R,MeContext=LTE25ERBS00002,ManagedElement=1,ENodeBFunction=1,EUtraNetwork=1,ExternalENodeBFunction=3854,ExternalEUtranCellFDD=2</attr>
    <attr name="anrCreated">false</attr>
    <attr name="isHoAllowed">true</attr>
  </mo>
  <mo fdn="SubNetwork=ONRM_RootMo_R,MeContext=LTE25ERBS00002,ManagedElement=1,ENodeBFunction=1,EUtranCellFDD=LTE25ERBS00002-2,EUtranFreqRelation=1,EUtranCellRelation=3" lastModified="1287604808133" mimName="ERBS_NODE_MODEL" mimVersion="A.9.50.J.9.1">
    <attr name="isRemoveAllowed">false</attr>
    <attr name="neighborCellRef">SubNetwork=ONRM_RootMo_R,MeContext=LTE25ERBS00002,ManagedElement=1,ENodeBFunction=1,EUtranCellFDD=LTE25ERBS00002-4</attr>
    <attr name="anrCreated">false</attr>
    <attr name="isHoAllowed">true</attr>
  </mo>
  <mo fdn="SubNetwork=ONRM_RootMo_R,MeContext=LTE25ERBS00002,ManagedElement=1,ENodeBFunction=1,EUtranCellFDD=LTE25ERBS00002-2,EUtranFreqRelation=1,EUtranCellRelation=30" lastModified="1287619271212" mimName="ERBS_NODE_MODEL" mimVersion="A.9.50.J.9.1">
    <attr name="isRemoveAllowed">false</attr>
    <attr name="neighborCellRef">SubNetwork=ONRM_RootMo_R,MeContext=LTE25ERBS00002,ManagedElement=1,ENodeBFunction=1,EUtraNetwork=1,ExternalENodeBFunction=3855,ExternalEUtranCellFDD=1</attr>
    <attr name="anrCreated">false</attr>
    <attr name="isHoAllowed">true</attr>
  </mo>
  <mo fdn="SubNetwork=ONRM_RootMo_R,MeContext=LTE25ERBS00002,ManagedElement=1,ENodeBFunction=1,EUtranCellFDD=LTE25ERBS00002-2,EUtranFreqRelation=1,EUtranCellRelation=31" lastModified="1287619271209" mimName="ERBS_NODE_MODEL" mimVersion="A.9.50.J.9.1">
    <attr name="isRemoveAllowed">false</attr>
    <attr name="neighborCellRef">SubNetwork=ONRM_RootMo_R,MeContext=LTE25ERBS00002,ManagedElement=1,ENodeBFunction=1,EUtraNetwork=1,ExternalENodeBFunction=3855,ExternalEUtranCellFDD=2</attr>
    <attr name="anrCreated">false</attr>
    <attr name="isHoAllowed">true</attr>
  </mo>
  <mo fdn="SubNetwork=ONRM_RootMo_R,MeContext=LTE25ERBS00002,ManagedElement=1,ENodeBFunction=1,EUtranCellFDD=LTE25ERBS00002-2,EUtranFreqRelation=1,EUtranCellRelation=32" lastModified="1287619271206" mimName="ERBS_NODE_MODEL" mimVersion="A.9.50.J.9.1">
    <attr name="isRemoveAllowed">false</attr>
    <attr name="neighborCellRef">SubNetwork=ONRM_RootMo_R,MeContext=LTE25ERBS00002,ManagedElement=1,ENodeBFunction=1,EUtraNetwork=1,ExternalENodeBFunction=3856,ExternalEUtranCellFDD=1</attr>
    <attr name="anrCreated">false</attr>
    <attr name="isHoAllowed">true</attr>
  </mo>
  <mo fdn="SubNetwork=ONRM_RootMo_R,MeContext=LTE25ERBS00002,ManagedElement=1,ENodeBFunction=1,EUtranCellFDD=LTE25ERBS00002-2,EUtranFreqRelation=1,EUtranCellRelation=33" lastModified="1287619271221" mimName="ERBS_NODE_MODEL" mimVersion="A.9.50.J.9.1">
    <attr name="isRemoveAllowed">false</attr>
    <attr name="neighborCellRef">SubNetwork=ONRM_RootMo_R,MeContext=LTE25ERBS00002,ManagedElement=1,ENodeBFunction=1,EUtraNetwork=1,ExternalENodeBFunction=3856,ExternalEUtranCellFDD=2</attr>
    <attr name="anrCreated">false</attr>
    <attr name="isHoAllowed">true</attr>
  </mo>
  <mo fdn="SubNetwork=ONRM_RootMo_R,MeContext=LTE25ERBS00002,ManagedElement=1,ENodeBFunction=1,EUtranCellFDD=LTE25ERBS00002-2,EUtranFreqRelation=1,EUtranCellRelation=4" lastModified="1287609951743" mimName="ERBS_NODE_MODEL" mimVersion="A.9.50.J.9.1">
    <attr name="isRemoveAllowed">false</attr>
    <attr name="neighborCellRef">SubNetwork=ONRM_RootMo_R,MeContext=LTE25ERBS00002,ManagedElement=1,ENodeBFunction=1,EUtraNetwork=1,ExternalENodeBFunction=3841,ExternalEUtranCellFDD=1</attr>
    <attr name="anrCreated">false</attr>
    <attr name="isHoAllowed">true</attr>
  </mo>
  <mo fdn="SubNetwork=ONRM_RootMo_R,MeContext=LTE25ERBS00002,ManagedElement=1,ENodeBFunction=1,EUtranCellFDD=LTE25ERBS00002-2,EUtranFreqRelation=1,EUtranCellRelation=5" lastModified="1287609951745" mimName="ERBS_NODE_MODEL" mimVersion="A.9.50.J.9.1">
    <attr name="isRemoveAllowed">false</attr>
    <attr name="neighborCellRef">SubNetwork=ONRM_RootMo_R,MeContext=LTE25ERBS00002,ManagedElement=1,ENodeBFunction=1,EUtraNetwork=1,ExternalENodeBFunction=3841,ExternalEUtranCellFDD=2</attr>
    <attr name="anrCreated">false</attr>
    <attr name="isHoAllowed">true</attr>
  </mo>
  <mo fdn="SubNetwork=ONRM_RootMo_R,MeContext=LTE25ERBS00002,ManagedElement=1,ENodeBFunction=1,EUtranCellFDD=LTE25ERBS00002-2,EUtranFreqRelation=1,EUtranCellRelation=6" lastModified="1287609951738" mimName="ERBS_NODE_MODEL" mimVersion="A.9.50.J.9.1">
    <attr name="isRemoveAllowed">false</attr>
    <attr name="neighborCellRef">SubNetwork=ONRM_RootMo_R,MeContext=LTE25ERBS00002,ManagedElement=1,ENodeBFunction=1,EUtraNetwork=1,ExternalENodeBFunction=3843,ExternalEUtranCellFDD=1</attr>
    <attr name="anrCreated">false</attr>
    <attr name="isHoAllowed">true</attr>
  </mo>
  <mo fdn="SubNetwork=ONRM_RootMo_R,MeContext=LTE25ERBS00002,ManagedElement=1,ENodeBFunction=1,EUtranCellFDD=LTE25ERBS00002-2,EUtranFreqRelation=1,EUtranCellRelation=7" lastModified="1287609951741" mimName="ERBS_NODE_MODEL" mimVersion="A.9.50.J.9.1">
    <attr name="isRemoveAllowed">false</attr>
    <attr name="neighborCellRef">SubNetwork=ONRM_RootMo_R,MeContext=LTE25ERBS00002,ManagedElement=1,ENodeBFunction=1,EUtraNetwork=1,ExternalENodeBFunction=3843,ExternalEUtranCellFDD=2</attr>
    <attr name="anrCreated">false</attr>
    <attr name="isHoAllowed">true</attr>
  </mo>
  <mo fdn="SubNetwork=ONRM_RootMo_R,MeContext=LTE25ERBS00002,ManagedElement=1,ENodeBFunction=1,EUtranCellFDD=LTE25ERBS00002-2,EUtranFreqRelation=1,EUtranCellRelation=8" lastModified="1287619271225" mimName="ERBS_NODE_MODEL" mimVersion="A.9.50.J.9.1">
    <attr name="isRemoveAllowed">false</attr>
    <attr name="neighborCellRef">SubNetwork=ONRM_RootMo_R,MeContext=LTE25ERBS00002,ManagedElement=1,ENodeBFunction=1,EUtraNetwork=1,ExternalENodeBFunction=3844,ExternalEUtranCellFDD=1</attr>
    <attr name="anrCreated">false</attr>
    <attr name="isHoAllowed">true</attr>
  </mo>
  <mo fdn="SubNetwork=ONRM_RootMo_R,MeContext=LTE25ERBS00002,ManagedElement=1,ENodeBFunction=1,EUtranCellFDD=LTE25ERBS00002-2,EUtranFreqRelation=1,EUtranCellRelation=9" lastModified="1287619271228" mimName="ERBS_NODE_MODEL" mimVersion="A.9.50.J.9.1">
    <attr name="isRemoveAllowed">false</attr>
    <attr name="neighborCellRef">SubNetwork=ONRM_RootMo_R,MeContext=LTE25ERBS00002,ManagedElement=1,ENodeBFunction=1,EUtraNetwork=1,ExternalENodeBFunction=3844,ExternalEUtranCellFDD=2</attr>
    <attr name="anrCreated">false</attr>
    <attr name="isHoAllowed">true</attr>
  </mo>
  <mo fdn="SubNetwork=ONRM_RootMo_R,MeContext=LTE25ERBS00002,ManagedElement=1,ENodeBFunction=1,EUtranCellFDD=LTE25ERBS00002-3" lastModified="1287631749543" mimName="ERBS_NODE_MODEL" mimVersion="A.9.50.J.9.1">
    <attr name="EUtranCellFDDId">LTE25ERBS00002-3</attr>
    <attr name="earfcnul">18000</attr>
    <attr name="cellId">3</attr>
    <attr name="tac">1</attr>
    <attr name="bPlmnList">
      <seq count="1">
        <item>
          <struct>
            <attr name="mcc">344</attr>
            <attr name="mnc">930</attr>
            <attr name="mncLength">2</attr>
          </struct>
        </item>
      </seq>
    </attr>
    <attr name="earfcndl">0</attr>
    <attr name="userLabel">LTE25ERBS00002-3</attr>
  </mo>
  <mo fdn="SubNetwork=ONRM_RootMo_R,MeContext=LTE25ERBS00002,ManagedElement=1,ENodeBFunction=1,EUtranCellFDD=LTE25ERBS00002-3,EUtranFreqRelation=1,EUtranCellRelation=1" lastModified="1287604808034" mimName="ERBS_NODE_MODEL" mimVersion="A.9.50.J.9.1">
    <attr name="isRemoveAllowed">false</attr>
    <attr name="neighborCellRef">SubNetwork=ONRM_RootMo_R,MeContext=LTE25ERBS00002,ManagedElement=1,ENodeBFunction=1,EUtranCellFDD=LTE25ERBS00002-1</attr>
    <attr name="anrCreated">false</attr>
    <attr name="isHoAllowed">true</attr>
  </mo>
  <mo fdn="SubNetwork=ONRM_RootMo_R,MeContext=LTE25ERBS00002,ManagedElement=1,ENodeBFunction=1,EUtranCellFDD=LTE25ERBS00002-3,EUtranFreqRelation=1,EUtranCellRelation=10" lastModified="1287619269828" mimName="ERBS_NODE_MODEL" mimVersion="A.9.50.J.9.1">
    <attr name="isRemoveAllowed">false</attr>
    <attr name="neighborCellRef">SubNetwork=ONRM_RootMo_R,MeContext=LTE25ERBS00002,ManagedElement=1,ENodeBFunction=1,EUtraNetwork=1,ExternalENodeBFunction=3845,ExternalEUtranCellFDD=3</attr>
    <attr name="anrCreated">false</attr>
    <attr name="isHoAllowed">true</attr>
  </mo>
  <mo fdn="SubNetwork=ONRM_RootMo_R,MeContext=LTE25ERBS00002,ManagedElement=1,ENodeBFunction=1,EUtranCellFDD=LTE25ERBS00002-3,EUtranFreqRelation=1,EUtranCellRelation=11" lastModified="1287619269826" mimName="ERBS_NODE_MODEL" mimVersion="A.9.50.J.9.1">
    <attr name="isRemoveAllowed">false</attr>
    <attr name="neighborCellRef">SubNetwork=ONRM_RootMo_R,MeContext=LTE25ERBS00002,ManagedElement=1,ENodeBFunction=1,EUtraNetwork=1,ExternalENodeBFunction=3845,ExternalEUtranCellFDD=4</attr>
    <attr name="anrCreated">false</attr>
    <attr name="isHoAllowed">true</attr>
  </mo>
  <mo fdn="SubNetwork=ONRM_RootMo_R,MeContext=LTE25ERBS00002,ManagedElement=1,ENodeBFunction=1,EUtranCellFDD=LTE25ERBS00002-3,EUtranFreqRelation=1,EUtranCellRelation=12" lastModified="1287619269825" mimName="ERBS_NODE_MODEL" mimVersion="A.9.50.J.9.1">
    <attr name="isRemoveAllowed">false</attr>
    <attr name="neighborCellRef">SubNetwork=ONRM_RootMo_R,MeContext=LTE25ERBS00002,ManagedElement=1,ENodeBFunction=1,EUtraNetwork=1,ExternalENodeBFunction=3846,ExternalEUtranCellFDD=3</attr>
    <attr name="anrCreated">false</attr>
    <attr name="isHoAllowed">true</attr>
  </mo>
  <mo fdn="SubNetwork=ONRM_RootMo_R,MeContext=LTE25ERBS00002,ManagedElement=1,ENodeBFunction=1,EUtranCellFDD=LTE25ERBS00002-3,EUtranFreqRelation=1,EUtranCellRelation=13" lastModified="1287619269823" mimName="ERBS_NODE_MODEL" mimVersion="A.9.50.J.9.1">
    <attr name="isRemoveAllowed">false</attr>
    <attr name="neighborCellRef">SubNetwork=ONRM_RootMo_R,MeContext=LTE25ERBS00002,ManagedElement=1,ENodeBFunction=1,EUtraNetwork=1,ExternalENodeBFunction=3846,ExternalEUtranCellFDD=4</attr>
    <attr name="anrCreated">false</attr>
    <attr name="isHoAllowed">true</attr>
  </mo>
  <mo fdn="SubNetwork=ONRM_RootMo_R,MeContext=LTE25ERBS00002,ManagedElement=1,ENodeBFunction=1,EUtranCellFDD=LTE25ERBS00002-3,EUtranFreqRelation=1,EUtranCellRelation=14" lastModified="1287619269820" mimName="ERBS_NODE_MODEL" mimVersion="A.9.50.J.9.1">
    <attr name="isRemoveAllowed">false</attr>
    <attr name="neighborCellRef">SubNetwork=ONRM_RootMo_R,MeContext=LTE25ERBS00002,ManagedElement=1,ENodeBFunction=1,EUtraNetwork=1,ExternalENodeBFunction=3847,ExternalEUtranCellFDD=3</attr>
    <attr name="anrCreated">false</attr>
    <attr name="isHoAllowed">true</attr>
  </mo>
  <mo fdn="SubNetwork=ONRM_RootMo_R,MeContext=LTE25ERBS00002,ManagedElement=1,ENodeBFunction=1,EUtranCellFDD=LTE25ERBS00002-3,EUtranFreqRelation=1,EUtranCellRelation=15" lastModified="1287619269838" mimName="ERBS_NODE_MODEL" mimVersion="A.9.50.J.9.1">
    <attr name="isRemoveAllowed">false</attr>
    <attr name="neighborCellRef">SubNetwork=ONRM_RootMo_R,MeContext=LTE25ERBS00002,ManagedElement=1,ENodeBFunction=1,EUtraNetwork=1,ExternalENodeBFunction=3847,ExternalEUtranCellFDD=4</attr>
    <attr name="anrCreated">false</attr>
    <attr name="isHoAllowed">true</attr>
  </mo>
  <mo fdn="SubNetwork=ONRM_RootMo_R,MeContext=LTE25ERBS00002,ManagedElement=1,ENodeBFunction=1,EUtranCellFDD=LTE25ERBS00002-3,EUtranFreqRelation=1,EUtranCellRelation=16" lastModified="1287609951547" mimName="ERBS_NODE_MODEL" mimVersion="A.9.50.J.9.1">
    <attr name="isRemoveAllowed">false</attr>
    <attr name="neighborCellRef">SubNetwork=ONRM_RootMo_R,MeContext=LTE25ERBS00002,ManagedElement=1,ENodeBFunction=1,EUtraNetwork=1,ExternalENodeBFunction=3848,ExternalEUtranCellFDD=3</attr>
    <attr name="anrCreated">false</attr>
    <attr name="isHoAllowed">true</attr>
  </mo>
  <mo fdn="SubNetwork=ONRM_RootMo_R,MeContext=LTE25ERBS00002,ManagedElement=1,ENodeBFunction=1,EUtranCellFDD=LTE25ERBS00002-3,EUtranFreqRelation=1,EUtranCellRelation=17" lastModified="1287609951544" mimName="ERBS_NODE_MODEL" mimVersion="A.9.50.J.9.1">
    <attr name="isRemoveAllowed">false</attr>
    <attr name="neighborCellRef">SubNetwork=ONRM_RootMo_R,MeContext=LTE25ERBS00002,ManagedElement=1,ENodeBFunction=1,EUtraNetwork=1,ExternalENodeBFunction=3848,ExternalEUtranCellFDD=4</attr>
    <attr name="anrCreated">false</attr>
    <attr name="isHoAllowed">true</attr>
  </mo>
  <mo fdn="SubNetwork=ONRM_RootMo_R,MeContext=LTE25ERBS00002,ManagedElement=1,ENodeBFunction=1,EUtranCellFDD=LTE25ERBS00002-3,EUtranFreqRelation=1,EUtranCellRelation=18" lastModified="1287619269836" mimName="ERBS_NODE_MODEL" mimVersion="A.9.50.J.9.1">
    <attr name="isRemoveAllowed">false</attr>
    <attr name="neighborCellRef">SubNetwork=ONRM_RootMo_R,MeContext=LTE25ERBS00002,ManagedElement=1,ENodeBFunction=1,EUtraNetwork=1,ExternalENodeBFunction=3849,ExternalEUtranCellFDD=3</attr>
    <attr name="anrCreated">false</attr>
    <attr name="isHoAllowed">true</attr>
  </mo>
  <mo fdn="SubNetwork=ONRM_RootMo_R,MeContext=LTE25ERBS00002,ManagedElement=1,ENodeBFunction=1,EUtranCellFDD=LTE25ERBS00002-3,EUtranFreqRelation=1,EUtranCellRelation=19" lastModified="1287619269832" mimName="ERBS_NODE_MODEL" mimVersion="A.9.50.J.9.1">
    <attr name="isRemoveAllowed">false</attr>
    <attr name="neighborCellRef">SubNetwork=ONRM_RootMo_R,MeContext=LTE25ERBS00002,ManagedElement=1,ENodeBFunction=1,EUtraNetwork=1,ExternalENodeBFunction=3849,ExternalEUtranCellFDD=4</attr>
    <attr name="anrCreated">false</attr>
    <attr name="isHoAllowed">true</attr>
  </mo>
  <mo fdn="SubNetwork=ONRM_RootMo_R,MeContext=LTE25ERBS00002,ManagedElement=1,ENodeBFunction=1,EUtranCellFDD=LTE25ERBS00002-3,EUtranFreqRelation=1,EUtranCellRelation=2" lastModified="1287604806735" mimName="ERBS_NODE_MODEL" mimVersion="A.9.50.J.9.1">
    <attr name="isRemoveAllowed">false</attr>
    <attr name="neighborCellRef">SubNetwork=ONRM_RootMo_R,MeContext=LTE25ERBS00002,ManagedElement=1,ENodeBFunction=1,EUtranCellFDD=LTE25ERBS00002-2</attr>
    <attr name="anrCreated">false</attr>
    <attr name="isHoAllowed">true</attr>
  </mo>
  <mo fdn="SubNetwork=ONRM_RootMo_R,MeContext=LTE25ERBS00002,ManagedElement=1,ENodeBFunction=1,EUtranCellFDD=LTE25ERBS00002-3,EUtranFreqRelation=1,EUtranCellRelation=20" lastModified="1287619269814" mimName="ERBS_NODE_MODEL" mimVersion="A.9.50.J.9.1">
    <attr name="isRemoveAllowed">false</attr>
    <attr name="neighborCellRef">SubNetwork=ONRM_RootMo_R,MeContext=LTE25ERBS00002,ManagedElement=1,ENodeBFunction=1,EUtraNetwork=1,ExternalENodeBFunction=3850,ExternalEUtranCellFDD=3</attr>
    <attr name="anrCreated">false</attr>
    <attr name="isHoAllowed">true</attr>
  </mo>
  <mo fdn="SubNetwork=ONRM_RootMo_R,MeContext=LTE25ERBS00002,ManagedElement=1,ENodeBFunction=1,EUtranCellFDD=LTE25ERBS00002-3,EUtranFreqRelation=1,EUtranCellRelation=21" lastModified="1287619269811" mimName="ERBS_NODE_MODEL" mimVersion="A.9.50.J.9.1">
    <attr name="isRemoveAllowed">false</attr>
    <attr name="neighborCellRef">SubNetwork=ONRM_RootMo_R,MeContext=LTE25ERBS00002,ManagedElement=1,ENodeBFunction=1,EUtraNetwork=1,ExternalENodeBFunction=3850,ExternalEUtranCellFDD=4</attr>
    <attr name="anrCreated">false</attr>
    <attr name="isHoAllowed">true</attr>
  </mo>
  <mo fdn="SubNetwork=ONRM_RootMo_R,MeContext=LTE25ERBS00002,ManagedElement=1,ENodeBFunction=1,EUtranCellFDD=LTE25ERBS00002-3,EUtranFreqRelation=1,EUtranCellRelation=22" lastModified="1287619269806" mimName="ERBS_NODE_MODEL" mimVersion="A.9.50.J.9.1">
    <attr name="isRemoveAllowed">false</attr>
    <attr name="neighborCellRef">SubNetwork=ONRM_RootMo_R,MeContext=LTE25ERBS00002,ManagedElement=1,ENodeBFunction=1,EUtraNetwork=1,ExternalENodeBFunction=3851,ExternalEUtranCellFDD=3</attr>
    <attr name="anrCreated">false</attr>
    <attr name="isHoAllowed">true</attr>
  </mo>
  <mo fdn="SubNetwork=ONRM_RootMo_R,MeContext=LTE25ERBS00002,ManagedElement=1,ENodeBFunction=1,EUtranCellFDD=LTE25ERBS00002-3,EUtranFreqRelation=1,EUtranCellRelation=23" lastModified="1287619269792" mimName="ERBS_NODE_MODEL" mimVersion="A.9.50.J.9.1">
    <attr name="isRemoveAllowed">false</attr>
    <attr name="neighborCellRef">SubNetwork=ONRM_RootMo_R,MeContext=LTE25ERBS00002,ManagedElement=1,ENodeBFunction=1,EUtraNetwork=1,ExternalENodeBFunction=3851,ExternalEUtranCellFDD=4</attr>
    <attr name="anrCreated">false</attr>
    <attr name="isHoAllowed">true</attr>
  </mo>
  <mo fdn="SubNetwork=ONRM_RootMo_R,MeContext=LTE25ERBS00002,ManagedElement=1,ENodeBFunction=1,EUtranCellFDD=LTE25ERBS00002-3,EUtranFreqRelation=1,EUtranCellRelation=24" lastModified="1287619269810" mimName="ERBS_NODE_MODEL" mimVersion="A.9.50.J.9.1">
    <attr name="isRemoveAllowed">false</attr>
    <attr name="neighborCellRef">SubNetwork=ONRM_RootMo_R,MeContext=LTE25ERBS00002,ManagedElement=1,ENodeBFunction=1,EUtraNetwork=1,ExternalENodeBFunction=3852,ExternalEUtranCellFDD=3</attr>
    <attr name="anrCreated">false</attr>
    <attr name="isHoAllowed">true</attr>
  </mo>
  <mo fdn="SubNetwork=ONRM_RootMo_R,MeContext=LTE25ERBS00002,ManagedElement=1,ENodeBFunction=1,EUtranCellFDD=LTE25ERBS00002-3,EUtranFreqRelation=1,EUtranCellRelation=25" lastModified="1287619269808" mimName="ERBS_NODE_MODEL" mimVersion="A.9.50.J.9.1">
    <attr name="isRemoveAllowed">false</attr>
    <attr name="neighborCellRef">SubNetwork=ONRM_RootMo_R,MeContext=LTE25ERBS00002,ManagedElement=1,ENodeBFunction=1,EUtraNetwork=1,ExternalENodeBFunction=3852,ExternalEUtranCellFDD=4</attr>
    <attr name="anrCreated">false</attr>
    <attr name="isHoAllowed">true</attr>
  </mo>
  <mo fdn="SubNetwork=ONRM_RootMo_R,MeContext=LTE25ERBS00002,ManagedElement=1,ENodeBFunction=1,EUtranCellFDD=LTE25ERBS00002-3,EUtranFreqRelation=1,EUtranCellRelation=26" lastModified="1287619269816" mimName="ERBS_NODE_MODEL" mimVersion="A.9.50.J.9.1">
    <attr name="isRemoveAllowed">false</attr>
    <attr name="neighborCellRef">SubNetwork=ONRM_RootMo_R,MeContext=LTE25ERBS00002,ManagedElement=1,ENodeBFunction=1,EUtraNetwork=1,ExternalENodeBFunction=3853,ExternalEUtranCellFDD=3</attr>
    <attr name="anrCreated">false</attr>
    <attr name="isHoAllowed">true</attr>
  </mo>
  <mo fdn="SubNetwork=ONRM_RootMo_R,MeContext=LTE25ERBS00002,ManagedElement=1,ENodeBFunction=1,EUtranCellFDD=LTE25ERBS00002-3,EUtranFreqRelation=1,EUtranCellRelation=27" lastModified="1287619269816" mimName="ERBS_NODE_MODEL" mimVersion="A.9.50.J.9.1">
    <attr name="isRemoveAllowed">false</attr>
    <attr name="neighborCellRef">SubNetwork=ONRM_RootMo_R,MeContext=LTE25ERBS00002,ManagedElement=1,ENodeBFunction=1,EUtraNetwork=1,ExternalENodeBFunction=3853,ExternalEUtranCellFDD=4</attr>
    <attr name="anrCreated">false</attr>
    <attr name="isHoAllowed">true</attr>
  </mo>
  <mo fdn="SubNetwork=ONRM_RootMo_R,MeContext=LTE25ERBS00002,ManagedElement=1,ENodeBFunction=1,EUtranCellFDD=LTE25ERBS00002-3,EUtranFreqRelation=1,EUtranCellRelation=28" lastModified="1287619269819" mimName="ERBS_NODE_MODEL" mimVersion="A.9.50.J.9.1">
    <attr name="isRemoveAllowed">false</attr>
    <attr name="neighborCellRef">SubNetwork=ONRM_RootMo_R,MeContext=LTE25ERBS00002,ManagedElement=1,ENodeBFunction=1,EUtraNetwork=1,ExternalENodeBFunction=3854,ExternalEUtranCellFDD=3</attr>
    <attr name="anrCreated">false</attr>
    <attr name="isHoAllowed">true</attr>
  </mo>
  <mo fdn="SubNetwork=ONRM_RootMo_R,MeContext=LTE25ERBS00002,ManagedElement=1,ENodeBFunction=1,EUtranCellFDD=LTE25ERBS00002-3,EUtranFreqRelation=1,EUtranCellRelation=29" lastModified="1287619269818" mimName="ERBS_NODE_MODEL" mimVersion="A.9.50.J.9.1">
    <attr name="isRemoveAllowed">false</attr>
    <attr name="neighborCellRef">SubNetwork=ONRM_RootMo_R,MeContext=LTE25ERBS00002,ManagedElement=1,ENodeBFunction=1,EUtraNetwork=1,ExternalENodeBFunction=3854,ExternalEUtranCellFDD=4</attr>
    <attr name="anrCreated">false</attr>
    <attr name="isHoAllowed">true</attr>
  </mo>
  <mo fdn="SubNetwork=ONRM_RootMo_R,MeContext=LTE25ERBS00002,ManagedElement=1,ENodeBFunction=1,EUtranCellFDD=LTE25ERBS00002-3,EUtranFreqRelation=1,EUtranCellRelation=3" lastModified="1287604806725" mimName="ERBS_NODE_MODEL" mimVersion="A.9.50.J.9.1">
    <attr name="isRemoveAllowed">false</attr>
    <attr name="neighborCellRef">SubNetwork=ONRM_RootMo_R,MeContext=LTE25ERBS00002,ManagedElement=1,ENodeBFunction=1,EUtranCellFDD=LTE25ERBS00002-4</attr>
    <attr name="anrCreated">false</attr>
    <attr name="isHoAllowed">true</attr>
  </mo>
  <mo fdn="SubNetwork=ONRM_RootMo_R,MeContext=LTE25ERBS00002,ManagedElement=1,ENodeBFunction=1,EUtranCellFDD=LTE25ERBS00002-3,EUtranFreqRelation=1,EUtranCellRelation=30" lastModified="1287619269824" mimName="ERBS_NODE_MODEL" mimVersion="A.9.50.J.9.1">
    <attr name="isRemoveAllowed">false</attr>
    <attr name="neighborCellRef">SubNetwork=ONRM_RootMo_R,MeContext=LTE25ERBS00002,ManagedElement=1,ENodeBFunction=1,EUtraNetwork=1,ExternalENodeBFunction=3855,ExternalEUtranCellFDD=3</attr>
    <attr name="anrCreated">false</attr>
    <attr name="isHoAllowed">true</attr>
  </mo>
  <mo fdn="SubNetwork=ONRM_RootMo_R,MeContext=LTE25ERBS00002,ManagedElement=1,ENodeBFunction=1,EUtranCellFDD=LTE25ERBS00002-3,EUtranFreqRelation=1,EUtranCellRelation=31" lastModified="1287619269822" mimName="ERBS_NODE_MODEL" mimVersion="A.9.50.J.9.1">
    <attr name="isRemoveAllowed">false</attr>
    <attr name="neighborCellRef">SubNetwork=ONRM_RootMo_R,MeContext=LTE25ERBS00002,ManagedElement=1,ENodeBFunction=1,EUtraNetwork=1,ExternalENodeBFunction=3855,ExternalEUtranCellFDD=4</attr>
    <attr name="anrCreated">false</attr>
    <attr name="isHoAllowed">true</attr>
  </mo>
  <mo fdn="SubNetwork=ONRM_RootMo_R,MeContext=LTE25ERBS00002,ManagedElement=1,ENodeBFunction=1,EUtranCellFDD=LTE25ERBS00002-3,EUtranFreqRelation=1,EUtranCellRelation=32" lastModified="1287619269821" mimName="ERBS_NODE_MODEL" mimVersion="A.9.50.J.9.1">
    <attr name="isRemoveAllowed">false</attr>
    <attr name="neighborCellRef">SubNetwork=ONRM_RootMo_R,MeContext=LTE25ERBS00002,ManagedElement=1,ENodeBFunction=1,EUtraNetwork=1,ExternalENodeBFunction=3856,ExternalEUtranCellFDD=3</attr>
    <attr name="anrCreated">false</attr>
    <attr name="isHoAllowed">true</attr>
  </mo>
  <mo fdn="SubNetwork=ONRM_RootMo_R,MeContext=LTE25ERBS00002,ManagedElement=1,ENodeBFunction=1,EUtranCellFDD=LTE25ERBS00002-3,EUtranFreqRelation=1,EUtranCellRelation=33" lastModified="1287619269830" mimName="ERBS_NODE_MODEL" mimVersion="A.9.50.J.9.1">
    <attr name="isRemoveAllowed">false</attr>
    <attr name="neighborCellRef">SubNetwork=ONRM_RootMo_R,MeContext=LTE25ERBS00002,ManagedElement=1,ENodeBFunction=1,EUtraNetwork=1,ExternalENodeBFunction=3856,ExternalEUtranCellFDD=4</attr>
    <attr name="anrCreated">false</attr>
    <attr name="isHoAllowed">true</attr>
  </mo>
  <mo fdn="SubNetwork=ONRM_RootMo_R,MeContext=LTE25ERBS00002,ManagedElement=1,ENodeBFunction=1,EUtranCellFDD=LTE25ERBS00002-3,EUtranFreqRelation=1,EUtranCellRelation=4" lastModified="1287609951548" mimName="ERBS_NODE_MODEL" mimVersion="A.9.50.J.9.1">
    <attr name="isRemoveAllowed">false</attr>
    <attr name="neighborCellRef">SubNetwork=ONRM_RootMo_R,MeContext=LTE25ERBS00002,ManagedElement=1,ENodeBFunction=1,EUtraNetwork=1,ExternalENodeBFunction=3841,ExternalEUtranCellFDD=3</attr>
    <attr name="anrCreated">false</attr>
    <attr name="isHoAllowed">true</attr>
  </mo>
  <mo fdn="SubNetwork=ONRM_RootMo_R,MeContext=LTE25ERBS00002,ManagedElement=1,ENodeBFunction=1,EUtranCellFDD=LTE25ERBS00002-3,EUtranFreqRelation=1,EUtranCellRelation=5" lastModified="1287609951549" mimName="ERBS_NODE_MODEL" mimVersion="A.9.50.J.9.1">
    <attr name="isRemoveAllowed">false</attr>
    <attr name="neighborCellRef">SubNetwork=ONRM_RootMo_R,MeContext=LTE25ERBS00002,ManagedElement=1,ENodeBFunction=1,EUtraNetwork=1,ExternalENodeBFunction=3841,ExternalEUtranCellFDD=4</attr>
    <attr name="anrCreated">false</attr>
    <attr name="isHoAllowed">true</attr>
  </mo>
  <mo fdn="SubNetwork=ONRM_RootMo_R,MeContext=LTE25ERBS00002,ManagedElement=1,ENodeBFunction=1,EUtranCellFDD=LTE25ERBS00002-3,EUtranFreqRelation=1,EUtranCellRelation=6" lastModified="1287609951542" mimName="ERBS_NODE_MODEL" mimVersion="A.9.50.J.9.1">
    <attr name="isRemoveAllowed">false</attr>
    <attr name="neighborCellRef">SubNetwork=ONRM_RootMo_R,MeContext=LTE25ERBS00002,ManagedElement=1,ENodeBFunction=1,EUtraNetwork=1,ExternalENodeBFunction=3843,ExternalEUtranCellFDD=3</attr>
    <attr name="anrCreated">false</attr>
    <attr name="isHoAllowed">true</attr>
  </mo>
  <mo fdn="SubNetwork=ONRM_RootMo_R,MeContext=LTE25ERBS00002,ManagedElement=1,ENodeBFunction=1,EUtranCellFDD=LTE25ERBS00002-3,EUtranFreqRelation=1,EUtranCellRelation=7" lastModified="1287609951545" mimName="ERBS_NODE_MODEL" mimVersion="A.9.50.J.9.1">
    <attr name="isRemoveAllowed">false</attr>
    <attr name="neighborCellRef">SubNetwork=ONRM_RootMo_R,MeContext=LTE25ERBS00002,ManagedElement=1,ENodeBFunction=1,EUtraNetwork=1,ExternalENodeBFunction=3843,ExternalEUtranCellFDD=4</attr>
    <attr name="anrCreated">false</attr>
    <attr name="isHoAllowed">true</attr>
  </mo>
  <mo fdn="SubNetwork=ONRM_RootMo_R,MeContext=LTE25ERBS00002,ManagedElement=1,ENodeBFunction=1,EUtranCellFDD=LTE25ERBS00002-3,EUtranFreqRelation=1,EUtranCellRelation=8" lastModified="1287619269831" mimName="ERBS_NODE_MODEL" mimVersion="A.9.50.J.9.1">
    <attr name="isRemoveAllowed">false</attr>
    <attr name="neighborCellRef">SubNetwork=ONRM_RootMo_R,MeContext=LTE25ERBS00002,ManagedElement=1,ENodeBFunction=1,EUtraNetwork=1,ExternalENodeBFunction=3844,ExternalEUtranCellFDD=3</attr>
    <attr name="anrCreated">false</attr>
    <attr name="isHoAllowed">true</attr>
  </mo>
  <mo fdn="SubNetwork=ONRM_RootMo_R,MeContext=LTE25ERBS00002,ManagedElement=1,ENodeBFunction=1,EUtranCellFDD=LTE25ERBS00002-3,EUtranFreqRelation=1,EUtranCellRelation=9" lastModified="1287619269833" mimName="ERBS_NODE_MODEL" mimVersion="A.9.50.J.9.1">
    <attr name="isRemoveAllowed">false</attr>
    <attr name="neighborCellRef">SubNetwork=ONRM_RootMo_R,MeContext=LTE25ERBS00002,ManagedElement=1,ENodeBFunction=1,EUtraNetwork=1,ExternalENodeBFunction=3844,ExternalEUtranCellFDD=4</attr>
    <attr name="anrCreated">false</attr>
    <attr name="isHoAllowed">true</attr>
  </mo>
  <mo fdn="SubNetwork=ONRM_RootMo_R,MeContext=LTE25ERBS00002,ManagedElement=1,ENodeBFunction=1,EUtranCellFDD=LTE25ERBS00002-4" lastModified="1287631699996" mimName="ERBS_NODE_MODEL" mimVersion="A.9.50.J.9.1">
    <attr name="EUtranCellFDDId">LTE25ERBS00002-4</attr>
    <attr name="earfcnul">18000</attr>
    <attr name="cellId">4</attr>
    <attr name="tac">1</attr>
    <attr name="bPlmnList">
      <seq count="1">
        <item>
          <struct>
            <attr name="mcc">344</attr>
            <attr name="mnc">930</attr>
            <attr name="mncLength">2</attr>
          </struct>
        </item>
      </seq>
    </attr>
    <attr name="earfcndl">0</attr>
    <attr name="userLabel">LTE25ERBS00002-4</attr>
  </mo>
  <mo fdn="SubNetwork=ONRM_RootMo_R,MeContext=LTE25ERBS00002,ManagedElement=1,ENodeBFunction=1,EUtranCellFDD=LTE25ERBS00002-4,EUtranFreqRelation=1,EUtranCellRelation=1" lastModified="1287604806694" mimName="ERBS_NODE_MODEL" mimVersion="A.9.50.J.9.1">
    <attr name="isRemoveAllowed">false</attr>
    <attr name="neighborCellRef">SubNetwork=ONRM_RootMo_R,MeContext=LTE25ERBS00002,ManagedElement=1,ENodeBFunction=1,EUtranCellFDD=LTE25ERBS00002-1</attr>
    <attr name="anrCreated">false</attr>
    <attr name="isHoAllowed">true</attr>
  </mo>
  <mo fdn="SubNetwork=ONRM_RootMo_R,MeContext=LTE25ERBS00002,ManagedElement=1,ENodeBFunction=1,EUtranCellFDD=LTE25ERBS00002-4,EUtranFreqRelation=1,EUtranCellRelation=10" lastModified="1287619197341" mimName="ERBS_NODE_MODEL" mimVersion="A.9.50.J.9.1">
    <attr name="isRemoveAllowed">false</attr>
    <attr name="neighborCellRef">SubNetwork=ONRM_RootMo_R,MeContext=LTE25ERBS00002,ManagedElement=1,ENodeBFunction=1,EUtraNetwork=1,ExternalENodeBFunction=3845,ExternalEUtranCellFDD=3</attr>
    <attr name="anrCreated">false</attr>
    <attr name="isHoAllowed">true</attr>
  </mo>
  <mo fdn="SubNetwork=ONRM_RootMo_R,MeContext=LTE25ERBS00002,ManagedElement=1,ENodeBFunction=1,EUtranCellFDD=LTE25ERBS00002-4,EUtranFreqRelation=1,EUtranCellRelation=11" lastModified="1287619197338" mimName="ERBS_NODE_MODEL" mimVersion="A.9.50.J.9.1">
    <attr name="isRemoveAllowed">false</attr>
    <attr name="neighborCellRef">SubNetwork=ONRM_RootMo_R,MeContext=LTE25ERBS00002,ManagedElement=1,ENodeBFunction=1,EUtraNetwork=1,ExternalENodeBFunction=3845,ExternalEUtranCellFDD=4</attr>
    <attr name="anrCreated">false</attr>
    <attr name="isHoAllowed">true</attr>
  </mo>
  <mo fdn="SubNetwork=ONRM_RootMo_R,MeContext=LTE25ERBS00002,ManagedElement=1,ENodeBFunction=1,EUtranCellFDD=LTE25ERBS00002-4,EUtranFreqRelation=1,EUtranCellRelation=12" lastModified="1287619197335" mimName="ERBS_NODE_MODEL" mimVersion="A.9.50.J.9.1">
    <attr name="isRemoveAllowed">false</attr>
    <attr name="neighborCellRef">SubNetwork=ONRM_RootMo_R,MeContext=LTE25ERBS00002,ManagedElement=1,ENodeBFunction=1,EUtraNetwork=1,ExternalENodeBFunction=3846,ExternalEUtranCellFDD=3</attr>
    <attr name="anrCreated">false</attr>
    <attr name="isHoAllowed">true</attr>
  </mo>
  <mo fdn="SubNetwork=ONRM_RootMo_R,MeContext=LTE25ERBS00002,ManagedElement=1,ENodeBFunction=1,EUtranCellFDD=LTE25ERBS00002-4,EUtranFreqRelation=1,EUtranCellRelation=13" lastModified="1287619197332" mimName="ERBS_NODE_MODEL" mimVersion="A.9.50.J.9.1">
    <attr name="isRemoveAllowed">false</attr>
    <attr name="neighborCellRef">SubNetwork=ONRM_RootMo_R,MeContext=LTE25ERBS00002,ManagedElement=1,ENodeBFunction=1,EUtraNetwork=1,ExternalENodeBFunction=3846,ExternalEUtranCellFDD=4</attr>
    <attr name="anrCreated">false</attr>
    <attr name="isHoAllowed">true</attr>
  </mo>
  <mo fdn="SubNetwork=ONRM_RootMo_R,MeContext=LTE25ERBS00002,ManagedElement=1,ENodeBFunction=1,EUtranCellFDD=LTE25ERBS00002-4,EUtranFreqRelation=1,EUtranCellRelation=14" lastModified="1287619197328" mimName="ERBS_NODE_MODEL" mimVersion="A.9.50.J.9.1">
    <attr name="isRemoveAllowed">false</attr>
    <attr name="neighborCellRef">SubNetwork=ONRM_RootMo_R,MeContext=LTE25ERBS00002,ManagedElement=1,ENodeBFunction=1,EUtraNetwork=1,ExternalENodeBFunction=3847,ExternalEUtranCellFDD=3</attr>
    <attr name="anrCreated">false</attr>
    <attr name="isHoAllowed">true</attr>
  </mo>
  <mo fdn="SubNetwork=ONRM_RootMo_R,MeContext=LTE25ERBS00002,ManagedElement=1,ENodeBFunction=1,EUtranCellFDD=LTE25ERBS00002-4,EUtranFreqRelation=1,EUtranCellRelation=15" lastModified="1287619197354" mimName="ERBS_NODE_MODEL" mimVersion="A.9.50.J.9.1">
    <attr name="isRemoveAllowed">false</attr>
    <attr name="neighborCellRef">SubNetwork=ONRM_RootMo_R,MeContext=LTE25ERBS00002,ManagedElement=1,ENodeBFunction=1,EUtraNetwork=1,ExternalENodeBFunction=3847,ExternalEUtranCellFDD=4</attr>
    <attr name="anrCreated">false</attr>
    <attr name="isHoAllowed">true</attr>
  </mo>
  <mo fdn="SubNetwork=ONRM_RootMo_R,MeContext=LTE25ERBS00002,ManagedElement=1,ENodeBFunction=1,EUtranCellFDD=LTE25ERBS00002-4,EUtranFreqRelation=1,EUtranCellRelation=16" lastModified="1287609951340" mimName="ERBS_NODE_MODEL" mimVersion="A.9.50.J.9.1">
    <attr name="isRemoveAllowed">false</attr>
    <attr name="neighborCellRef">SubNetwork=ONRM_RootMo_R,MeContext=LTE25ERBS00002,ManagedElement=1,ENodeBFunction=1,EUtraNetwork=1,ExternalENodeBFunction=3848,ExternalEUtranCellFDD=3</attr>
    <attr name="anrCreated">false</attr>
    <attr name="isHoAllowed">true</attr>
  </mo>
  <mo fdn="SubNetwork=ONRM_RootMo_R,MeContext=LTE25ERBS00002,ManagedElement=1,ENodeBFunction=1,EUtranCellFDD=LTE25ERBS00002-4,EUtranFreqRelation=1,EUtranCellRelation=17" lastModified="1287609951337" mimName="ERBS_NODE_MODEL" mimVersion="A.9.50.J.9.1">
    <attr name="isRemoveAllowed">false</attr>
    <attr name="neighborCellRef">SubNetwork=ONRM_RootMo_R,MeContext=LTE25ERBS00002,ManagedElement=1,ENodeBFunction=1,EUtraNetwork=1,ExternalENodeBFunction=3848,ExternalEUtranCellFDD=4</attr>
    <attr name="anrCreated">false</attr>
    <attr name="isHoAllowed">true</attr>
  </mo>
  <mo fdn="SubNetwork=ONRM_RootMo_R,MeContext=LTE25ERBS00002,ManagedElement=1,ENodeBFunction=1,EUtranCellFDD=LTE25ERBS00002-4,EUtranFreqRelation=1,EUtranCellRelation=18" lastModified="1287619197352" mimName="ERBS_NODE_MODEL" mimVersion="A.9.50.J.9.1">
    <attr name="isRemoveAllowed">false</attr>
    <attr name="neighborCellRef">SubNetwork=ONRM_RootMo_R,MeContext=LTE25ERBS00002,ManagedElement=1,ENodeBFunction=1,EUtraNetwork=1,ExternalENodeBFunction=3849,ExternalEUtranCellFDD=3</attr>
    <attr name="anrCreated">false</attr>
    <attr name="isHoAllowed">true</attr>
  </mo>
  <mo fdn="SubNetwork=ONRM_RootMo_R,MeContext=LTE25ERBS00002,ManagedElement=1,ENodeBFunction=1,EUtranCellFDD=LTE25ERBS00002-4,EUtranFreqRelation=1,EUtranCellRelation=19" lastModified="1287619197348" mimName="ERBS_NODE_MODEL" mimVersion="A.9.50.J.9.1">
    <attr name="isRemoveAllowed">false</attr>
    <attr name="neighborCellRef">SubNetwork=ONRM_RootMo_R,MeContext=LTE25ERBS00002,ManagedElement=1,ENodeBFunction=1,EUtraNetwork=1,ExternalENodeBFunction=3849,ExternalEUtranCellFDD=4</attr>
    <attr name="anrCreated">false</attr>
    <attr name="isHoAllowed">true</attr>
  </mo>
  <mo fdn="SubNetwork=ONRM_RootMo_R,MeContext=LTE25ERBS00002,ManagedElement=1,ENodeBFunction=1,EUtranCellFDD=LTE25ERBS00002-4,EUtranFreqRelation=1,EUtranCellRelation=2" lastModified="1287604806681" mimName="ERBS_NODE_MODEL" mimVersion="A.9.50.J.9.1">
    <attr name="isRemoveAllowed">false</attr>
    <attr name="neighborCellRef">SubNetwork=ONRM_RootMo_R,MeContext=LTE25ERBS00002,ManagedElement=1,ENodeBFunction=1,EUtranCellFDD=LTE25ERBS00002-2</attr>
    <attr name="anrCreated">false</attr>
    <attr name="isHoAllowed">true</attr>
  </mo>
  <mo fdn="SubNetwork=ONRM_RootMo_R,MeContext=LTE25ERBS00002,ManagedElement=1,ENodeBFunction=1,EUtranCellFDD=LTE25ERBS00002-4,EUtranFreqRelation=1,EUtranCellRelation=20" lastModified="1287619197318" mimName="ERBS_NODE_MODEL" mimVersion="A.9.50.J.9.1">
    <attr name="isRemoveAllowed">false</attr>
    <attr name="neighborCellRef">SubNetwork=ONRM_RootMo_R,MeContext=LTE25ERBS00002,ManagedElement=1,ENodeBFunction=1,EUtraNetwork=1,ExternalENodeBFunction=3850,ExternalEUtranCellFDD=3</attr>
    <attr name="anrCreated">false</attr>
    <attr name="isHoAllowed">true</attr>
  </mo>
  <mo fdn="SubNetwork=ONRM_RootMo_R,MeContext=LTE25ERBS00002,ManagedElement=1,ENodeBFunction=1,EUtranCellFDD=LTE25ERBS00002-4,EUtranFreqRelation=1,EUtranCellRelation=21" lastModified="1287619197315" mimName="ERBS_NODE_MODEL" mimVersion="A.9.50.J.9.1">
    <attr name="isRemoveAllowed">false</attr>
    <attr name="neighborCellRef">SubNetwork=ONRM_RootMo_R,MeContext=LTE25ERBS00002,ManagedElement=1,ENodeBFunction=1,EUtraNetwork=1,ExternalENodeBFunction=3850,ExternalEUtranCellFDD=4</attr>
    <attr name="anrCreated">false</attr>
    <attr name="isHoAllowed">true</attr>
  </mo>
  <mo fdn="SubNetwork=ONRM_RootMo_R,MeContext=LTE25ERBS00002,ManagedElement=1,ENodeBFunction=1,EUtranCellFDD=LTE25ERBS00002-4,EUtranFreqRelation=1,EUtranCellRelation=22" lastModified="1287619197307" mimName="ERBS_NODE_MODEL" mimVersion="A.9.50.J.9.1">
    <attr name="isRemoveAllowed">false</attr>
    <attr name="neighborCellRef">SubNetwork=ONRM_RootMo_R,MeContext=LTE25ERBS00002,ManagedElement=1,ENodeBFunction=1,EUtraNetwork=1,ExternalENodeBFunction=3851,ExternalEUtranCellFDD=3</attr>
    <attr name="anrCreated">false</attr>
    <attr name="isHoAllowed">true</attr>
  </mo>
  <mo fdn="SubNetwork=ONRM_RootMo_R,MeContext=LTE25ERBS00002,ManagedElement=1,ENodeBFunction=1,EUtranCellFDD=LTE25ERBS00002-4,EUtranFreqRelation=1,EUtranCellRelation=23" lastModified="1287619197294" mimName="ERBS_NODE_MODEL" mimVersion="A.9.50.J.9.1">
    <attr name="isRemoveAllowed">false</attr>
    <attr name="neighborCellRef">SubNetwork=ONRM_RootMo_R,MeContext=LTE25ERBS00002,ManagedElement=1,ENodeBFunction=1,EUtraNetwork=1,ExternalENodeBFunction=3851,ExternalEUtranCellFDD=4</attr>
    <attr name="anrCreated">false</attr>
    <attr name="isHoAllowed">true</attr>
  </mo>
  <mo fdn="SubNetwork=ONRM_RootMo_R,MeContext=LTE25ERBS00002,ManagedElement=1,ENodeBFunction=1,EUtranCellFDD=LTE25ERBS00002-4,EUtranFreqRelation=1,EUtranCellRelation=24" lastModified="1287619197313" mimName="ERBS_NODE_MODEL" mimVersion="A.9.50.J.9.1">
    <attr name="isRemoveAllowed">false</attr>
    <attr name="neighborCellRef">SubNetwork=ONRM_RootMo_R,MeContext=LTE25ERBS00002,ManagedElement=1,ENodeBFunction=1,EUtraNetwork=1,ExternalENodeBFunction=3852,ExternalEUtranCellFDD=3</attr>
    <attr name="anrCreated">false</attr>
    <attr name="isHoAllowed">true</attr>
  </mo>
  <mo fdn="SubNetwork=ONRM_RootMo_R,MeContext=LTE25ERBS00002,ManagedElement=1,ENodeBFunction=1,EUtranCellFDD=LTE25ERBS00002-4,EUtranFreqRelation=1,EUtranCellRelation=25" lastModified="1287619197310" mimName="ERBS_NODE_MODEL" mimVersion="A.9.50.J.9.1">
    <attr name="isRemoveAllowed">false</attr>
    <attr name="neighborCellRef">SubNetwork=ONRM_RootMo_R,MeContext=LTE25ERBS00002,ManagedElement=1,ENodeBFunction=1,EUtraNetwork=1,ExternalENodeBFunction=3852,ExternalEUtranCellFDD=4</attr>
    <attr name="anrCreated">false</attr>
    <attr name="isHoAllowed">true</attr>
  </mo>
  <mo fdn="SubNetwork=ONRM_RootMo_R,MeContext=LTE25ERBS00002,ManagedElement=1,ENodeBFunction=1,EUtranCellFDD=LTE25ERBS00002-4,EUtranFreqRelation=1,EUtranCellRelation=26" lastModified="1287619197323" mimName="ERBS_NODE_MODEL" mimVersion="A.9.50.J.9.1">
    <attr name="isRemoveAllowed">false</attr>
    <attr name="neighborCellRef">SubNetwork=ONRM_RootMo_R,MeContext=LTE25ERBS00002,ManagedElement=1,ENodeBFunction=1,EUtraNetwork=1,ExternalENodeBFunction=3853,ExternalEUtranCellFDD=3</attr>
    <attr name="anrCreated">false</attr>
    <attr name="isHoAllowed">true</attr>
  </mo>
  <mo fdn="SubNetwork=ONRM_RootMo_R,MeContext=LTE25ERBS00002,ManagedElement=1,ENodeBFunction=1,EUtranCellFDD=LTE25ERBS00002-4,EUtranFreqRelation=1,EUtranCellRelation=27" lastModified="1287619197321" mimName="ERBS_NODE_MODEL" mimVersion="A.9.50.J.9.1">
    <attr name="isRemoveAllowed">false</attr>
    <attr name="neighborCellRef">SubNetwork=ONRM_RootMo_R,MeContext=LTE25ERBS00002,ManagedElement=1,ENodeBFunction=1,EUtraNetwork=1,ExternalENodeBFunction=3853,ExternalEUtranCellFDD=4</attr>
    <attr name="anrCreated">false</attr>
    <attr name="isHoAllowed">true</attr>
  </mo>
  <mo fdn="SubNetwork=ONRM_RootMo_R,MeContext=LTE25ERBS00002,ManagedElement=1,ENodeBFunction=1,EUtranCellFDD=LTE25ERBS00002-4,EUtranFreqRelation=1,EUtranCellRelation=28" lastModified="1287619197327" mimName="ERBS_NODE_MODEL" mimVersion="A.9.50.J.9.1">
    <attr name="isRemoveAllowed">false</attr>
    <attr name="neighborCellRef">SubNetwork=ONRM_RootMo_R,MeContext=LTE25ERBS00002,ManagedElement=1,ENodeBFunction=1,EUtraNetwork=1,ExternalENodeBFunction=3854,ExternalEUtranCellFDD=3</attr>
    <attr name="anrCreated">false</attr>
    <attr name="isHoAllowed">true</attr>
  </mo>
  <mo fdn="SubNetwork=ONRM_RootMo_R,MeContext=LTE25ERBS00002,ManagedElement=1,ENodeBFunction=1,EUtranCellFDD=LTE25ERBS00002-4,EUtranFreqRelation=1,EUtranCellRelation=29" lastModified="1287619197325" mimName="ERBS_NODE_MODEL" mimVersion="A.9.50.J.9.1">
    <attr name="isRemoveAllowed">false</attr>
    <attr name="neighborCellRef">SubNetwork=ONRM_RootMo_R,MeContext=LTE25ERBS00002,ManagedElement=1,ENodeBFunction=1,EUtraNetwork=1,ExternalENodeBFunction=3854,ExternalEUtranCellFDD=4</attr>
    <attr name="anrCreated">false</attr>
    <attr name="isHoAllowed">true</attr>
  </mo>
  <mo fdn="SubNetwork=ONRM_RootMo_R,MeContext=LTE25ERBS00002,ManagedElement=1,ENodeBFunction=1,EUtranCellFDD=LTE25ERBS00002-4,EUtranFreqRelation=1,EUtranCellRelation=3" lastModified="1287604806605" mimName="ERBS_NODE_MODEL" mimVersion="A.9.50.J.9.1">
    <attr name="isRemoveAllowed">false</attr>
    <attr name="neighborCellRef">SubNetwork=ONRM_RootMo_R,MeContext=LTE25ERBS00002,ManagedElement=1,ENodeBFunction=1,EUtranCellFDD=LTE25ERBS00002-3</attr>
    <attr name="anrCreated">false</attr>
    <attr name="isHoAllowed">true</attr>
  </mo>
  <mo fdn="SubNetwork=ONRM_RootMo_R,MeContext=LTE25ERBS00002,ManagedElement=1,ENodeBFunction=1,EUtranCellFDD=LTE25ERBS00002-4,EUtranFreqRelation=1,EUtranCellRelation=30" lastModified="1287619197334" mimName="ERBS_NODE_MODEL" mimVersion="A.9.50.J.9.1">
    <attr name="isRemoveAllowed">false</attr>
    <attr name="neighborCellRef">SubNetwork=ONRM_RootMo_R,MeContext=LTE25ERBS00002,ManagedElement=1,ENodeBFunction=1,EUtraNetwork=1,ExternalENodeBFunction=3855,ExternalEUtranCellFDD=3</attr>
    <attr name="anrCreated">false</attr>
    <attr name="isHoAllowed">true</attr>
  </mo>
  <mo fdn="SubNetwork=ONRM_RootMo_R,MeContext=LTE25ERBS00002,ManagedElement=1,ENodeBFunction=1,EUtranCellFDD=LTE25ERBS00002-4,EUtranFreqRelation=1,EUtranCellRelation=31" lastModified="1287619197331" mimName="ERBS_NODE_MODEL" mimVersion="A.9.50.J.9.1">
    <attr name="isRemoveAllowed">false</attr>
    <attr name="neighborCellRef">SubNetwork=ONRM_RootMo_R,MeContext=LTE25ERBS00002,ManagedElement=1,ENodeBFunction=1,EUtraNetwork=1,ExternalENodeBFunction=3855,ExternalEUtranCellFDD=4</attr>
    <attr name="anrCreated">false</attr>
    <attr name="isHoAllowed">true</attr>
  </mo>
  <mo fdn="SubNetwork=ONRM_RootMo_R,MeContext=LTE25ERBS00002,ManagedElement=1,ENodeBFunction=1,EUtranCellFDD=LTE25ERBS00002-4,EUtranFreqRelation=1,EUtranCellRelation=32" lastModified="1287619197329" mimName="ERBS_NODE_MODEL" mimVersion="A.9.50.J.9.1">
    <attr name="isRemoveAllowed">false</attr>
    <attr name="neighborCellRef">SubNetwork=ONRM_RootMo_R,MeContext=LTE25ERBS00002,ManagedElement=1,ENodeBFunction=1,EUtraNetwork=1,ExternalENodeBFunction=3856,ExternalEUtranCellFDD=3</attr>
    <attr name="anrCreated">false</attr>
    <attr name="isHoAllowed">true</attr>
  </mo>
  <mo fdn="SubNetwork=ONRM_RootMo_R,MeContext=LTE25ERBS00002,ManagedElement=1,ENodeBFunction=1,EUtranCellFDD=LTE25ERBS00002-4,EUtranFreqRelation=1,EUtranCellRelation=33" lastModified="1287619197344" mimName="ERBS_NODE_MODEL" mimVersion="A.9.50.J.9.1">
    <attr name="isRemoveAllowed">false</attr>
    <attr name="neighborCellRef">SubNetwork=ONRM_RootMo_R,MeContext=LTE25ERBS00002,ManagedElement=1,ENodeBFunction=1,EUtraNetwork=1,ExternalENodeBFunction=3856,ExternalEUtranCellFDD=4</attr>
    <attr name="anrCreated">false</attr>
    <attr name="isHoAllowed">true</attr>
  </mo>
  <mo fdn="SubNetwork=ONRM_RootMo_R,MeContext=LTE25ERBS00002,ManagedElement=1,ENodeBFunction=1,EUtranCellFDD=LTE25ERBS00002-4,EUtranFreqRelation=1,EUtranCellRelation=4" lastModified="1287609951341" mimName="ERBS_NODE_MODEL" mimVersion="A.9.50.J.9.1">
    <attr name="isRemoveAllowed">false</attr>
    <attr name="neighborCellRef">SubNetwork=ONRM_RootMo_R,MeContext=LTE25ERBS00002,ManagedElement=1,ENodeBFunction=1,EUtraNetwork=1,ExternalENodeBFunction=3841,ExternalEUtranCellFDD=3</attr>
    <attr name="anrCreated">false</attr>
    <attr name="isHoAllowed">true</attr>
  </mo>
  <mo fdn="SubNetwork=ONRM_RootMo_R,MeContext=LTE25ERBS00002,ManagedElement=1,ENodeBFunction=1,EUtranCellFDD=LTE25ERBS00002-4,EUtranFreqRelation=1,EUtranCellRelation=5" lastModified="1287609951343" mimName="ERBS_NODE_MODEL" mimVersion="A.9.50.J.9.1">
    <attr name="isRemoveAllowed">false</attr>
    <attr name="neighborCellRef">SubNetwork=ONRM_RootMo_R,MeContext=LTE25ERBS00002,ManagedElement=1,ENodeBFunction=1,EUtraNetwork=1,ExternalENodeBFunction=3841,ExternalEUtranCellFDD=4</attr>
    <attr name="anrCreated">false</attr>
    <attr name="isHoAllowed">true</attr>
  </mo>
  <mo fdn="SubNetwork=ONRM_RootMo_R,MeContext=LTE25ERBS00002,ManagedElement=1,ENodeBFunction=1,EUtranCellFDD=LTE25ERBS00002-4,EUtranFreqRelation=1,EUtranCellRelation=6" lastModified="1287609951336" mimName="ERBS_NODE_MODEL" mimVersion="A.9.50.J.9.1">
    <attr name="isRemoveAllowed">false</attr>
    <attr name="neighborCellRef">SubNetwork=ONRM_RootMo_R,MeContext=LTE25ERBS00002,ManagedElement=1,ENodeBFunction=1,EUtraNetwork=1,ExternalENodeBFunction=3843,ExternalEUtranCellFDD=3</attr>
    <attr name="anrCreated">false</attr>
    <attr name="isHoAllowed">true</attr>
  </mo>
  <mo fdn="SubNetwork=ONRM_RootMo_R,MeContext=LTE25ERBS00002,ManagedElement=1,ENodeBFunction=1,EUtranCellFDD=LTE25ERBS00002-4,EUtranFreqRelation=1,EUtranCellRelation=7" lastModified="1287609951339" mimName="ERBS_NODE_MODEL" mimVersion="A.9.50.J.9.1">
    <attr name="isRemoveAllowed">false</attr>
    <attr name="neighborCellRef">SubNetwork=ONRM_RootMo_R,MeContext=LTE25ERBS00002,ManagedElement=1,ENodeBFunction=1,EUtraNetwork=1,ExternalENodeBFunction=3843,ExternalEUtranCellFDD=4</attr>
    <attr name="anrCreated">false</attr>
    <attr name="isHoAllowed">true</attr>
  </mo>
  <mo fdn="SubNetwork=ONRM_RootMo_R,MeContext=LTE25ERBS00002,ManagedElement=1,ENodeBFunction=1,EUtranCellFDD=LTE25ERBS00002-4,EUtranFreqRelation=1,EUtranCellRelation=8" lastModified="1287619197346" mimName="ERBS_NODE_MODEL" mimVersion="A.9.50.J.9.1">
    <attr name="isRemoveAllowed">false</attr>
    <attr name="neighborCellRef">SubNetwork=ONRM_RootMo_R,MeContext=LTE25ERBS00002,ManagedElement=1,ENodeBFunction=1,EUtraNetwork=1,ExternalENodeBFunction=3844,ExternalEUtranCellFDD=3</attr>
    <attr name="anrCreated">false</attr>
    <attr name="isHoAllowed">true</attr>
  </mo>
  <mo fdn="SubNetwork=ONRM_RootMo_R,MeContext=LTE25ERBS00002,ManagedElement=1,ENodeBFunction=1,EUtranCellFDD=LTE25ERBS00002-4,EUtranFreqRelation=1,EUtranCellRelation=9" lastModified="1287619197350" mimName="ERBS_NODE_MODEL" mimVersion="A.9.50.J.9.1">
    <attr name="isRemoveAllowed">false</attr>
    <attr name="neighborCellRef">SubNetwork=ONRM_RootMo_R,MeContext=LTE25ERBS00002,ManagedElement=1,ENodeBFunction=1,EUtraNetwork=1,ExternalENodeBFunction=3844,ExternalEUtranCellFDD=4</attr>
    <attr name="anrCreated">false</attr>
    <attr name="isHoAllowed">true</attr>
  </mo>
</model><!-- Generated 139 entries -->