<?xml version="1.0" encoding="UTF-8" standalone="no"?><!-- Generated by nmsadm --><!-- Generated on Thu Oct 28 14:51:53 BST 2010 --><!-- Generated from configuration valid --><!-- Query - Base MO SubNetwork=ONRM_RootMo_R,MeContext=LTE24ERBS00002; Scope 8 --><model>
  <mo fdn="SubNetwork=ONRM_RootMo_R,MeContext=LTE24ERBS00002" lastModified="1287631631181" mimName="ERBS_NODE_MODEL" mimVersion="A.9.50.J.9.1">
    <attr name="MeContextId">LTE24ERBS00002</attr>
    <attr name="neMIMversion">vA.9.40</attr>
    <attr name="siteRef">SubNetwork=ONRM_RootMo_R,Site=LTE24ERBS00002</attr>
    <attr name="userLabel">LTE24ERBS00002</attr>
  </mo>
  <mo fdn="SubNetwork=ONRM_RootMo_R,MeContext=LTE24ERBS00002,ManagedElement=1,ENodeBFunction=1" lastModified="1287605633303" mimName="ERBS_NODE_MODEL" mimVersion="A.9.50.J.9.1">
    <attr name="eNodeBPlmnId">
      <struct>
        <attr name="mcc">311</attr>
        <attr name="mnc">180</attr>
        <attr name="mncLength">2</attr>
      </struct>
    </attr>
    <attr name="eNBId">3682</attr>
  </mo>
  <mo fdn="SubNetwork=ONRM_RootMo_R,MeContext=LTE24ERBS00002,ManagedElement=1,ENodeBFunction=1,EUtranCellFDD=LTE24ERBS00002-1" lastModified="1287631314311" mimName="ERBS_NODE_MODEL" mimVersion="A.9.50.J.9.1">
    <attr name="EUtranCellFDDId">LTE24ERBS00002-1</attr>
    <attr name="earfcnul">18000</attr>
    <attr name="cellId">1</attr>
    <attr name="tac">1</attr>
    <attr name="bPlmnList">
      <seq count="1">
        <item>
          <struct>
            <attr name="mcc">311</attr>
            <attr name="mnc">180</attr>
            <attr name="mncLength">2</attr>
          </struct>
        </item>
      </seq>
    </attr>
    <attr name="earfcndl">0</attr>
    <attr name="userLabel">LTE24ERBS00002-1</attr>
  </mo>
  <mo fdn="SubNetwork=ONRM_RootMo_R,MeContext=LTE24ERBS00002,ManagedElement=1,ENodeBFunction=1,EUtranCellFDD=LTE24ERBS00002-1,EUtranFreqRelation=1,EUtranCellRelation=1" lastModified="1287605626933" mimName="ERBS_NODE_MODEL" mimVersion="A.9.50.J.9.1">
    <attr name="isRemoveAllowed">false</attr>
    <attr name="neighborCellRef">SubNetwork=ONRM_RootMo_R,MeContext=LTE24ERBS00002,ManagedElement=1,ENodeBFunction=1,EUtranCellFDD=LTE24ERBS00002-2</attr>
    <attr name="anrCreated">false</attr>
    <attr name="isHoAllowed">true</attr>
  </mo>
  <mo fdn="SubNetwork=ONRM_RootMo_R,MeContext=LTE24ERBS00002,ManagedElement=1,ENodeBFunction=1,EUtranCellFDD=LTE24ERBS00002-1,EUtranFreqRelation=1,EUtranCellRelation=10" lastModified="1287618680173" mimName="ERBS_NODE_MODEL" mimVersion="A.9.50.J.9.1">
    <attr name="isRemoveAllowed">false</attr>
    <attr name="neighborCellRef">SubNetwork=ONRM_RootMo_R,MeContext=LTE24ERBS00002,ManagedElement=1,ENodeBFunction=1,EUtraNetwork=1,ExternalENodeBFunction=3685,ExternalEUtranCellFDD=1</attr>
    <attr name="anrCreated">false</attr>
    <attr name="isHoAllowed">true</attr>
  </mo>
  <mo fdn="SubNetwork=ONRM_RootMo_R,MeContext=LTE24ERBS00002,ManagedElement=1,ENodeBFunction=1,EUtranCellFDD=LTE24ERBS00002-1,EUtranFreqRelation=1,EUtranCellRelation=11" lastModified="1287618680172" mimName="ERBS_NODE_MODEL" mimVersion="A.9.50.J.9.1">
    <attr name="isRemoveAllowed">false</attr>
    <attr name="neighborCellRef">SubNetwork=ONRM_RootMo_R,MeContext=LTE24ERBS00002,ManagedElement=1,ENodeBFunction=1,EUtraNetwork=1,ExternalENodeBFunction=3685,ExternalEUtranCellFDD=2</attr>
    <attr name="anrCreated">false</attr>
    <attr name="isHoAllowed">true</attr>
  </mo>
  <mo fdn="SubNetwork=ONRM_RootMo_R,MeContext=LTE24ERBS00002,ManagedElement=1,ENodeBFunction=1,EUtranCellFDD=LTE24ERBS00002-1,EUtranFreqRelation=1,EUtranCellRelation=12" lastModified="1287618680171" mimName="ERBS_NODE_MODEL" mimVersion="A.9.50.J.9.1">
    <attr name="isRemoveAllowed">false</attr>
    <attr name="neighborCellRef">SubNetwork=ONRM_RootMo_R,MeContext=LTE24ERBS00002,ManagedElement=1,ENodeBFunction=1,EUtraNetwork=1,ExternalENodeBFunction=3686,ExternalEUtranCellFDD=1</attr>
    <attr name="anrCreated">false</attr>
    <attr name="isHoAllowed">true</attr>
  </mo>
  <mo fdn="SubNetwork=ONRM_RootMo_R,MeContext=LTE24ERBS00002,ManagedElement=1,ENodeBFunction=1,EUtranCellFDD=LTE24ERBS00002-1,EUtranFreqRelation=1,EUtranCellRelation=13" lastModified="1287618680169" mimName="ERBS_NODE_MODEL" mimVersion="A.9.50.J.9.1">
    <attr name="isRemoveAllowed">false</attr>
    <attr name="neighborCellRef">SubNetwork=ONRM_RootMo_R,MeContext=LTE24ERBS00002,ManagedElement=1,ENodeBFunction=1,EUtraNetwork=1,ExternalENodeBFunction=3686,ExternalEUtranCellFDD=2</attr>
    <attr name="anrCreated">false</attr>
    <attr name="isHoAllowed">true</attr>
  </mo>
  <mo fdn="SubNetwork=ONRM_RootMo_R,MeContext=LTE24ERBS00002,ManagedElement=1,ENodeBFunction=1,EUtranCellFDD=LTE24ERBS00002-1,EUtranFreqRelation=1,EUtranCellRelation=14" lastModified="1287618680166" mimName="ERBS_NODE_MODEL" mimVersion="A.9.50.J.9.1">
    <attr name="isRemoveAllowed">false</attr>
    <attr name="neighborCellRef">SubNetwork=ONRM_RootMo_R,MeContext=LTE24ERBS00002,ManagedElement=1,ENodeBFunction=1,EUtraNetwork=1,ExternalENodeBFunction=3687,ExternalEUtranCellFDD=1</attr>
    <attr name="anrCreated">false</attr>
    <attr name="isHoAllowed">true</attr>
  </mo>
  <mo fdn="SubNetwork=ONRM_RootMo_R,MeContext=LTE24ERBS00002,ManagedElement=1,ENodeBFunction=1,EUtranCellFDD=LTE24ERBS00002-1,EUtranFreqRelation=1,EUtranCellRelation=15" lastModified="1287618680181" mimName="ERBS_NODE_MODEL" mimVersion="A.9.50.J.9.1">
    <attr name="isRemoveAllowed">false</attr>
    <attr name="neighborCellRef">SubNetwork=ONRM_RootMo_R,MeContext=LTE24ERBS00002,ManagedElement=1,ENodeBFunction=1,EUtraNetwork=1,ExternalENodeBFunction=3687,ExternalEUtranCellFDD=2</attr>
    <attr name="anrCreated">false</attr>
    <attr name="isHoAllowed">true</attr>
  </mo>
  <mo fdn="SubNetwork=ONRM_RootMo_R,MeContext=LTE24ERBS00002,ManagedElement=1,ENodeBFunction=1,EUtranCellFDD=LTE24ERBS00002-1,EUtranFreqRelation=1,EUtranCellRelation=16" lastModified="1287618680181" mimName="ERBS_NODE_MODEL" mimVersion="A.9.50.J.9.1">
    <attr name="isRemoveAllowed">false</attr>
    <attr name="neighborCellRef">SubNetwork=ONRM_RootMo_R,MeContext=LTE24ERBS00002,ManagedElement=1,ENodeBFunction=1,EUtraNetwork=1,ExternalENodeBFunction=3688,ExternalEUtranCellFDD=1</attr>
    <attr name="anrCreated">false</attr>
    <attr name="isHoAllowed">true</attr>
  </mo>
  <mo fdn="SubNetwork=ONRM_RootMo_R,MeContext=LTE24ERBS00002,ManagedElement=1,ENodeBFunction=1,EUtranCellFDD=LTE24ERBS00002-1,EUtranFreqRelation=1,EUtranCellRelation=17" lastModified="1287618680179" mimName="ERBS_NODE_MODEL" mimVersion="A.9.50.J.9.1">
    <attr name="isRemoveAllowed">false</attr>
    <attr name="neighborCellRef">SubNetwork=ONRM_RootMo_R,MeContext=LTE24ERBS00002,ManagedElement=1,ENodeBFunction=1,EUtraNetwork=1,ExternalENodeBFunction=3688,ExternalEUtranCellFDD=2</attr>
    <attr name="anrCreated">false</attr>
    <attr name="isHoAllowed">true</attr>
  </mo>
  <mo fdn="SubNetwork=ONRM_RootMo_R,MeContext=LTE24ERBS00002,ManagedElement=1,ENodeBFunction=1,EUtranCellFDD=LTE24ERBS00002-1,EUtranFreqRelation=1,EUtranCellRelation=18" lastModified="1287618680177" mimName="ERBS_NODE_MODEL" mimVersion="A.9.50.J.9.1">
    <attr name="isRemoveAllowed">false</attr>
    <attr name="neighborCellRef">SubNetwork=ONRM_RootMo_R,MeContext=LTE24ERBS00002,ManagedElement=1,ENodeBFunction=1,EUtraNetwork=1,ExternalENodeBFunction=3689,ExternalEUtranCellFDD=1</attr>
    <attr name="anrCreated">false</attr>
    <attr name="isHoAllowed">true</attr>
  </mo>
  <mo fdn="SubNetwork=ONRM_RootMo_R,MeContext=LTE24ERBS00002,ManagedElement=1,ENodeBFunction=1,EUtranCellFDD=LTE24ERBS00002-1,EUtranFreqRelation=1,EUtranCellRelation=19" lastModified="1287618680175" mimName="ERBS_NODE_MODEL" mimVersion="A.9.50.J.9.1">
    <attr name="isRemoveAllowed">false</attr>
    <attr name="neighborCellRef">SubNetwork=ONRM_RootMo_R,MeContext=LTE24ERBS00002,ManagedElement=1,ENodeBFunction=1,EUtraNetwork=1,ExternalENodeBFunction=3689,ExternalEUtranCellFDD=2</attr>
    <attr name="anrCreated">false</attr>
    <attr name="isHoAllowed">true</attr>
  </mo>
  <mo fdn="SubNetwork=ONRM_RootMo_R,MeContext=LTE24ERBS00002,ManagedElement=1,ENodeBFunction=1,EUtranCellFDD=LTE24ERBS00002-1,EUtranFreqRelation=1,EUtranCellRelation=2" lastModified="1287605626926" mimName="ERBS_NODE_MODEL" mimVersion="A.9.50.J.9.1">
    <attr name="isRemoveAllowed">false</attr>
    <attr name="neighborCellRef">SubNetwork=ONRM_RootMo_R,MeContext=LTE24ERBS00002,ManagedElement=1,ENodeBFunction=1,EUtranCellFDD=LTE24ERBS00002-3</attr>
    <attr name="anrCreated">false</attr>
    <attr name="isHoAllowed">true</attr>
  </mo>
  <mo fdn="SubNetwork=ONRM_RootMo_R,MeContext=LTE24ERBS00002,ManagedElement=1,ENodeBFunction=1,EUtranCellFDD=LTE24ERBS00002-1,EUtranFreqRelation=1,EUtranCellRelation=20" lastModified="1287618680160" mimName="ERBS_NODE_MODEL" mimVersion="A.9.50.J.9.1">
    <attr name="isRemoveAllowed">false</attr>
    <attr name="neighborCellRef">SubNetwork=ONRM_RootMo_R,MeContext=LTE24ERBS00002,ManagedElement=1,ENodeBFunction=1,EUtraNetwork=1,ExternalENodeBFunction=3690,ExternalEUtranCellFDD=1</attr>
    <attr name="anrCreated">false</attr>
    <attr name="isHoAllowed">true</attr>
  </mo>
  <mo fdn="SubNetwork=ONRM_RootMo_R,MeContext=LTE24ERBS00002,ManagedElement=1,ENodeBFunction=1,EUtranCellFDD=LTE24ERBS00002-1,EUtranFreqRelation=1,EUtranCellRelation=21" lastModified="1287618680159" mimName="ERBS_NODE_MODEL" mimVersion="A.9.50.J.9.1">
    <attr name="isRemoveAllowed">false</attr>
    <attr name="neighborCellRef">SubNetwork=ONRM_RootMo_R,MeContext=LTE24ERBS00002,ManagedElement=1,ENodeBFunction=1,EUtraNetwork=1,ExternalENodeBFunction=3690,ExternalEUtranCellFDD=2</attr>
    <attr name="anrCreated">false</attr>
    <attr name="isHoAllowed">true</attr>
  </mo>
  <mo fdn="SubNetwork=ONRM_RootMo_R,MeContext=LTE24ERBS00002,ManagedElement=1,ENodeBFunction=1,EUtranCellFDD=LTE24ERBS00002-1,EUtranFreqRelation=1,EUtranCellRelation=22" lastModified="1287618680155" mimName="ERBS_NODE_MODEL" mimVersion="A.9.50.J.9.1">
    <attr name="isRemoveAllowed">false</attr>
    <attr name="neighborCellRef">SubNetwork=ONRM_RootMo_R,MeContext=LTE24ERBS00002,ManagedElement=1,ENodeBFunction=1,EUtraNetwork=1,ExternalENodeBFunction=3691,ExternalEUtranCellFDD=1</attr>
    <attr name="anrCreated">false</attr>
    <attr name="isHoAllowed">true</attr>
  </mo>
  <mo fdn="SubNetwork=ONRM_RootMo_R,MeContext=LTE24ERBS00002,ManagedElement=1,ENodeBFunction=1,EUtranCellFDD=LTE24ERBS00002-1,EUtranFreqRelation=1,EUtranCellRelation=23" lastModified="1287618680141" mimName="ERBS_NODE_MODEL" mimVersion="A.9.50.J.9.1">
    <attr name="isRemoveAllowed">false</attr>
    <attr name="neighborCellRef">SubNetwork=ONRM_RootMo_R,MeContext=LTE24ERBS00002,ManagedElement=1,ENodeBFunction=1,EUtraNetwork=1,ExternalENodeBFunction=3691,ExternalEUtranCellFDD=2</attr>
    <attr name="anrCreated">false</attr>
    <attr name="isHoAllowed">true</attr>
  </mo>
  <mo fdn="SubNetwork=ONRM_RootMo_R,MeContext=LTE24ERBS00002,ManagedElement=1,ENodeBFunction=1,EUtranCellFDD=LTE24ERBS00002-1,EUtranFreqRelation=1,EUtranCellRelation=24" lastModified="1287618680158" mimName="ERBS_NODE_MODEL" mimVersion="A.9.50.J.9.1">
    <attr name="isRemoveAllowed">false</attr>
    <attr name="neighborCellRef">SubNetwork=ONRM_RootMo_R,MeContext=LTE24ERBS00002,ManagedElement=1,ENodeBFunction=1,EUtraNetwork=1,ExternalENodeBFunction=3692,ExternalEUtranCellFDD=1</attr>
    <attr name="anrCreated">false</attr>
    <attr name="isHoAllowed">true</attr>
  </mo>
  <mo fdn="SubNetwork=ONRM_RootMo_R,MeContext=LTE24ERBS00002,ManagedElement=1,ENodeBFunction=1,EUtranCellFDD=LTE24ERBS00002-1,EUtranFreqRelation=1,EUtranCellRelation=25" lastModified="1287618680157" mimName="ERBS_NODE_MODEL" mimVersion="A.9.50.J.9.1">
    <attr name="isRemoveAllowed">false</attr>
    <attr name="neighborCellRef">SubNetwork=ONRM_RootMo_R,MeContext=LTE24ERBS00002,ManagedElement=1,ENodeBFunction=1,EUtraNetwork=1,ExternalENodeBFunction=3692,ExternalEUtranCellFDD=2</attr>
    <attr name="anrCreated">false</attr>
    <attr name="isHoAllowed">true</attr>
  </mo>
  <mo fdn="SubNetwork=ONRM_RootMo_R,MeContext=LTE24ERBS00002,ManagedElement=1,ENodeBFunction=1,EUtranCellFDD=LTE24ERBS00002-1,EUtranFreqRelation=1,EUtranCellRelation=26" lastModified="1287618680163" mimName="ERBS_NODE_MODEL" mimVersion="A.9.50.J.9.1">
    <attr name="isRemoveAllowed">false</attr>
    <attr name="neighborCellRef">SubNetwork=ONRM_RootMo_R,MeContext=LTE24ERBS00002,ManagedElement=1,ENodeBFunction=1,EUtraNetwork=1,ExternalENodeBFunction=3693,ExternalEUtranCellFDD=1</attr>
    <attr name="anrCreated">false</attr>
    <attr name="isHoAllowed">true</attr>
  </mo>
  <mo fdn="SubNetwork=ONRM_RootMo_R,MeContext=LTE24ERBS00002,ManagedElement=1,ENodeBFunction=1,EUtranCellFDD=LTE24ERBS00002-1,EUtranFreqRelation=1,EUtranCellRelation=27" lastModified="1287618680162" mimName="ERBS_NODE_MODEL" mimVersion="A.9.50.J.9.1">
    <attr name="isRemoveAllowed">false</attr>
    <attr name="neighborCellRef">SubNetwork=ONRM_RootMo_R,MeContext=LTE24ERBS00002,ManagedElement=1,ENodeBFunction=1,EUtraNetwork=1,ExternalENodeBFunction=3693,ExternalEUtranCellFDD=2</attr>
    <attr name="anrCreated">false</attr>
    <attr name="isHoAllowed">true</attr>
  </mo>
  <mo fdn="SubNetwork=ONRM_RootMo_R,MeContext=LTE24ERBS00002,ManagedElement=1,ENodeBFunction=1,EUtranCellFDD=LTE24ERBS00002-1,EUtranFreqRelation=1,EUtranCellRelation=28" lastModified="1287618680165" mimName="ERBS_NODE_MODEL" mimVersion="A.9.50.J.9.1">
    <attr name="isRemoveAllowed">false</attr>
    <attr name="neighborCellRef">SubNetwork=ONRM_RootMo_R,MeContext=LTE24ERBS00002,ManagedElement=1,ENodeBFunction=1,EUtraNetwork=1,ExternalENodeBFunction=3694,ExternalEUtranCellFDD=1</attr>
    <attr name="anrCreated">false</attr>
    <attr name="isHoAllowed">true</attr>
  </mo>
  <mo fdn="SubNetwork=ONRM_RootMo_R,MeContext=LTE24ERBS00002,ManagedElement=1,ENodeBFunction=1,EUtranCellFDD=LTE24ERBS00002-1,EUtranFreqRelation=1,EUtranCellRelation=29" lastModified="1287618680164" mimName="ERBS_NODE_MODEL" mimVersion="A.9.50.J.9.1">
    <attr name="isRemoveAllowed">false</attr>
    <attr name="neighborCellRef">SubNetwork=ONRM_RootMo_R,MeContext=LTE24ERBS00002,ManagedElement=1,ENodeBFunction=1,EUtraNetwork=1,ExternalENodeBFunction=3694,ExternalEUtranCellFDD=2</attr>
    <attr name="anrCreated">false</attr>
    <attr name="isHoAllowed">true</attr>
  </mo>
  <mo fdn="SubNetwork=ONRM_RootMo_R,MeContext=LTE24ERBS00002,ManagedElement=1,ENodeBFunction=1,EUtranCellFDD=LTE24ERBS00002-1,EUtranFreqRelation=1,EUtranCellRelation=3" lastModified="1287605626920" mimName="ERBS_NODE_MODEL" mimVersion="A.9.50.J.9.1">
    <attr name="isRemoveAllowed">false</attr>
    <attr name="neighborCellRef">SubNetwork=ONRM_RootMo_R,MeContext=LTE24ERBS00002,ManagedElement=1,ENodeBFunction=1,EUtranCellFDD=LTE24ERBS00002-4</attr>
    <attr name="anrCreated">false</attr>
    <attr name="isHoAllowed">true</attr>
  </mo>
  <mo fdn="SubNetwork=ONRM_RootMo_R,MeContext=LTE24ERBS00002,ManagedElement=1,ENodeBFunction=1,EUtranCellFDD=LTE24ERBS00002-1,EUtranFreqRelation=1,EUtranCellRelation=30" lastModified="1287618680170" mimName="ERBS_NODE_MODEL" mimVersion="A.9.50.J.9.1">
    <attr name="isRemoveAllowed">false</attr>
    <attr name="neighborCellRef">SubNetwork=ONRM_RootMo_R,MeContext=LTE24ERBS00002,ManagedElement=1,ENodeBFunction=1,EUtraNetwork=1,ExternalENodeBFunction=3695,ExternalEUtranCellFDD=1</attr>
    <attr name="anrCreated">false</attr>
    <attr name="isHoAllowed">true</attr>
  </mo>
  <mo fdn="SubNetwork=ONRM_RootMo_R,MeContext=LTE24ERBS00002,ManagedElement=1,ENodeBFunction=1,EUtranCellFDD=LTE24ERBS00002-1,EUtranFreqRelation=1,EUtranCellRelation=31" lastModified="1287618680168" mimName="ERBS_NODE_MODEL" mimVersion="A.9.50.J.9.1">
    <attr name="isRemoveAllowed">false</attr>
    <attr name="neighborCellRef">SubNetwork=ONRM_RootMo_R,MeContext=LTE24ERBS00002,ManagedElement=1,ENodeBFunction=1,EUtraNetwork=1,ExternalENodeBFunction=3695,ExternalEUtranCellFDD=2</attr>
    <attr name="anrCreated">false</attr>
    <attr name="isHoAllowed">true</attr>
  </mo>
  <mo fdn="SubNetwork=ONRM_RootMo_R,MeContext=LTE24ERBS00002,ManagedElement=1,ENodeBFunction=1,EUtranCellFDD=LTE24ERBS00002-1,EUtranFreqRelation=1,EUtranCellRelation=32" lastModified="1287618680167" mimName="ERBS_NODE_MODEL" mimVersion="A.9.50.J.9.1">
    <attr name="isRemoveAllowed">false</attr>
    <attr name="neighborCellRef">SubNetwork=ONRM_RootMo_R,MeContext=LTE24ERBS00002,ManagedElement=1,ENodeBFunction=1,EUtraNetwork=1,ExternalENodeBFunction=3696,ExternalEUtranCellFDD=1</attr>
    <attr name="anrCreated">false</attr>
    <attr name="isHoAllowed">true</attr>
  </mo>
  <mo fdn="SubNetwork=ONRM_RootMo_R,MeContext=LTE24ERBS00002,ManagedElement=1,ENodeBFunction=1,EUtranCellFDD=LTE24ERBS00002-1,EUtranFreqRelation=1,EUtranCellRelation=33" lastModified="1287618680174" mimName="ERBS_NODE_MODEL" mimVersion="A.9.50.J.9.1">
    <attr name="isRemoveAllowed">false</attr>
    <attr name="neighborCellRef">SubNetwork=ONRM_RootMo_R,MeContext=LTE24ERBS00002,ManagedElement=1,ENodeBFunction=1,EUtraNetwork=1,ExternalENodeBFunction=3696,ExternalEUtranCellFDD=2</attr>
    <attr name="anrCreated">false</attr>
    <attr name="isHoAllowed">true</attr>
  </mo>
  <mo fdn="SubNetwork=ONRM_RootMo_R,MeContext=LTE24ERBS00002,ManagedElement=1,ENodeBFunction=1,EUtranCellFDD=LTE24ERBS00002-1,EUtranFreqRelation=1,EUtranCellRelation=4" lastModified="1287610137331" mimName="ERBS_NODE_MODEL" mimVersion="A.9.50.J.9.1">
    <attr name="isRemoveAllowed">false</attr>
    <attr name="neighborCellRef">SubNetwork=ONRM_RootMo_R,MeContext=LTE24ERBS00002,ManagedElement=1,ENodeBFunction=1,EUtraNetwork=1,ExternalENodeBFunction=3681,ExternalEUtranCellFDD=1</attr>
    <attr name="anrCreated">false</attr>
    <attr name="isHoAllowed">true</attr>
  </mo>
  <mo fdn="SubNetwork=ONRM_RootMo_R,MeContext=LTE24ERBS00002,ManagedElement=1,ENodeBFunction=1,EUtranCellFDD=LTE24ERBS00002-1,EUtranFreqRelation=1,EUtranCellRelation=5" lastModified="1287610137334" mimName="ERBS_NODE_MODEL" mimVersion="A.9.50.J.9.1">
    <attr name="isRemoveAllowed">false</attr>
    <attr name="neighborCellRef">SubNetwork=ONRM_RootMo_R,MeContext=LTE24ERBS00002,ManagedElement=1,ENodeBFunction=1,EUtraNetwork=1,ExternalENodeBFunction=3681,ExternalEUtranCellFDD=2</attr>
    <attr name="anrCreated">false</attr>
    <attr name="isHoAllowed">true</attr>
  </mo>
  <mo fdn="SubNetwork=ONRM_RootMo_R,MeContext=LTE24ERBS00002,ManagedElement=1,ENodeBFunction=1,EUtranCellFDD=LTE24ERBS00002-1,EUtranFreqRelation=1,EUtranCellRelation=6" lastModified="1287618680178" mimName="ERBS_NODE_MODEL" mimVersion="A.9.50.J.9.1">
    <attr name="isRemoveAllowed">false</attr>
    <attr name="neighborCellRef">SubNetwork=ONRM_RootMo_R,MeContext=LTE24ERBS00002,ManagedElement=1,ENodeBFunction=1,EUtraNetwork=1,ExternalENodeBFunction=3683,ExternalEUtranCellFDD=1</attr>
    <attr name="anrCreated">false</attr>
    <attr name="isHoAllowed">true</attr>
  </mo>
  <mo fdn="SubNetwork=ONRM_RootMo_R,MeContext=LTE24ERBS00002,ManagedElement=1,ENodeBFunction=1,EUtranCellFDD=LTE24ERBS00002-1,EUtranFreqRelation=1,EUtranCellRelation=7" lastModified="1287618680180" mimName="ERBS_NODE_MODEL" mimVersion="A.9.50.J.9.1">
    <attr name="isRemoveAllowed">false</attr>
    <attr name="neighborCellRef">SubNetwork=ONRM_RootMo_R,MeContext=LTE24ERBS00002,ManagedElement=1,ENodeBFunction=1,EUtraNetwork=1,ExternalENodeBFunction=3683,ExternalEUtranCellFDD=2</attr>
    <attr name="anrCreated">false</attr>
    <attr name="isHoAllowed">true</attr>
  </mo>
  <mo fdn="SubNetwork=ONRM_RootMo_R,MeContext=LTE24ERBS00002,ManagedElement=1,ENodeBFunction=1,EUtranCellFDD=LTE24ERBS00002-1,EUtranFreqRelation=1,EUtranCellRelation=8" lastModified="1287618680174" mimName="ERBS_NODE_MODEL" mimVersion="A.9.50.J.9.1">
    <attr name="isRemoveAllowed">false</attr>
    <attr name="neighborCellRef">SubNetwork=ONRM_RootMo_R,MeContext=LTE24ERBS00002,ManagedElement=1,ENodeBFunction=1,EUtraNetwork=1,ExternalENodeBFunction=3684,ExternalEUtranCellFDD=1</attr>
    <attr name="anrCreated">false</attr>
    <attr name="isHoAllowed">true</attr>
  </mo>
  <mo fdn="SubNetwork=ONRM_RootMo_R,MeContext=LTE24ERBS00002,ManagedElement=1,ENodeBFunction=1,EUtranCellFDD=LTE24ERBS00002-1,EUtranFreqRelation=1,EUtranCellRelation=9" lastModified="1287618680176" mimName="ERBS_NODE_MODEL" mimVersion="A.9.50.J.9.1">
    <attr name="isRemoveAllowed">false</attr>
    <attr name="neighborCellRef">SubNetwork=ONRM_RootMo_R,MeContext=LTE24ERBS00002,ManagedElement=1,ENodeBFunction=1,EUtraNetwork=1,ExternalENodeBFunction=3684,ExternalEUtranCellFDD=2</attr>
    <attr name="anrCreated">false</attr>
    <attr name="isHoAllowed">true</attr>
  </mo>
  <mo fdn="SubNetwork=ONRM_RootMo_R,MeContext=LTE24ERBS00002,ManagedElement=1,ENodeBFunction=1,EUtranCellFDD=LTE24ERBS00002-2" lastModified="1287631315149" mimName="ERBS_NODE_MODEL" mimVersion="A.9.50.J.9.1">
    <attr name="EUtranCellFDDId">LTE24ERBS00002-2</attr>
    <attr name="earfcnul">18000</attr>
    <attr name="cellId">2</attr>
    <attr name="tac">1</attr>
    <attr name="bPlmnList">
      <seq count="1">
        <item>
          <struct>
            <attr name="mcc">311</attr>
            <attr name="mnc">180</attr>
            <attr name="mncLength">2</attr>
          </struct>
        </item>
      </seq>
    </attr>
    <attr name="earfcndl">0</attr>
    <attr name="userLabel">LTE24ERBS00002-2</attr>
  </mo>
  <mo fdn="SubNetwork=ONRM_RootMo_R,MeContext=LTE24ERBS00002,ManagedElement=1,ENodeBFunction=1,EUtranCellFDD=LTE24ERBS00002-2,EUtranFreqRelation=1,EUtranCellRelation=1" lastModified="1287605625421" mimName="ERBS_NODE_MODEL" mimVersion="A.9.50.J.9.1">
    <attr name="isRemoveAllowed">false</attr>
    <attr name="neighborCellRef">SubNetwork=ONRM_RootMo_R,MeContext=LTE24ERBS00002,ManagedElement=1,ENodeBFunction=1,EUtranCellFDD=LTE24ERBS00002-1</attr>
    <attr name="anrCreated">false</attr>
    <attr name="isHoAllowed">true</attr>
  </mo>
  <mo fdn="SubNetwork=ONRM_RootMo_R,MeContext=LTE24ERBS00002,ManagedElement=1,ENodeBFunction=1,EUtranCellFDD=LTE24ERBS00002-2,EUtranFreqRelation=1,EUtranCellRelation=10" lastModified="1287618681355" mimName="ERBS_NODE_MODEL" mimVersion="A.9.50.J.9.1">
    <attr name="isRemoveAllowed">false</attr>
    <attr name="neighborCellRef">SubNetwork=ONRM_RootMo_R,MeContext=LTE24ERBS00002,ManagedElement=1,ENodeBFunction=1,EUtraNetwork=1,ExternalENodeBFunction=3685,ExternalEUtranCellFDD=1</attr>
    <attr name="anrCreated">false</attr>
    <attr name="isHoAllowed">true</attr>
  </mo>
  <mo fdn="SubNetwork=ONRM_RootMo_R,MeContext=LTE24ERBS00002,ManagedElement=1,ENodeBFunction=1,EUtranCellFDD=LTE24ERBS00002-2,EUtranFreqRelation=1,EUtranCellRelation=11" lastModified="1287618681353" mimName="ERBS_NODE_MODEL" mimVersion="A.9.50.J.9.1">
    <attr name="isRemoveAllowed">false</attr>
    <attr name="neighborCellRef">SubNetwork=ONRM_RootMo_R,MeContext=LTE24ERBS00002,ManagedElement=1,ENodeBFunction=1,EUtraNetwork=1,ExternalENodeBFunction=3685,ExternalEUtranCellFDD=2</attr>
    <attr name="anrCreated">false</attr>
    <attr name="isHoAllowed">true</attr>
  </mo>
  <mo fdn="SubNetwork=ONRM_RootMo_R,MeContext=LTE24ERBS00002,ManagedElement=1,ENodeBFunction=1,EUtranCellFDD=LTE24ERBS00002-2,EUtranFreqRelation=1,EUtranCellRelation=12" lastModified="1287618681352" mimName="ERBS_NODE_MODEL" mimVersion="A.9.50.J.9.1">
    <attr name="isRemoveAllowed">false</attr>
    <attr name="neighborCellRef">SubNetwork=ONRM_RootMo_R,MeContext=LTE24ERBS00002,ManagedElement=1,ENodeBFunction=1,EUtraNetwork=1,ExternalENodeBFunction=3686,ExternalEUtranCellFDD=1</attr>
    <attr name="anrCreated">false</attr>
    <attr name="isHoAllowed">true</attr>
  </mo>
  <mo fdn="SubNetwork=ONRM_RootMo_R,MeContext=LTE24ERBS00002,ManagedElement=1,ENodeBFunction=1,EUtranCellFDD=LTE24ERBS00002-2,EUtranFreqRelation=1,EUtranCellRelation=13" lastModified="1287618681350" mimName="ERBS_NODE_MODEL" mimVersion="A.9.50.J.9.1">
    <attr name="isRemoveAllowed">false</attr>
    <attr name="neighborCellRef">SubNetwork=ONRM_RootMo_R,MeContext=LTE24ERBS00002,ManagedElement=1,ENodeBFunction=1,EUtraNetwork=1,ExternalENodeBFunction=3686,ExternalEUtranCellFDD=2</attr>
    <attr name="anrCreated">false</attr>
    <attr name="isHoAllowed">true</attr>
  </mo>
  <mo fdn="SubNetwork=ONRM_RootMo_R,MeContext=LTE24ERBS00002,ManagedElement=1,ENodeBFunction=1,EUtranCellFDD=LTE24ERBS00002-2,EUtranFreqRelation=1,EUtranCellRelation=14" lastModified="1287618681346" mimName="ERBS_NODE_MODEL" mimVersion="A.9.50.J.9.1">
    <attr name="isRemoveAllowed">false</attr>
    <attr name="neighborCellRef">SubNetwork=ONRM_RootMo_R,MeContext=LTE24ERBS00002,ManagedElement=1,ENodeBFunction=1,EUtraNetwork=1,ExternalENodeBFunction=3687,ExternalEUtranCellFDD=1</attr>
    <attr name="anrCreated">false</attr>
    <attr name="isHoAllowed">true</attr>
  </mo>
  <mo fdn="SubNetwork=ONRM_RootMo_R,MeContext=LTE24ERBS00002,ManagedElement=1,ENodeBFunction=1,EUtranCellFDD=LTE24ERBS00002-2,EUtranFreqRelation=1,EUtranCellRelation=15" lastModified="1287618681366" mimName="ERBS_NODE_MODEL" mimVersion="A.9.50.J.9.1">
    <attr name="isRemoveAllowed">false</attr>
    <attr name="neighborCellRef">SubNetwork=ONRM_RootMo_R,MeContext=LTE24ERBS00002,ManagedElement=1,ENodeBFunction=1,EUtraNetwork=1,ExternalENodeBFunction=3687,ExternalEUtranCellFDD=2</attr>
    <attr name="anrCreated">false</attr>
    <attr name="isHoAllowed">true</attr>
  </mo>
  <mo fdn="SubNetwork=ONRM_RootMo_R,MeContext=LTE24ERBS00002,ManagedElement=1,ENodeBFunction=1,EUtranCellFDD=LTE24ERBS00002-2,EUtranFreqRelation=1,EUtranCellRelation=16" lastModified="1287618681365" mimName="ERBS_NODE_MODEL" mimVersion="A.9.50.J.9.1">
    <attr name="isRemoveAllowed">false</attr>
    <attr name="neighborCellRef">SubNetwork=ONRM_RootMo_R,MeContext=LTE24ERBS00002,ManagedElement=1,ENodeBFunction=1,EUtraNetwork=1,ExternalENodeBFunction=3688,ExternalEUtranCellFDD=1</attr>
    <attr name="anrCreated">false</attr>
    <attr name="isHoAllowed">true</attr>
  </mo>
  <mo fdn="SubNetwork=ONRM_RootMo_R,MeContext=LTE24ERBS00002,ManagedElement=1,ENodeBFunction=1,EUtranCellFDD=LTE24ERBS00002-2,EUtranFreqRelation=1,EUtranCellRelation=17" lastModified="1287618681362" mimName="ERBS_NODE_MODEL" mimVersion="A.9.50.J.9.1">
    <attr name="isRemoveAllowed">false</attr>
    <attr name="neighborCellRef">SubNetwork=ONRM_RootMo_R,MeContext=LTE24ERBS00002,ManagedElement=1,ENodeBFunction=1,EUtraNetwork=1,ExternalENodeBFunction=3688,ExternalEUtranCellFDD=2</attr>
    <attr name="anrCreated">false</attr>
    <attr name="isHoAllowed">true</attr>
  </mo>
  <mo fdn="SubNetwork=ONRM_RootMo_R,MeContext=LTE24ERBS00002,ManagedElement=1,ENodeBFunction=1,EUtranCellFDD=LTE24ERBS00002-2,EUtranFreqRelation=1,EUtranCellRelation=18" lastModified="1287618681360" mimName="ERBS_NODE_MODEL" mimVersion="A.9.50.J.9.1">
    <attr name="isRemoveAllowed">false</attr>
    <attr name="neighborCellRef">SubNetwork=ONRM_RootMo_R,MeContext=LTE24ERBS00002,ManagedElement=1,ENodeBFunction=1,EUtraNetwork=1,ExternalENodeBFunction=3689,ExternalEUtranCellFDD=1</attr>
    <attr name="anrCreated">false</attr>
    <attr name="isHoAllowed">true</attr>
  </mo>
  <mo fdn="SubNetwork=ONRM_RootMo_R,MeContext=LTE24ERBS00002,ManagedElement=1,ENodeBFunction=1,EUtranCellFDD=LTE24ERBS00002-2,EUtranFreqRelation=1,EUtranCellRelation=19" lastModified="1287618681358" mimName="ERBS_NODE_MODEL" mimVersion="A.9.50.J.9.1">
    <attr name="isRemoveAllowed">false</attr>
    <attr name="neighborCellRef">SubNetwork=ONRM_RootMo_R,MeContext=LTE24ERBS00002,ManagedElement=1,ENodeBFunction=1,EUtraNetwork=1,ExternalENodeBFunction=3689,ExternalEUtranCellFDD=2</attr>
    <attr name="anrCreated">false</attr>
    <attr name="isHoAllowed">true</attr>
  </mo>
  <mo fdn="SubNetwork=ONRM_RootMo_R,MeContext=LTE24ERBS00002,ManagedElement=1,ENodeBFunction=1,EUtranCellFDD=LTE24ERBS00002-2,EUtranFreqRelation=1,EUtranCellRelation=2" lastModified="1287605625414" mimName="ERBS_NODE_MODEL" mimVersion="A.9.50.J.9.1">
    <attr name="isRemoveAllowed">false</attr>
    <attr name="neighborCellRef">SubNetwork=ONRM_RootMo_R,MeContext=LTE24ERBS00002,ManagedElement=1,ENodeBFunction=1,EUtranCellFDD=LTE24ERBS00002-3</attr>
    <attr name="anrCreated">false</attr>
    <attr name="isHoAllowed">true</attr>
  </mo>
  <mo fdn="SubNetwork=ONRM_RootMo_R,MeContext=LTE24ERBS00002,ManagedElement=1,ENodeBFunction=1,EUtranCellFDD=LTE24ERBS00002-2,EUtranFreqRelation=1,EUtranCellRelation=20" lastModified="1287618681338" mimName="ERBS_NODE_MODEL" mimVersion="A.9.50.J.9.1">
    <attr name="isRemoveAllowed">false</attr>
    <attr name="neighborCellRef">SubNetwork=ONRM_RootMo_R,MeContext=LTE24ERBS00002,ManagedElement=1,ENodeBFunction=1,EUtraNetwork=1,ExternalENodeBFunction=3690,ExternalEUtranCellFDD=1</attr>
    <attr name="anrCreated">false</attr>
    <attr name="isHoAllowed">true</attr>
  </mo>
  <mo fdn="SubNetwork=ONRM_RootMo_R,MeContext=LTE24ERBS00002,ManagedElement=1,ENodeBFunction=1,EUtranCellFDD=LTE24ERBS00002-2,EUtranFreqRelation=1,EUtranCellRelation=21" lastModified="1287618681336" mimName="ERBS_NODE_MODEL" mimVersion="A.9.50.J.9.1">
    <attr name="isRemoveAllowed">false</attr>
    <attr name="neighborCellRef">SubNetwork=ONRM_RootMo_R,MeContext=LTE24ERBS00002,ManagedElement=1,ENodeBFunction=1,EUtraNetwork=1,ExternalENodeBFunction=3690,ExternalEUtranCellFDD=2</attr>
    <attr name="anrCreated">false</attr>
    <attr name="isHoAllowed">true</attr>
  </mo>
  <mo fdn="SubNetwork=ONRM_RootMo_R,MeContext=LTE24ERBS00002,ManagedElement=1,ENodeBFunction=1,EUtranCellFDD=LTE24ERBS00002-2,EUtranFreqRelation=1,EUtranCellRelation=22" lastModified="1287618681330" mimName="ERBS_NODE_MODEL" mimVersion="A.9.50.J.9.1">
    <attr name="isRemoveAllowed">false</attr>
    <attr name="neighborCellRef">SubNetwork=ONRM_RootMo_R,MeContext=LTE24ERBS00002,ManagedElement=1,ENodeBFunction=1,EUtraNetwork=1,ExternalENodeBFunction=3691,ExternalEUtranCellFDD=1</attr>
    <attr name="anrCreated">false</attr>
    <attr name="isHoAllowed">true</attr>
  </mo>
  <mo fdn="SubNetwork=ONRM_RootMo_R,MeContext=LTE24ERBS00002,ManagedElement=1,ENodeBFunction=1,EUtranCellFDD=LTE24ERBS00002-2,EUtranFreqRelation=1,EUtranCellRelation=23" lastModified="1287618681315" mimName="ERBS_NODE_MODEL" mimVersion="A.9.50.J.9.1">
    <attr name="isRemoveAllowed">false</attr>
    <attr name="neighborCellRef">SubNetwork=ONRM_RootMo_R,MeContext=LTE24ERBS00002,ManagedElement=1,ENodeBFunction=1,EUtraNetwork=1,ExternalENodeBFunction=3691,ExternalEUtranCellFDD=2</attr>
    <attr name="anrCreated">false</attr>
    <attr name="isHoAllowed">true</attr>
  </mo>
  <mo fdn="SubNetwork=ONRM_RootMo_R,MeContext=LTE24ERBS00002,ManagedElement=1,ENodeBFunction=1,EUtranCellFDD=LTE24ERBS00002-2,EUtranFreqRelation=1,EUtranCellRelation=24" lastModified="1287618681334" mimName="ERBS_NODE_MODEL" mimVersion="A.9.50.J.9.1">
    <attr name="isRemoveAllowed">false</attr>
    <attr name="neighborCellRef">SubNetwork=ONRM_RootMo_R,MeContext=LTE24ERBS00002,ManagedElement=1,ENodeBFunction=1,EUtraNetwork=1,ExternalENodeBFunction=3692,ExternalEUtranCellFDD=1</attr>
    <attr name="anrCreated">false</attr>
    <attr name="isHoAllowed">true</attr>
  </mo>
  <mo fdn="SubNetwork=ONRM_RootMo_R,MeContext=LTE24ERBS00002,ManagedElement=1,ENodeBFunction=1,EUtranCellFDD=LTE24ERBS00002-2,EUtranFreqRelation=1,EUtranCellRelation=25" lastModified="1287618681332" mimName="ERBS_NODE_MODEL" mimVersion="A.9.50.J.9.1">
    <attr name="isRemoveAllowed">false</attr>
    <attr name="neighborCellRef">SubNetwork=ONRM_RootMo_R,MeContext=LTE24ERBS00002,ManagedElement=1,ENodeBFunction=1,EUtraNetwork=1,ExternalENodeBFunction=3692,ExternalEUtranCellFDD=2</attr>
    <attr name="anrCreated">false</attr>
    <attr name="isHoAllowed">true</attr>
  </mo>
  <mo fdn="SubNetwork=ONRM_RootMo_R,MeContext=LTE24ERBS00002,ManagedElement=1,ENodeBFunction=1,EUtranCellFDD=LTE24ERBS00002-2,EUtranFreqRelation=1,EUtranCellRelation=26" lastModified="1287618681342" mimName="ERBS_NODE_MODEL" mimVersion="A.9.50.J.9.1">
    <attr name="isRemoveAllowed">false</attr>
    <attr name="neighborCellRef">SubNetwork=ONRM_RootMo_R,MeContext=LTE24ERBS00002,ManagedElement=1,ENodeBFunction=1,EUtraNetwork=1,ExternalENodeBFunction=3693,ExternalEUtranCellFDD=1</attr>
    <attr name="anrCreated">false</attr>
    <attr name="isHoAllowed">true</attr>
  </mo>
  <mo fdn="SubNetwork=ONRM_RootMo_R,MeContext=LTE24ERBS00002,ManagedElement=1,ENodeBFunction=1,EUtranCellFDD=LTE24ERBS00002-2,EUtranFreqRelation=1,EUtranCellRelation=27" lastModified="1287618681341" mimName="ERBS_NODE_MODEL" mimVersion="A.9.50.J.9.1">
    <attr name="isRemoveAllowed">false</attr>
    <attr name="neighborCellRef">SubNetwork=ONRM_RootMo_R,MeContext=LTE24ERBS00002,ManagedElement=1,ENodeBFunction=1,EUtraNetwork=1,ExternalENodeBFunction=3693,ExternalEUtranCellFDD=2</attr>
    <attr name="anrCreated">false</attr>
    <attr name="isHoAllowed">true</attr>
  </mo>
  <mo fdn="SubNetwork=ONRM_RootMo_R,MeContext=LTE24ERBS00002,ManagedElement=1,ENodeBFunction=1,EUtranCellFDD=LTE24ERBS00002-2,EUtranFreqRelation=1,EUtranCellRelation=28" lastModified="1287618681344" mimName="ERBS_NODE_MODEL" mimVersion="A.9.50.J.9.1">
    <attr name="isRemoveAllowed">false</attr>
    <attr name="neighborCellRef">SubNetwork=ONRM_RootMo_R,MeContext=LTE24ERBS00002,ManagedElement=1,ENodeBFunction=1,EUtraNetwork=1,ExternalENodeBFunction=3694,ExternalEUtranCellFDD=1</attr>
    <attr name="anrCreated">false</attr>
    <attr name="isHoAllowed">true</attr>
  </mo>
  <mo fdn="SubNetwork=ONRM_RootMo_R,MeContext=LTE24ERBS00002,ManagedElement=1,ENodeBFunction=1,EUtranCellFDD=LTE24ERBS00002-2,EUtranFreqRelation=1,EUtranCellRelation=29" lastModified="1287618681343" mimName="ERBS_NODE_MODEL" mimVersion="A.9.50.J.9.1">
    <attr name="isRemoveAllowed">false</attr>
    <attr name="neighborCellRef">SubNetwork=ONRM_RootMo_R,MeContext=LTE24ERBS00002,ManagedElement=1,ENodeBFunction=1,EUtraNetwork=1,ExternalENodeBFunction=3694,ExternalEUtranCellFDD=2</attr>
    <attr name="anrCreated">false</attr>
    <attr name="isHoAllowed">true</attr>
  </mo>
  <mo fdn="SubNetwork=ONRM_RootMo_R,MeContext=LTE24ERBS00002,ManagedElement=1,ENodeBFunction=1,EUtranCellFDD=LTE24ERBS00002-2,EUtranFreqRelation=1,EUtranCellRelation=3" lastModified="1287605625380" mimName="ERBS_NODE_MODEL" mimVersion="A.9.50.J.9.1">
    <attr name="isRemoveAllowed">false</attr>
    <attr name="neighborCellRef">SubNetwork=ONRM_RootMo_R,MeContext=LTE24ERBS00002,ManagedElement=1,ENodeBFunction=1,EUtranCellFDD=LTE24ERBS00002-4</attr>
    <attr name="anrCreated">false</attr>
    <attr name="isHoAllowed">true</attr>
  </mo>
  <mo fdn="SubNetwork=ONRM_RootMo_R,MeContext=LTE24ERBS00002,ManagedElement=1,ENodeBFunction=1,EUtranCellFDD=LTE24ERBS00002-2,EUtranFreqRelation=1,EUtranCellRelation=30" lastModified="1287618681351" mimName="ERBS_NODE_MODEL" mimVersion="A.9.50.J.9.1">
    <attr name="isRemoveAllowed">false</attr>
    <attr name="neighborCellRef">SubNetwork=ONRM_RootMo_R,MeContext=LTE24ERBS00002,ManagedElement=1,ENodeBFunction=1,EUtraNetwork=1,ExternalENodeBFunction=3695,ExternalEUtranCellFDD=1</attr>
    <attr name="anrCreated">false</attr>
    <attr name="isHoAllowed">true</attr>
  </mo>
  <mo fdn="SubNetwork=ONRM_RootMo_R,MeContext=LTE24ERBS00002,ManagedElement=1,ENodeBFunction=1,EUtranCellFDD=LTE24ERBS00002-2,EUtranFreqRelation=1,EUtranCellRelation=31" lastModified="1287618681349" mimName="ERBS_NODE_MODEL" mimVersion="A.9.50.J.9.1">
    <attr name="isRemoveAllowed">false</attr>
    <attr name="neighborCellRef">SubNetwork=ONRM_RootMo_R,MeContext=LTE24ERBS00002,ManagedElement=1,ENodeBFunction=1,EUtraNetwork=1,ExternalENodeBFunction=3695,ExternalEUtranCellFDD=2</attr>
    <attr name="anrCreated">false</attr>
    <attr name="isHoAllowed">true</attr>
  </mo>
  <mo fdn="SubNetwork=ONRM_RootMo_R,MeContext=LTE24ERBS00002,ManagedElement=1,ENodeBFunction=1,EUtranCellFDD=LTE24ERBS00002-2,EUtranFreqRelation=1,EUtranCellRelation=32" lastModified="1287618681347" mimName="ERBS_NODE_MODEL" mimVersion="A.9.50.J.9.1">
    <attr name="isRemoveAllowed">false</attr>
    <attr name="neighborCellRef">SubNetwork=ONRM_RootMo_R,MeContext=LTE24ERBS00002,ManagedElement=1,ENodeBFunction=1,EUtraNetwork=1,ExternalENodeBFunction=3696,ExternalEUtranCellFDD=1</attr>
    <attr name="anrCreated">false</attr>
    <attr name="isHoAllowed">true</attr>
  </mo>
  <mo fdn="SubNetwork=ONRM_RootMo_R,MeContext=LTE24ERBS00002,ManagedElement=1,ENodeBFunction=1,EUtranCellFDD=LTE24ERBS00002-2,EUtranFreqRelation=1,EUtranCellRelation=33" lastModified="1287618681356" mimName="ERBS_NODE_MODEL" mimVersion="A.9.50.J.9.1">
    <attr name="isRemoveAllowed">false</attr>
    <attr name="neighborCellRef">SubNetwork=ONRM_RootMo_R,MeContext=LTE24ERBS00002,ManagedElement=1,ENodeBFunction=1,EUtraNetwork=1,ExternalENodeBFunction=3696,ExternalEUtranCellFDD=2</attr>
    <attr name="anrCreated">false</attr>
    <attr name="isHoAllowed">true</attr>
  </mo>
  <mo fdn="SubNetwork=ONRM_RootMo_R,MeContext=LTE24ERBS00002,ManagedElement=1,ENodeBFunction=1,EUtranCellFDD=LTE24ERBS00002-2,EUtranFreqRelation=1,EUtranCellRelation=4" lastModified="1287610136991" mimName="ERBS_NODE_MODEL" mimVersion="A.9.50.J.9.1">
    <attr name="isRemoveAllowed">false</attr>
    <attr name="neighborCellRef">SubNetwork=ONRM_RootMo_R,MeContext=LTE24ERBS00002,ManagedElement=1,ENodeBFunction=1,EUtraNetwork=1,ExternalENodeBFunction=3681,ExternalEUtranCellFDD=1</attr>
    <attr name="anrCreated">false</attr>
    <attr name="isHoAllowed">true</attr>
  </mo>
  <mo fdn="SubNetwork=ONRM_RootMo_R,MeContext=LTE24ERBS00002,ManagedElement=1,ENodeBFunction=1,EUtranCellFDD=LTE24ERBS00002-2,EUtranFreqRelation=1,EUtranCellRelation=5" lastModified="1287610136993" mimName="ERBS_NODE_MODEL" mimVersion="A.9.50.J.9.1">
    <attr name="isRemoveAllowed">false</attr>
    <attr name="neighborCellRef">SubNetwork=ONRM_RootMo_R,MeContext=LTE24ERBS00002,ManagedElement=1,ENodeBFunction=1,EUtraNetwork=1,ExternalENodeBFunction=3681,ExternalEUtranCellFDD=2</attr>
    <attr name="anrCreated">false</attr>
    <attr name="isHoAllowed">true</attr>
  </mo>
  <mo fdn="SubNetwork=ONRM_RootMo_R,MeContext=LTE24ERBS00002,ManagedElement=1,ENodeBFunction=1,EUtranCellFDD=LTE24ERBS00002-2,EUtranFreqRelation=1,EUtranCellRelation=6" lastModified="1287618681361" mimName="ERBS_NODE_MODEL" mimVersion="A.9.50.J.9.1">
    <attr name="isRemoveAllowed">false</attr>
    <attr name="neighborCellRef">SubNetwork=ONRM_RootMo_R,MeContext=LTE24ERBS00002,ManagedElement=1,ENodeBFunction=1,EUtraNetwork=1,ExternalENodeBFunction=3683,ExternalEUtranCellFDD=1</attr>
    <attr name="anrCreated">false</attr>
    <attr name="isHoAllowed">true</attr>
  </mo>
  <mo fdn="SubNetwork=ONRM_RootMo_R,MeContext=LTE24ERBS00002,ManagedElement=1,ENodeBFunction=1,EUtranCellFDD=LTE24ERBS00002-2,EUtranFreqRelation=1,EUtranCellRelation=7" lastModified="1287618681364" mimName="ERBS_NODE_MODEL" mimVersion="A.9.50.J.9.1">
    <attr name="isRemoveAllowed">false</attr>
    <attr name="neighborCellRef">SubNetwork=ONRM_RootMo_R,MeContext=LTE24ERBS00002,ManagedElement=1,ENodeBFunction=1,EUtraNetwork=1,ExternalENodeBFunction=3683,ExternalEUtranCellFDD=2</attr>
    <attr name="anrCreated">false</attr>
    <attr name="isHoAllowed">true</attr>
  </mo>
  <mo fdn="SubNetwork=ONRM_RootMo_R,MeContext=LTE24ERBS00002,ManagedElement=1,ENodeBFunction=1,EUtranCellFDD=LTE24ERBS00002-2,EUtranFreqRelation=1,EUtranCellRelation=8" lastModified="1287618681357" mimName="ERBS_NODE_MODEL" mimVersion="A.9.50.J.9.1">
    <attr name="isRemoveAllowed">false</attr>
    <attr name="neighborCellRef">SubNetwork=ONRM_RootMo_R,MeContext=LTE24ERBS00002,ManagedElement=1,ENodeBFunction=1,EUtraNetwork=1,ExternalENodeBFunction=3684,ExternalEUtranCellFDD=1</attr>
    <attr name="anrCreated">false</attr>
    <attr name="isHoAllowed">true</attr>
  </mo>
  <mo fdn="SubNetwork=ONRM_RootMo_R,MeContext=LTE24ERBS00002,ManagedElement=1,ENodeBFunction=1,EUtranCellFDD=LTE24ERBS00002-2,EUtranFreqRelation=1,EUtranCellRelation=9" lastModified="1287618681359" mimName="ERBS_NODE_MODEL" mimVersion="A.9.50.J.9.1">
    <attr name="isRemoveAllowed">false</attr>
    <attr name="neighborCellRef">SubNetwork=ONRM_RootMo_R,MeContext=LTE24ERBS00002,ManagedElement=1,ENodeBFunction=1,EUtraNetwork=1,ExternalENodeBFunction=3684,ExternalEUtranCellFDD=2</attr>
    <attr name="anrCreated">false</attr>
    <attr name="isHoAllowed">true</attr>
  </mo>
  <mo fdn="SubNetwork=ONRM_RootMo_R,MeContext=LTE24ERBS00002,ManagedElement=1,ENodeBFunction=1,EUtranCellFDD=LTE24ERBS00002-3" lastModified="1287631316222" mimName="ERBS_NODE_MODEL" mimVersion="A.9.50.J.9.1">
    <attr name="EUtranCellFDDId">LTE24ERBS00002-3</attr>
    <attr name="earfcnul">18000</attr>
    <attr name="cellId">3</attr>
    <attr name="tac">1</attr>
    <attr name="bPlmnList">
      <seq count="1">
        <item>
          <struct>
            <attr name="mcc">311</attr>
            <attr name="mnc">180</attr>
            <attr name="mncLength">2</attr>
          </struct>
        </item>
      </seq>
    </attr>
    <attr name="earfcndl">0</attr>
    <attr name="userLabel">LTE24ERBS00002-3</attr>
  </mo>
  <mo fdn="SubNetwork=ONRM_RootMo_R,MeContext=LTE24ERBS00002,ManagedElement=1,ENodeBFunction=1,EUtranCellFDD=LTE24ERBS00002-3,EUtranFreqRelation=1,EUtranCellRelation=1" lastModified="1287605625289" mimName="ERBS_NODE_MODEL" mimVersion="A.9.50.J.9.1">
    <attr name="isRemoveAllowed">false</attr>
    <attr name="neighborCellRef">SubNetwork=ONRM_RootMo_R,MeContext=LTE24ERBS00002,ManagedElement=1,ENodeBFunction=1,EUtranCellFDD=LTE24ERBS00002-1</attr>
    <attr name="anrCreated">false</attr>
    <attr name="isHoAllowed">true</attr>
  </mo>
  <mo fdn="SubNetwork=ONRM_RootMo_R,MeContext=LTE24ERBS00002,ManagedElement=1,ENodeBFunction=1,EUtranCellFDD=LTE24ERBS00002-3,EUtranFreqRelation=1,EUtranCellRelation=10" lastModified="1287618682791" mimName="ERBS_NODE_MODEL" mimVersion="A.9.50.J.9.1">
    <attr name="isRemoveAllowed">false</attr>
    <attr name="neighborCellRef">SubNetwork=ONRM_RootMo_R,MeContext=LTE24ERBS00002,ManagedElement=1,ENodeBFunction=1,EUtraNetwork=1,ExternalENodeBFunction=3685,ExternalEUtranCellFDD=3</attr>
    <attr name="anrCreated">false</attr>
    <attr name="isHoAllowed">true</attr>
  </mo>
  <mo fdn="SubNetwork=ONRM_RootMo_R,MeContext=LTE24ERBS00002,ManagedElement=1,ENodeBFunction=1,EUtranCellFDD=LTE24ERBS00002-3,EUtranFreqRelation=1,EUtranCellRelation=11" lastModified="1287618682790" mimName="ERBS_NODE_MODEL" mimVersion="A.9.50.J.9.1">
    <attr name="isRemoveAllowed">false</attr>
    <attr name="neighborCellRef">SubNetwork=ONRM_RootMo_R,MeContext=LTE24ERBS00002,ManagedElement=1,ENodeBFunction=1,EUtraNetwork=1,ExternalENodeBFunction=3685,ExternalEUtranCellFDD=4</attr>
    <attr name="anrCreated">false</attr>
    <attr name="isHoAllowed">true</attr>
  </mo>
  <mo fdn="SubNetwork=ONRM_RootMo_R,MeContext=LTE24ERBS00002,ManagedElement=1,ENodeBFunction=1,EUtranCellFDD=LTE24ERBS00002-3,EUtranFreqRelation=1,EUtranCellRelation=12" lastModified="1287618682789" mimName="ERBS_NODE_MODEL" mimVersion="A.9.50.J.9.1">
    <attr name="isRemoveAllowed">false</attr>
    <attr name="neighborCellRef">SubNetwork=ONRM_RootMo_R,MeContext=LTE24ERBS00002,ManagedElement=1,ENodeBFunction=1,EUtraNetwork=1,ExternalENodeBFunction=3686,ExternalEUtranCellFDD=3</attr>
    <attr name="anrCreated">false</attr>
    <attr name="isHoAllowed">true</attr>
  </mo>
  <mo fdn="SubNetwork=ONRM_RootMo_R,MeContext=LTE24ERBS00002,ManagedElement=1,ENodeBFunction=1,EUtranCellFDD=LTE24ERBS00002-3,EUtranFreqRelation=1,EUtranCellRelation=13" lastModified="1287618682787" mimName="ERBS_NODE_MODEL" mimVersion="A.9.50.J.9.1">
    <attr name="isRemoveAllowed">false</attr>
    <attr name="neighborCellRef">SubNetwork=ONRM_RootMo_R,MeContext=LTE24ERBS00002,ManagedElement=1,ENodeBFunction=1,EUtraNetwork=1,ExternalENodeBFunction=3686,ExternalEUtranCellFDD=4</attr>
    <attr name="anrCreated">false</attr>
    <attr name="isHoAllowed">true</attr>
  </mo>
  <mo fdn="SubNetwork=ONRM_RootMo_R,MeContext=LTE24ERBS00002,ManagedElement=1,ENodeBFunction=1,EUtranCellFDD=LTE24ERBS00002-3,EUtranFreqRelation=1,EUtranCellRelation=14" lastModified="1287618682783" mimName="ERBS_NODE_MODEL" mimVersion="A.9.50.J.9.1">
    <attr name="isRemoveAllowed">false</attr>
    <attr name="neighborCellRef">SubNetwork=ONRM_RootMo_R,MeContext=LTE24ERBS00002,ManagedElement=1,ENodeBFunction=1,EUtraNetwork=1,ExternalENodeBFunction=3687,ExternalEUtranCellFDD=3</attr>
    <attr name="anrCreated">false</attr>
    <attr name="isHoAllowed">true</attr>
  </mo>
  <mo fdn="SubNetwork=ONRM_RootMo_R,MeContext=LTE24ERBS00002,ManagedElement=1,ENodeBFunction=1,EUtranCellFDD=LTE24ERBS00002-3,EUtranFreqRelation=1,EUtranCellRelation=15" lastModified="1287618682800" mimName="ERBS_NODE_MODEL" mimVersion="A.9.50.J.9.1">
    <attr name="isRemoveAllowed">false</attr>
    <attr name="neighborCellRef">SubNetwork=ONRM_RootMo_R,MeContext=LTE24ERBS00002,ManagedElement=1,ENodeBFunction=1,EUtraNetwork=1,ExternalENodeBFunction=3687,ExternalEUtranCellFDD=4</attr>
    <attr name="anrCreated">false</attr>
    <attr name="isHoAllowed">true</attr>
  </mo>
  <mo fdn="SubNetwork=ONRM_RootMo_R,MeContext=LTE24ERBS00002,ManagedElement=1,ENodeBFunction=1,EUtranCellFDD=LTE24ERBS00002-3,EUtranFreqRelation=1,EUtranCellRelation=16" lastModified="1287618682799" mimName="ERBS_NODE_MODEL" mimVersion="A.9.50.J.9.1">
    <attr name="isRemoveAllowed">false</attr>
    <attr name="neighborCellRef">SubNetwork=ONRM_RootMo_R,MeContext=LTE24ERBS00002,ManagedElement=1,ENodeBFunction=1,EUtraNetwork=1,ExternalENodeBFunction=3688,ExternalEUtranCellFDD=3</attr>
    <attr name="anrCreated">false</attr>
    <attr name="isHoAllowed">true</attr>
  </mo>
  <mo fdn="SubNetwork=ONRM_RootMo_R,MeContext=LTE24ERBS00002,ManagedElement=1,ENodeBFunction=1,EUtranCellFDD=LTE24ERBS00002-3,EUtranFreqRelation=1,EUtranCellRelation=17" lastModified="1287618682797" mimName="ERBS_NODE_MODEL" mimVersion="A.9.50.J.9.1">
    <attr name="isRemoveAllowed">false</attr>
    <attr name="neighborCellRef">SubNetwork=ONRM_RootMo_R,MeContext=LTE24ERBS00002,ManagedElement=1,ENodeBFunction=1,EUtraNetwork=1,ExternalENodeBFunction=3688,ExternalEUtranCellFDD=4</attr>
    <attr name="anrCreated">false</attr>
    <attr name="isHoAllowed">true</attr>
  </mo>
  <mo fdn="SubNetwork=ONRM_RootMo_R,MeContext=LTE24ERBS00002,ManagedElement=1,ENodeBFunction=1,EUtranCellFDD=LTE24ERBS00002-3,EUtranFreqRelation=1,EUtranCellRelation=18" lastModified="1287618682795" mimName="ERBS_NODE_MODEL" mimVersion="A.9.50.J.9.1">
    <attr name="isRemoveAllowed">false</attr>
    <attr name="neighborCellRef">SubNetwork=ONRM_RootMo_R,MeContext=LTE24ERBS00002,ManagedElement=1,ENodeBFunction=1,EUtraNetwork=1,ExternalENodeBFunction=3689,ExternalEUtranCellFDD=3</attr>
    <attr name="anrCreated">false</attr>
    <attr name="isHoAllowed">true</attr>
  </mo>
  <mo fdn="SubNetwork=ONRM_RootMo_R,MeContext=LTE24ERBS00002,ManagedElement=1,ENodeBFunction=1,EUtranCellFDD=LTE24ERBS00002-3,EUtranFreqRelation=1,EUtranCellRelation=19" lastModified="1287618682793" mimName="ERBS_NODE_MODEL" mimVersion="A.9.50.J.9.1">
    <attr name="isRemoveAllowed">false</attr>
    <attr name="neighborCellRef">SubNetwork=ONRM_RootMo_R,MeContext=LTE24ERBS00002,ManagedElement=1,ENodeBFunction=1,EUtraNetwork=1,ExternalENodeBFunction=3689,ExternalEUtranCellFDD=4</attr>
    <attr name="anrCreated">false</attr>
    <attr name="isHoAllowed">true</attr>
  </mo>
  <mo fdn="SubNetwork=ONRM_RootMo_R,MeContext=LTE24ERBS00002,ManagedElement=1,ENodeBFunction=1,EUtranCellFDD=LTE24ERBS00002-3,EUtranFreqRelation=1,EUtranCellRelation=2" lastModified="1287605621795" mimName="ERBS_NODE_MODEL" mimVersion="A.9.50.J.9.1">
    <attr name="isRemoveAllowed">false</attr>
    <attr name="neighborCellRef">SubNetwork=ONRM_RootMo_R,MeContext=LTE24ERBS00002,ManagedElement=1,ENodeBFunction=1,EUtranCellFDD=LTE24ERBS00002-2</attr>
    <attr name="anrCreated">false</attr>
    <attr name="isHoAllowed">true</attr>
  </mo>
  <mo fdn="SubNetwork=ONRM_RootMo_R,MeContext=LTE24ERBS00002,ManagedElement=1,ENodeBFunction=1,EUtranCellFDD=LTE24ERBS00002-3,EUtranFreqRelation=1,EUtranCellRelation=20" lastModified="1287618682773" mimName="ERBS_NODE_MODEL" mimVersion="A.9.50.J.9.1">
    <attr name="isRemoveAllowed">false</attr>
    <attr name="neighborCellRef">SubNetwork=ONRM_RootMo_R,MeContext=LTE24ERBS00002,ManagedElement=1,ENodeBFunction=1,EUtraNetwork=1,ExternalENodeBFunction=3690,ExternalEUtranCellFDD=3</attr>
    <attr name="anrCreated">false</attr>
    <attr name="isHoAllowed">true</attr>
  </mo>
  <mo fdn="SubNetwork=ONRM_RootMo_R,MeContext=LTE24ERBS00002,ManagedElement=1,ENodeBFunction=1,EUtranCellFDD=LTE24ERBS00002-3,EUtranFreqRelation=1,EUtranCellRelation=21" lastModified="1287618682772" mimName="ERBS_NODE_MODEL" mimVersion="A.9.50.J.9.1">
    <attr name="isRemoveAllowed">false</attr>
    <attr name="neighborCellRef">SubNetwork=ONRM_RootMo_R,MeContext=LTE24ERBS00002,ManagedElement=1,ENodeBFunction=1,EUtraNetwork=1,ExternalENodeBFunction=3690,ExternalEUtranCellFDD=4</attr>
    <attr name="anrCreated">false</attr>
    <attr name="isHoAllowed">true</attr>
  </mo>
  <mo fdn="SubNetwork=ONRM_RootMo_R,MeContext=LTE24ERBS00002,ManagedElement=1,ENodeBFunction=1,EUtranCellFDD=LTE24ERBS00002-3,EUtranFreqRelation=1,EUtranCellRelation=22" lastModified="1287618682767" mimName="ERBS_NODE_MODEL" mimVersion="A.9.50.J.9.1">
    <attr name="isRemoveAllowed">false</attr>
    <attr name="neighborCellRef">SubNetwork=ONRM_RootMo_R,MeContext=LTE24ERBS00002,ManagedElement=1,ENodeBFunction=1,EUtraNetwork=1,ExternalENodeBFunction=3691,ExternalEUtranCellFDD=3</attr>
    <attr name="anrCreated">false</attr>
    <attr name="isHoAllowed">true</attr>
  </mo>
  <mo fdn="SubNetwork=ONRM_RootMo_R,MeContext=LTE24ERBS00002,ManagedElement=1,ENodeBFunction=1,EUtranCellFDD=LTE24ERBS00002-3,EUtranFreqRelation=1,EUtranCellRelation=23" lastModified="1287618682751" mimName="ERBS_NODE_MODEL" mimVersion="A.9.50.J.9.1">
    <attr name="isRemoveAllowed">false</attr>
    <attr name="neighborCellRef">SubNetwork=ONRM_RootMo_R,MeContext=LTE24ERBS00002,ManagedElement=1,ENodeBFunction=1,EUtraNetwork=1,ExternalENodeBFunction=3691,ExternalEUtranCellFDD=4</attr>
    <attr name="anrCreated">false</attr>
    <attr name="isHoAllowed">true</attr>
  </mo>
  <mo fdn="SubNetwork=ONRM_RootMo_R,MeContext=LTE24ERBS00002,ManagedElement=1,ENodeBFunction=1,EUtranCellFDD=LTE24ERBS00002-3,EUtranFreqRelation=1,EUtranCellRelation=24" lastModified="1287618682770" mimName="ERBS_NODE_MODEL" mimVersion="A.9.50.J.9.1">
    <attr name="isRemoveAllowed">false</attr>
    <attr name="neighborCellRef">SubNetwork=ONRM_RootMo_R,MeContext=LTE24ERBS00002,ManagedElement=1,ENodeBFunction=1,EUtraNetwork=1,ExternalENodeBFunction=3692,ExternalEUtranCellFDD=3</attr>
    <attr name="anrCreated">false</attr>
    <attr name="isHoAllowed">true</attr>
  </mo>
  <mo fdn="SubNetwork=ONRM_RootMo_R,MeContext=LTE24ERBS00002,ManagedElement=1,ENodeBFunction=1,EUtranCellFDD=LTE24ERBS00002-3,EUtranFreqRelation=1,EUtranCellRelation=25" lastModified="1287618682768" mimName="ERBS_NODE_MODEL" mimVersion="A.9.50.J.9.1">
    <attr name="isRemoveAllowed">false</attr>
    <attr name="neighborCellRef">SubNetwork=ONRM_RootMo_R,MeContext=LTE24ERBS00002,ManagedElement=1,ENodeBFunction=1,EUtraNetwork=1,ExternalENodeBFunction=3692,ExternalEUtranCellFDD=4</attr>
    <attr name="anrCreated">false</attr>
    <attr name="isHoAllowed">true</attr>
  </mo>
  <mo fdn="SubNetwork=ONRM_RootMo_R,MeContext=LTE24ERBS00002,ManagedElement=1,ENodeBFunction=1,EUtranCellFDD=LTE24ERBS00002-3,EUtranFreqRelation=1,EUtranCellRelation=26" lastModified="1287618682777" mimName="ERBS_NODE_MODEL" mimVersion="A.9.50.J.9.1">
    <attr name="isRemoveAllowed">false</attr>
    <attr name="neighborCellRef">SubNetwork=ONRM_RootMo_R,MeContext=LTE24ERBS00002,ManagedElement=1,ENodeBFunction=1,EUtraNetwork=1,ExternalENodeBFunction=3693,ExternalEUtranCellFDD=3</attr>
    <attr name="anrCreated">false</attr>
    <attr name="isHoAllowed">true</attr>
  </mo>
  <mo fdn="SubNetwork=ONRM_RootMo_R,MeContext=LTE24ERBS00002,ManagedElement=1,ENodeBFunction=1,EUtranCellFDD=LTE24ERBS00002-3,EUtranFreqRelation=1,EUtranCellRelation=27" lastModified="1287618682776" mimName="ERBS_NODE_MODEL" mimVersion="A.9.50.J.9.1">
    <attr name="isRemoveAllowed">false</attr>
    <attr name="neighborCellRef">SubNetwork=ONRM_RootMo_R,MeContext=LTE24ERBS00002,ManagedElement=1,ENodeBFunction=1,EUtraNetwork=1,ExternalENodeBFunction=3693,ExternalEUtranCellFDD=4</attr>
    <attr name="anrCreated">false</attr>
    <attr name="isHoAllowed">true</attr>
  </mo>
  <mo fdn="SubNetwork=ONRM_RootMo_R,MeContext=LTE24ERBS00002,ManagedElement=1,ENodeBFunction=1,EUtranCellFDD=LTE24ERBS00002-3,EUtranFreqRelation=1,EUtranCellRelation=28" lastModified="1287618682781" mimName="ERBS_NODE_MODEL" mimVersion="A.9.50.J.9.1">
    <attr name="isRemoveAllowed">false</attr>
    <attr name="neighborCellRef">SubNetwork=ONRM_RootMo_R,MeContext=LTE24ERBS00002,ManagedElement=1,ENodeBFunction=1,EUtraNetwork=1,ExternalENodeBFunction=3694,ExternalEUtranCellFDD=3</attr>
    <attr name="anrCreated">false</attr>
    <attr name="isHoAllowed">true</attr>
  </mo>
  <mo fdn="SubNetwork=ONRM_RootMo_R,MeContext=LTE24ERBS00002,ManagedElement=1,ENodeBFunction=1,EUtranCellFDD=LTE24ERBS00002-3,EUtranFreqRelation=1,EUtranCellRelation=29" lastModified="1287618682778" mimName="ERBS_NODE_MODEL" mimVersion="A.9.50.J.9.1">
    <attr name="isRemoveAllowed">false</attr>
    <attr name="neighborCellRef">SubNetwork=ONRM_RootMo_R,MeContext=LTE24ERBS00002,ManagedElement=1,ENodeBFunction=1,EUtraNetwork=1,ExternalENodeBFunction=3694,ExternalEUtranCellFDD=4</attr>
    <attr name="anrCreated">false</attr>
    <attr name="isHoAllowed">true</attr>
  </mo>
  <mo fdn="SubNetwork=ONRM_RootMo_R,MeContext=LTE24ERBS00002,ManagedElement=1,ENodeBFunction=1,EUtranCellFDD=LTE24ERBS00002-3,EUtranFreqRelation=1,EUtranCellRelation=3" lastModified="1287605621790" mimName="ERBS_NODE_MODEL" mimVersion="A.9.50.J.9.1">
    <attr name="isRemoveAllowed">false</attr>
    <attr name="neighborCellRef">SubNetwork=ONRM_RootMo_R,MeContext=LTE24ERBS00002,ManagedElement=1,ENodeBFunction=1,EUtranCellFDD=LTE24ERBS00002-4</attr>
    <attr name="anrCreated">false</attr>
    <attr name="isHoAllowed">true</attr>
  </mo>
  <mo fdn="SubNetwork=ONRM_RootMo_R,MeContext=LTE24ERBS00002,ManagedElement=1,ENodeBFunction=1,EUtranCellFDD=LTE24ERBS00002-3,EUtranFreqRelation=1,EUtranCellRelation=30" lastModified="1287618682788" mimName="ERBS_NODE_MODEL" mimVersion="A.9.50.J.9.1">
    <attr name="isRemoveAllowed">false</attr>
    <attr name="neighborCellRef">SubNetwork=ONRM_RootMo_R,MeContext=LTE24ERBS00002,ManagedElement=1,ENodeBFunction=1,EUtraNetwork=1,ExternalENodeBFunction=3695,ExternalEUtranCellFDD=3</attr>
    <attr name="anrCreated">false</attr>
    <attr name="isHoAllowed">true</attr>
  </mo>
  <mo fdn="SubNetwork=ONRM_RootMo_R,MeContext=LTE24ERBS00002,ManagedElement=1,ENodeBFunction=1,EUtranCellFDD=LTE24ERBS00002-3,EUtranFreqRelation=1,EUtranCellRelation=31" lastModified="1287618682785" mimName="ERBS_NODE_MODEL" mimVersion="A.9.50.J.9.1">
    <attr name="isRemoveAllowed">false</attr>
    <attr name="neighborCellRef">SubNetwork=ONRM_RootMo_R,MeContext=LTE24ERBS00002,ManagedElement=1,ENodeBFunction=1,EUtraNetwork=1,ExternalENodeBFunction=3695,ExternalEUtranCellFDD=4</attr>
    <attr name="anrCreated">false</attr>
    <attr name="isHoAllowed">true</attr>
  </mo>
  <mo fdn="SubNetwork=ONRM_RootMo_R,MeContext=LTE24ERBS00002,ManagedElement=1,ENodeBFunction=1,EUtranCellFDD=LTE24ERBS00002-3,EUtranFreqRelation=1,EUtranCellRelation=32" lastModified="1287618682784" mimName="ERBS_NODE_MODEL" mimVersion="A.9.50.J.9.1">
    <attr name="isRemoveAllowed">false</attr>
    <attr name="neighborCellRef">SubNetwork=ONRM_RootMo_R,MeContext=LTE24ERBS00002,ManagedElement=1,ENodeBFunction=1,EUtraNetwork=1,ExternalENodeBFunction=3696,ExternalEUtranCellFDD=3</attr>
    <attr name="anrCreated">false</attr>
    <attr name="isHoAllowed">true</attr>
  </mo>
  <mo fdn="SubNetwork=ONRM_RootMo_R,MeContext=LTE24ERBS00002,ManagedElement=1,ENodeBFunction=1,EUtranCellFDD=LTE24ERBS00002-3,EUtranFreqRelation=1,EUtranCellRelation=33" lastModified="1287618682792" mimName="ERBS_NODE_MODEL" mimVersion="A.9.50.J.9.1">
    <attr name="isRemoveAllowed">false</attr>
    <attr name="neighborCellRef">SubNetwork=ONRM_RootMo_R,MeContext=LTE24ERBS00002,ManagedElement=1,ENodeBFunction=1,EUtraNetwork=1,ExternalENodeBFunction=3696,ExternalEUtranCellFDD=4</attr>
    <attr name="anrCreated">false</attr>
    <attr name="isHoAllowed">true</attr>
  </mo>
  <mo fdn="SubNetwork=ONRM_RootMo_R,MeContext=LTE24ERBS00002,ManagedElement=1,ENodeBFunction=1,EUtranCellFDD=LTE24ERBS00002-3,EUtranFreqRelation=1,EUtranCellRelation=4" lastModified="1287610136677" mimName="ERBS_NODE_MODEL" mimVersion="A.9.50.J.9.1">
    <attr name="isRemoveAllowed">false</attr>
    <attr name="neighborCellRef">SubNetwork=ONRM_RootMo_R,MeContext=LTE24ERBS00002,ManagedElement=1,ENodeBFunction=1,EUtraNetwork=1,ExternalENodeBFunction=3681,ExternalEUtranCellFDD=3</attr>
    <attr name="anrCreated">false</attr>
    <attr name="isHoAllowed">true</attr>
  </mo>
  <mo fdn="SubNetwork=ONRM_RootMo_R,MeContext=LTE24ERBS00002,ManagedElement=1,ENodeBFunction=1,EUtranCellFDD=LTE24ERBS00002-3,EUtranFreqRelation=1,EUtranCellRelation=5" lastModified="1287610136680" mimName="ERBS_NODE_MODEL" mimVersion="A.9.50.J.9.1">
    <attr name="isRemoveAllowed">false</attr>
    <attr name="neighborCellRef">SubNetwork=ONRM_RootMo_R,MeContext=LTE24ERBS00002,ManagedElement=1,ENodeBFunction=1,EUtraNetwork=1,ExternalENodeBFunction=3681,ExternalEUtranCellFDD=4</attr>
    <attr name="anrCreated">false</attr>
    <attr name="isHoAllowed">true</attr>
  </mo>
  <mo fdn="SubNetwork=ONRM_RootMo_R,MeContext=LTE24ERBS00002,ManagedElement=1,ENodeBFunction=1,EUtranCellFDD=LTE24ERBS00002-3,EUtranFreqRelation=1,EUtranCellRelation=6" lastModified="1287618682796" mimName="ERBS_NODE_MODEL" mimVersion="A.9.50.J.9.1">
    <attr name="isRemoveAllowed">false</attr>
    <attr name="neighborCellRef">SubNetwork=ONRM_RootMo_R,MeContext=LTE24ERBS00002,ManagedElement=1,ENodeBFunction=1,EUtraNetwork=1,ExternalENodeBFunction=3683,ExternalEUtranCellFDD=3</attr>
    <attr name="anrCreated">false</attr>
    <attr name="isHoAllowed">true</attr>
  </mo>
  <mo fdn="SubNetwork=ONRM_RootMo_R,MeContext=LTE24ERBS00002,ManagedElement=1,ENodeBFunction=1,EUtranCellFDD=LTE24ERBS00002-3,EUtranFreqRelation=1,EUtranCellRelation=7" lastModified="1287618682798" mimName="ERBS_NODE_MODEL" mimVersion="A.9.50.J.9.1">
    <attr name="isRemoveAllowed">false</attr>
    <attr name="neighborCellRef">SubNetwork=ONRM_RootMo_R,MeContext=LTE24ERBS00002,ManagedElement=1,ENodeBFunction=1,EUtraNetwork=1,ExternalENodeBFunction=3683,ExternalEUtranCellFDD=4</attr>
    <attr name="anrCreated">false</attr>
    <attr name="isHoAllowed">true</attr>
  </mo>
  <mo fdn="SubNetwork=ONRM_RootMo_R,MeContext=LTE24ERBS00002,ManagedElement=1,ENodeBFunction=1,EUtranCellFDD=LTE24ERBS00002-3,EUtranFreqRelation=1,EUtranCellRelation=8" lastModified="1287618682793" mimName="ERBS_NODE_MODEL" mimVersion="A.9.50.J.9.1">
    <attr name="isRemoveAllowed">false</attr>
    <attr name="neighborCellRef">SubNetwork=ONRM_RootMo_R,MeContext=LTE24ERBS00002,ManagedElement=1,ENodeBFunction=1,EUtraNetwork=1,ExternalENodeBFunction=3684,ExternalEUtranCellFDD=3</attr>
    <attr name="anrCreated">false</attr>
    <attr name="isHoAllowed">true</attr>
  </mo>
  <mo fdn="SubNetwork=ONRM_RootMo_R,MeContext=LTE24ERBS00002,ManagedElement=1,ENodeBFunction=1,EUtranCellFDD=LTE24ERBS00002-3,EUtranFreqRelation=1,EUtranCellRelation=9" lastModified="1287618682794" mimName="ERBS_NODE_MODEL" mimVersion="A.9.50.J.9.1">
    <attr name="isRemoveAllowed">false</attr>
    <attr name="neighborCellRef">SubNetwork=ONRM_RootMo_R,MeContext=LTE24ERBS00002,ManagedElement=1,ENodeBFunction=1,EUtraNetwork=1,ExternalENodeBFunction=3684,ExternalEUtranCellFDD=4</attr>
    <attr name="anrCreated">false</attr>
    <attr name="isHoAllowed">true</attr>
  </mo>
  <mo fdn="SubNetwork=ONRM_RootMo_R,MeContext=LTE24ERBS00002,ManagedElement=1,ENodeBFunction=1,EUtranCellFDD=LTE24ERBS00002-4" lastModified="1287631595358" mimName="ERBS_NODE_MODEL" mimVersion="A.9.50.J.9.1">
    <attr name="EUtranCellFDDId">LTE24ERBS00002-4</attr>
    <attr name="earfcnul">18000</attr>
    <attr name="cellId">4</attr>
    <attr name="tac">1</attr>
    <attr name="bPlmnList">
      <seq count="1">
        <item>
          <struct>
            <attr name="mcc">311</attr>
            <attr name="mnc">180</attr>
            <attr name="mncLength">2</attr>
          </struct>
        </item>
      </seq>
    </attr>
    <attr name="earfcndl">0</attr>
    <attr name="userLabel">LTE24ERBS00002-4</attr>
  </mo>
  <mo fdn="SubNetwork=ONRM_RootMo_R,MeContext=LTE24ERBS00002,ManagedElement=1,ENodeBFunction=1,EUtranCellFDD=LTE24ERBS00002-4,EUtranFreqRelation=1,EUtranCellRelation=1" lastModified="1287605621755" mimName="ERBS_NODE_MODEL" mimVersion="A.9.50.J.9.1">
    <attr name="isRemoveAllowed">false</attr>
    <attr name="neighborCellRef">SubNetwork=ONRM_RootMo_R,MeContext=LTE24ERBS00002,ManagedElement=1,ENodeBFunction=1,EUtranCellFDD=LTE24ERBS00002-1</attr>
    <attr name="anrCreated">false</attr>
    <attr name="isHoAllowed">true</attr>
  </mo>
  <mo fdn="SubNetwork=ONRM_RootMo_R,MeContext=LTE24ERBS00002,ManagedElement=1,ENodeBFunction=1,EUtranCellFDD=LTE24ERBS00002-4,EUtranFreqRelation=1,EUtranCellRelation=10" lastModified="1287619053070" mimName="ERBS_NODE_MODEL" mimVersion="A.9.50.J.9.1">
    <attr name="isRemoveAllowed">false</attr>
    <attr name="neighborCellRef">SubNetwork=ONRM_RootMo_R,MeContext=LTE24ERBS00002,ManagedElement=1,ENodeBFunction=1,EUtraNetwork=1,ExternalENodeBFunction=3685,ExternalEUtranCellFDD=3</attr>
    <attr name="anrCreated">false</attr>
    <attr name="isHoAllowed">true</attr>
  </mo>
  <mo fdn="SubNetwork=ONRM_RootMo_R,MeContext=LTE24ERBS00002,ManagedElement=1,ENodeBFunction=1,EUtranCellFDD=LTE24ERBS00002-4,EUtranFreqRelation=1,EUtranCellRelation=11" lastModified="1287619053069" mimName="ERBS_NODE_MODEL" mimVersion="A.9.50.J.9.1">
    <attr name="isRemoveAllowed">false</attr>
    <attr name="neighborCellRef">SubNetwork=ONRM_RootMo_R,MeContext=LTE24ERBS00002,ManagedElement=1,ENodeBFunction=1,EUtraNetwork=1,ExternalENodeBFunction=3685,ExternalEUtranCellFDD=4</attr>
    <attr name="anrCreated">false</attr>
    <attr name="isHoAllowed">true</attr>
  </mo>
  <mo fdn="SubNetwork=ONRM_RootMo_R,MeContext=LTE24ERBS00002,ManagedElement=1,ENodeBFunction=1,EUtranCellFDD=LTE24ERBS00002-4,EUtranFreqRelation=1,EUtranCellRelation=12" lastModified="1287619053068" mimName="ERBS_NODE_MODEL" mimVersion="A.9.50.J.9.1">
    <attr name="isRemoveAllowed">false</attr>
    <attr name="neighborCellRef">SubNetwork=ONRM_RootMo_R,MeContext=LTE24ERBS00002,ManagedElement=1,ENodeBFunction=1,EUtraNetwork=1,ExternalENodeBFunction=3686,ExternalEUtranCellFDD=3</attr>
    <attr name="anrCreated">false</attr>
    <attr name="isHoAllowed">true</attr>
  </mo>
  <mo fdn="SubNetwork=ONRM_RootMo_R,MeContext=LTE24ERBS00002,ManagedElement=1,ENodeBFunction=1,EUtranCellFDD=LTE24ERBS00002-4,EUtranFreqRelation=1,EUtranCellRelation=13" lastModified="1287619053065" mimName="ERBS_NODE_MODEL" mimVersion="A.9.50.J.9.1">
    <attr name="isRemoveAllowed">false</attr>
    <attr name="neighborCellRef">SubNetwork=ONRM_RootMo_R,MeContext=LTE24ERBS00002,ManagedElement=1,ENodeBFunction=1,EUtraNetwork=1,ExternalENodeBFunction=3686,ExternalEUtranCellFDD=4</attr>
    <attr name="anrCreated">false</attr>
    <attr name="isHoAllowed">true</attr>
  </mo>
  <mo fdn="SubNetwork=ONRM_RootMo_R,MeContext=LTE24ERBS00002,ManagedElement=1,ENodeBFunction=1,EUtranCellFDD=LTE24ERBS00002-4,EUtranFreqRelation=1,EUtranCellRelation=14" lastModified="1287619053063" mimName="ERBS_NODE_MODEL" mimVersion="A.9.50.J.9.1">
    <attr name="isRemoveAllowed">false</attr>
    <attr name="neighborCellRef">SubNetwork=ONRM_RootMo_R,MeContext=LTE24ERBS00002,ManagedElement=1,ENodeBFunction=1,EUtraNetwork=1,ExternalENodeBFunction=3687,ExternalEUtranCellFDD=3</attr>
    <attr name="anrCreated">false</attr>
    <attr name="isHoAllowed">true</attr>
  </mo>
  <mo fdn="SubNetwork=ONRM_RootMo_R,MeContext=LTE24ERBS00002,ManagedElement=1,ENodeBFunction=1,EUtranCellFDD=LTE24ERBS00002-4,EUtranFreqRelation=1,EUtranCellRelation=15" lastModified="1287619053083" mimName="ERBS_NODE_MODEL" mimVersion="A.9.50.J.9.1">
    <attr name="isRemoveAllowed">false</attr>
    <attr name="neighborCellRef">SubNetwork=ONRM_RootMo_R,MeContext=LTE24ERBS00002,ManagedElement=1,ENodeBFunction=1,EUtraNetwork=1,ExternalENodeBFunction=3687,ExternalEUtranCellFDD=4</attr>
    <attr name="anrCreated">false</attr>
    <attr name="isHoAllowed">true</attr>
  </mo>
  <mo fdn="SubNetwork=ONRM_RootMo_R,MeContext=LTE24ERBS00002,ManagedElement=1,ENodeBFunction=1,EUtranCellFDD=LTE24ERBS00002-4,EUtranFreqRelation=1,EUtranCellRelation=16" lastModified="1287619053082" mimName="ERBS_NODE_MODEL" mimVersion="A.9.50.J.9.1">
    <attr name="isRemoveAllowed">false</attr>
    <attr name="neighborCellRef">SubNetwork=ONRM_RootMo_R,MeContext=LTE24ERBS00002,ManagedElement=1,ENodeBFunction=1,EUtraNetwork=1,ExternalENodeBFunction=3688,ExternalEUtranCellFDD=3</attr>
    <attr name="anrCreated">false</attr>
    <attr name="isHoAllowed">true</attr>
  </mo>
  <mo fdn="SubNetwork=ONRM_RootMo_R,MeContext=LTE24ERBS00002,ManagedElement=1,ENodeBFunction=1,EUtranCellFDD=LTE24ERBS00002-4,EUtranFreqRelation=1,EUtranCellRelation=17" lastModified="1287619053077" mimName="ERBS_NODE_MODEL" mimVersion="A.9.50.J.9.1">
    <attr name="isRemoveAllowed">false</attr>
    <attr name="neighborCellRef">SubNetwork=ONRM_RootMo_R,MeContext=LTE24ERBS00002,ManagedElement=1,ENodeBFunction=1,EUtraNetwork=1,ExternalENodeBFunction=3688,ExternalEUtranCellFDD=4</attr>
    <attr name="anrCreated">false</attr>
    <attr name="isHoAllowed">true</attr>
  </mo>
  <mo fdn="SubNetwork=ONRM_RootMo_R,MeContext=LTE24ERBS00002,ManagedElement=1,ENodeBFunction=1,EUtranCellFDD=LTE24ERBS00002-4,EUtranFreqRelation=1,EUtranCellRelation=18" lastModified="1287619053075" mimName="ERBS_NODE_MODEL" mimVersion="A.9.50.J.9.1">
    <attr name="isRemoveAllowed">false</attr>
    <attr name="neighborCellRef">SubNetwork=ONRM_RootMo_R,MeContext=LTE24ERBS00002,ManagedElement=1,ENodeBFunction=1,EUtraNetwork=1,ExternalENodeBFunction=3689,ExternalEUtranCellFDD=3</attr>
    <attr name="anrCreated">false</attr>
    <attr name="isHoAllowed">true</attr>
  </mo>
  <mo fdn="SubNetwork=ONRM_RootMo_R,MeContext=LTE24ERBS00002,ManagedElement=1,ENodeBFunction=1,EUtranCellFDD=LTE24ERBS00002-4,EUtranFreqRelation=1,EUtranCellRelation=19" lastModified="1287619053073" mimName="ERBS_NODE_MODEL" mimVersion="A.9.50.J.9.1">
    <attr name="isRemoveAllowed">false</attr>
    <attr name="neighborCellRef">SubNetwork=ONRM_RootMo_R,MeContext=LTE24ERBS00002,ManagedElement=1,ENodeBFunction=1,EUtraNetwork=1,ExternalENodeBFunction=3689,ExternalEUtranCellFDD=4</attr>
    <attr name="anrCreated">false</attr>
    <attr name="isHoAllowed">true</attr>
  </mo>
  <mo fdn="SubNetwork=ONRM_RootMo_R,MeContext=LTE24ERBS00002,ManagedElement=1,ENodeBFunction=1,EUtranCellFDD=LTE24ERBS00002-4,EUtranFreqRelation=1,EUtranCellRelation=2" lastModified="1287605621747" mimName="ERBS_NODE_MODEL" mimVersion="A.9.50.J.9.1">
    <attr name="isRemoveAllowed">false</attr>
    <attr name="neighborCellRef">SubNetwork=ONRM_RootMo_R,MeContext=LTE24ERBS00002,ManagedElement=1,ENodeBFunction=1,EUtranCellFDD=LTE24ERBS00002-2</attr>
    <attr name="anrCreated">false</attr>
    <attr name="isHoAllowed">true</attr>
  </mo>
  <mo fdn="SubNetwork=ONRM_RootMo_R,MeContext=LTE24ERBS00002,ManagedElement=1,ENodeBFunction=1,EUtranCellFDD=LTE24ERBS00002-4,EUtranFreqRelation=1,EUtranCellRelation=20" lastModified="1287619053056" mimName="ERBS_NODE_MODEL" mimVersion="A.9.50.J.9.1">
    <attr name="isRemoveAllowed">false</attr>
    <attr name="neighborCellRef">SubNetwork=ONRM_RootMo_R,MeContext=LTE24ERBS00002,ManagedElement=1,ENodeBFunction=1,EUtraNetwork=1,ExternalENodeBFunction=3690,ExternalEUtranCellFDD=3</attr>
    <attr name="anrCreated">false</attr>
    <attr name="isHoAllowed">true</attr>
  </mo>
  <mo fdn="SubNetwork=ONRM_RootMo_R,MeContext=LTE24ERBS00002,ManagedElement=1,ENodeBFunction=1,EUtranCellFDD=LTE24ERBS00002-4,EUtranFreqRelation=1,EUtranCellRelation=21" lastModified="1287619053054" mimName="ERBS_NODE_MODEL" mimVersion="A.9.50.J.9.1">
    <attr name="isRemoveAllowed">false</attr>
    <attr name="neighborCellRef">SubNetwork=ONRM_RootMo_R,MeContext=LTE24ERBS00002,ManagedElement=1,ENodeBFunction=1,EUtraNetwork=1,ExternalENodeBFunction=3690,ExternalEUtranCellFDD=4</attr>
    <attr name="anrCreated">false</attr>
    <attr name="isHoAllowed">true</attr>
  </mo>
  <mo fdn="SubNetwork=ONRM_RootMo_R,MeContext=LTE24ERBS00002,ManagedElement=1,ENodeBFunction=1,EUtranCellFDD=LTE24ERBS00002-4,EUtranFreqRelation=1,EUtranCellRelation=22" lastModified="1287619053047" mimName="ERBS_NODE_MODEL" mimVersion="A.9.50.J.9.1">
    <attr name="isRemoveAllowed">false</attr>
    <attr name="neighborCellRef">SubNetwork=ONRM_RootMo_R,MeContext=LTE24ERBS00002,ManagedElement=1,ENodeBFunction=1,EUtraNetwork=1,ExternalENodeBFunction=3691,ExternalEUtranCellFDD=3</attr>
    <attr name="anrCreated">false</attr>
    <attr name="isHoAllowed">true</attr>
  </mo>
  <mo fdn="SubNetwork=ONRM_RootMo_R,MeContext=LTE24ERBS00002,ManagedElement=1,ENodeBFunction=1,EUtranCellFDD=LTE24ERBS00002-4,EUtranFreqRelation=1,EUtranCellRelation=23" lastModified="1287619053031" mimName="ERBS_NODE_MODEL" mimVersion="A.9.50.J.9.1">
    <attr name="isRemoveAllowed">false</attr>
    <attr name="neighborCellRef">SubNetwork=ONRM_RootMo_R,MeContext=LTE24ERBS00002,ManagedElement=1,ENodeBFunction=1,EUtraNetwork=1,ExternalENodeBFunction=3691,ExternalEUtranCellFDD=4</attr>
    <attr name="anrCreated">false</attr>
    <attr name="isHoAllowed">true</attr>
  </mo>
  <mo fdn="SubNetwork=ONRM_RootMo_R,MeContext=LTE24ERBS00002,ManagedElement=1,ENodeBFunction=1,EUtranCellFDD=LTE24ERBS00002-4,EUtranFreqRelation=1,EUtranCellRelation=24" lastModified="1287619053051" mimName="ERBS_NODE_MODEL" mimVersion="A.9.50.J.9.1">
    <attr name="isRemoveAllowed">false</attr>
    <attr name="neighborCellRef">SubNetwork=ONRM_RootMo_R,MeContext=LTE24ERBS00002,ManagedElement=1,ENodeBFunction=1,EUtraNetwork=1,ExternalENodeBFunction=3692,ExternalEUtranCellFDD=3</attr>
    <attr name="anrCreated">false</attr>
    <attr name="isHoAllowed">true</attr>
  </mo>
  <mo fdn="SubNetwork=ONRM_RootMo_R,MeContext=LTE24ERBS00002,ManagedElement=1,ENodeBFunction=1,EUtranCellFDD=LTE24ERBS00002-4,EUtranFreqRelation=1,EUtranCellRelation=25" lastModified="1287619053049" mimName="ERBS_NODE_MODEL" mimVersion="A.9.50.J.9.1">
    <attr name="isRemoveAllowed">false</attr>
    <attr name="neighborCellRef">SubNetwork=ONRM_RootMo_R,MeContext=LTE24ERBS00002,ManagedElement=1,ENodeBFunction=1,EUtraNetwork=1,ExternalENodeBFunction=3692,ExternalEUtranCellFDD=4</attr>
    <attr name="anrCreated">false</attr>
    <attr name="isHoAllowed">true</attr>
  </mo>
  <mo fdn="SubNetwork=ONRM_RootMo_R,MeContext=LTE24ERBS00002,ManagedElement=1,ENodeBFunction=1,EUtranCellFDD=LTE24ERBS00002-4,EUtranFreqRelation=1,EUtranCellRelation=26" lastModified="1287619053059" mimName="ERBS_NODE_MODEL" mimVersion="A.9.50.J.9.1">
    <attr name="isRemoveAllowed">false</attr>
    <attr name="neighborCellRef">SubNetwork=ONRM_RootMo_R,MeContext=LTE24ERBS00002,ManagedElement=1,ENodeBFunction=1,EUtraNetwork=1,ExternalENodeBFunction=3693,ExternalEUtranCellFDD=3</attr>
    <attr name="anrCreated">false</attr>
    <attr name="isHoAllowed">true</attr>
  </mo>
  <mo fdn="SubNetwork=ONRM_RootMo_R,MeContext=LTE24ERBS00002,ManagedElement=1,ENodeBFunction=1,EUtranCellFDD=LTE24ERBS00002-4,EUtranFreqRelation=1,EUtranCellRelation=27" lastModified="1287619053058" mimName="ERBS_NODE_MODEL" mimVersion="A.9.50.J.9.1">
    <attr name="isRemoveAllowed">false</attr>
    <attr name="neighborCellRef">SubNetwork=ONRM_RootMo_R,MeContext=LTE24ERBS00002,ManagedElement=1,ENodeBFunction=1,EUtraNetwork=1,ExternalENodeBFunction=3693,ExternalEUtranCellFDD=4</attr>
    <attr name="anrCreated">false</attr>
    <attr name="isHoAllowed">true</attr>
  </mo>
  <mo fdn="SubNetwork=ONRM_RootMo_R,MeContext=LTE24ERBS00002,ManagedElement=1,ENodeBFunction=1,EUtranCellFDD=LTE24ERBS00002-4,EUtranFreqRelation=1,EUtranCellRelation=28" lastModified="1287619053061" mimName="ERBS_NODE_MODEL" mimVersion="A.9.50.J.9.1">
    <attr name="isRemoveAllowed">false</attr>
    <attr name="neighborCellRef">SubNetwork=ONRM_RootMo_R,MeContext=LTE24ERBS00002,ManagedElement=1,ENodeBFunction=1,EUtraNetwork=1,ExternalENodeBFunction=3694,ExternalEUtranCellFDD=3</attr>
    <attr name="anrCreated">false</attr>
    <attr name="isHoAllowed">true</attr>
  </mo>
  <mo fdn="SubNetwork=ONRM_RootMo_R,MeContext=LTE24ERBS00002,ManagedElement=1,ENodeBFunction=1,EUtranCellFDD=LTE24ERBS00002-4,EUtranFreqRelation=1,EUtranCellRelation=29" lastModified="1287619053060" mimName="ERBS_NODE_MODEL" mimVersion="A.9.50.J.9.1">
    <attr name="isRemoveAllowed">false</attr>
    <attr name="neighborCellRef">SubNetwork=ONRM_RootMo_R,MeContext=LTE24ERBS00002,ManagedElement=1,ENodeBFunction=1,EUtraNetwork=1,ExternalENodeBFunction=3694,ExternalEUtranCellFDD=4</attr>
    <attr name="anrCreated">false</attr>
    <attr name="isHoAllowed">true</attr>
  </mo>
  <mo fdn="SubNetwork=ONRM_RootMo_R,MeContext=LTE24ERBS00002,ManagedElement=1,ENodeBFunction=1,EUtranCellFDD=LTE24ERBS00002-4,EUtranFreqRelation=1,EUtranCellRelation=3" lastModified="1287605621724" mimName="ERBS_NODE_MODEL" mimVersion="A.9.50.J.9.1">
    <attr name="isRemoveAllowed">false</attr>
    <attr name="neighborCellRef">SubNetwork=ONRM_RootMo_R,MeContext=LTE24ERBS00002,ManagedElement=1,ENodeBFunction=1,EUtranCellFDD=LTE24ERBS00002-3</attr>
    <attr name="anrCreated">false</attr>
    <attr name="isHoAllowed">true</attr>
  </mo>
  <mo fdn="SubNetwork=ONRM_RootMo_R,MeContext=LTE24ERBS00002,ManagedElement=1,ENodeBFunction=1,EUtranCellFDD=LTE24ERBS00002-4,EUtranFreqRelation=1,EUtranCellRelation=30" lastModified="1287619053067" mimName="ERBS_NODE_MODEL" mimVersion="A.9.50.J.9.1">
    <attr name="isRemoveAllowed">false</attr>
    <attr name="neighborCellRef">SubNetwork=ONRM_RootMo_R,MeContext=LTE24ERBS00002,ManagedElement=1,ENodeBFunction=1,EUtraNetwork=1,ExternalENodeBFunction=3695,ExternalEUtranCellFDD=3</attr>
    <attr name="anrCreated">false</attr>
    <attr name="isHoAllowed">true</attr>
  </mo>
  <mo fdn="SubNetwork=ONRM_RootMo_R,MeContext=LTE24ERBS00002,ManagedElement=1,ENodeBFunction=1,EUtranCellFDD=LTE24ERBS00002-4,EUtranFreqRelation=1,EUtranCellRelation=31" lastModified="1287619053064" mimName="ERBS_NODE_MODEL" mimVersion="A.9.50.J.9.1">
    <attr name="isRemoveAllowed">false</attr>
    <attr name="neighborCellRef">SubNetwork=ONRM_RootMo_R,MeContext=LTE24ERBS00002,ManagedElement=1,ENodeBFunction=1,EUtraNetwork=1,ExternalENodeBFunction=3695,ExternalEUtranCellFDD=4</attr>
    <attr name="anrCreated">false</attr>
    <attr name="isHoAllowed">true</attr>
  </mo>
  <mo fdn="SubNetwork=ONRM_RootMo_R,MeContext=LTE24ERBS00002,ManagedElement=1,ENodeBFunction=1,EUtranCellFDD=LTE24ERBS00002-4,EUtranFreqRelation=1,EUtranCellRelation=32" lastModified="1287619053063" mimName="ERBS_NODE_MODEL" mimVersion="A.9.50.J.9.1">
    <attr name="isRemoveAllowed">false</attr>
    <attr name="neighborCellRef">SubNetwork=ONRM_RootMo_R,MeContext=LTE24ERBS00002,ManagedElement=1,ENodeBFunction=1,EUtraNetwork=1,ExternalENodeBFunction=3696,ExternalEUtranCellFDD=3</attr>
    <attr name="anrCreated">false</attr>
    <attr name="isHoAllowed">true</attr>
  </mo>
  <mo fdn="SubNetwork=ONRM_RootMo_R,MeContext=LTE24ERBS00002,ManagedElement=1,ENodeBFunction=1,EUtranCellFDD=LTE24ERBS00002-4,EUtranFreqRelation=1,EUtranCellRelation=33" lastModified="1287619053071" mimName="ERBS_NODE_MODEL" mimVersion="A.9.50.J.9.1">
    <attr name="isRemoveAllowed">false</attr>
    <attr name="neighborCellRef">SubNetwork=ONRM_RootMo_R,MeContext=LTE24ERBS00002,ManagedElement=1,ENodeBFunction=1,EUtraNetwork=1,ExternalENodeBFunction=3696,ExternalEUtranCellFDD=4</attr>
    <attr name="anrCreated">false</attr>
    <attr name="isHoAllowed">true</attr>
  </mo>
  <mo fdn="SubNetwork=ONRM_RootMo_R,MeContext=LTE24ERBS00002,ManagedElement=1,ENodeBFunction=1,EUtranCellFDD=LTE24ERBS00002-4,EUtranFreqRelation=1,EUtranCellRelation=4" lastModified="1287610136360" mimName="ERBS_NODE_MODEL" mimVersion="A.9.50.J.9.1">
    <attr name="isRemoveAllowed">false</attr>
    <attr name="neighborCellRef">SubNetwork=ONRM_RootMo_R,MeContext=LTE24ERBS00002,ManagedElement=1,ENodeBFunction=1,EUtraNetwork=1,ExternalENodeBFunction=3681,ExternalEUtranCellFDD=3</attr>
    <attr name="anrCreated">false</attr>
    <attr name="isHoAllowed">true</attr>
  </mo>
  <mo fdn="SubNetwork=ONRM_RootMo_R,MeContext=LTE24ERBS00002,ManagedElement=1,ENodeBFunction=1,EUtranCellFDD=LTE24ERBS00002-4,EUtranFreqRelation=1,EUtranCellRelation=5" lastModified="1287610136362" mimName="ERBS_NODE_MODEL" mimVersion="A.9.50.J.9.1">
    <attr name="isRemoveAllowed">false</attr>
    <attr name="neighborCellRef">SubNetwork=ONRM_RootMo_R,MeContext=LTE24ERBS00002,ManagedElement=1,ENodeBFunction=1,EUtraNetwork=1,ExternalENodeBFunction=3681,ExternalEUtranCellFDD=4</attr>
    <attr name="anrCreated">false</attr>
    <attr name="isHoAllowed">true</attr>
  </mo>
  <mo fdn="SubNetwork=ONRM_RootMo_R,MeContext=LTE24ERBS00002,ManagedElement=1,ENodeBFunction=1,EUtranCellFDD=LTE24ERBS00002-4,EUtranFreqRelation=1,EUtranCellRelation=6" lastModified="1287619053076" mimName="ERBS_NODE_MODEL" mimVersion="A.9.50.J.9.1">
    <attr name="isRemoveAllowed">false</attr>
    <attr name="neighborCellRef">SubNetwork=ONRM_RootMo_R,MeContext=LTE24ERBS00002,ManagedElement=1,ENodeBFunction=1,EUtraNetwork=1,ExternalENodeBFunction=3683,ExternalEUtranCellFDD=3</attr>
    <attr name="anrCreated">false</attr>
    <attr name="isHoAllowed">true</attr>
  </mo>
  <mo fdn="SubNetwork=ONRM_RootMo_R,MeContext=LTE24ERBS00002,ManagedElement=1,ENodeBFunction=1,EUtranCellFDD=LTE24ERBS00002-4,EUtranFreqRelation=1,EUtranCellRelation=7" lastModified="1287619053078" mimName="ERBS_NODE_MODEL" mimVersion="A.9.50.J.9.1">
    <attr name="isRemoveAllowed">false</attr>
    <attr name="neighborCellRef">SubNetwork=ONRM_RootMo_R,MeContext=LTE24ERBS00002,ManagedElement=1,ENodeBFunction=1,EUtraNetwork=1,ExternalENodeBFunction=3683,ExternalEUtranCellFDD=4</attr>
    <attr name="anrCreated">false</attr>
    <attr name="isHoAllowed">true</attr>
  </mo>
  <mo fdn="SubNetwork=ONRM_RootMo_R,MeContext=LTE24ERBS00002,ManagedElement=1,ENodeBFunction=1,EUtranCellFDD=LTE24ERBS00002-4,EUtranFreqRelation=1,EUtranCellRelation=8" lastModified="1287619053072" mimName="ERBS_NODE_MODEL" mimVersion="A.9.50.J.9.1">
    <attr name="isRemoveAllowed">false</attr>
    <attr name="neighborCellRef">SubNetwork=ONRM_RootMo_R,MeContext=LTE24ERBS00002,ManagedElement=1,ENodeBFunction=1,EUtraNetwork=1,ExternalENodeBFunction=3684,ExternalEUtranCellFDD=3</attr>
    <attr name="anrCreated">false</attr>
    <attr name="isHoAllowed">true</attr>
  </mo>
  <mo fdn="SubNetwork=ONRM_RootMo_R,MeContext=LTE24ERBS00002,ManagedElement=1,ENodeBFunction=1,EUtranCellFDD=LTE24ERBS00002-4,EUtranFreqRelation=1,EUtranCellRelation=9" lastModified="1287619053074" mimName="ERBS_NODE_MODEL" mimVersion="A.9.50.J.9.1">
    <attr name="isRemoveAllowed">false</attr>
    <attr name="neighborCellRef">SubNetwork=ONRM_RootMo_R,MeContext=LTE24ERBS00002,ManagedElement=1,ENodeBFunction=1,EUtraNetwork=1,ExternalENodeBFunction=3684,ExternalEUtranCellFDD=4</attr>
    <attr name="anrCreated">false</attr>
    <attr name="isHoAllowed">true</attr>
  </mo>
</model><!-- Generated 139 entries -->