<?xml version="1.0" encoding="UTF-8" standalone="no"?><!-- Generated by nmsadm --><!-- Generated on Thu Oct 28 14:52:37 BST 2010 --><!-- Generated from configuration valid --><!-- Query - Base MO SubNetwork=ONRM_RootMo_R,MeContext=LTE25ERBS00001; Scope 8 --><model>
  <mo fdn="SubNetwork=ONRM_RootMo_R,MeContext=LTE25ERBS00001" lastModified="1287631776106" mimName="ERBS_NODE_MODEL" mimVersion="A.9.50.J.9.1">
    <attr name="MeContextId">LTE25ERBS00001</attr>
    <attr name="neMIMversion">vA.9.40</attr>
    <attr name="siteRef">SubNetwork=ONRM_RootMo_R,Site=LTE25ERBS00001</attr>
    <attr name="userLabel">LTE25ERBS00001</attr>
  </mo>
  <mo fdn="SubNetwork=ONRM_RootMo_R,MeContext=LTE25ERBS00001,ManagedElement=1,ENodeBFunction=1" lastModified="1287605736124" mimName="ERBS_NODE_MODEL" mimVersion="A.9.50.J.9.1">
    <attr name="eNodeBPlmnId">
      <struct>
        <attr name="mcc">344</attr>
        <attr name="mnc">930</attr>
        <attr name="mncLength">2</attr>
      </struct>
    </attr>
    <attr name="eNBId">3841</attr>
  </mo>
  <mo fdn="SubNetwork=ONRM_RootMo_R,MeContext=LTE25ERBS00001,ManagedElement=1,ENodeBFunction=1,EUtranCellFDD=LTE25ERBS00001-1" lastModified="1287631748309" mimName="ERBS_NODE_MODEL" mimVersion="A.9.50.J.9.1">
    <attr name="EUtranCellFDDId">LTE25ERBS00001-1</attr>
    <attr name="earfcnul">18000</attr>
    <attr name="cellId">1</attr>
    <attr name="tac">1</attr>
    <attr name="bPlmnList">
      <seq count="1">
        <item>
          <struct>
            <attr name="mcc">344</attr>
            <attr name="mnc">930</attr>
            <attr name="mncLength">2</attr>
          </struct>
        </item>
      </seq>
    </attr>
    <attr name="earfcndl">0</attr>
    <attr name="userLabel">LTE25ERBS00001-1</attr>
  </mo>
  <mo fdn="SubNetwork=ONRM_RootMo_R,MeContext=LTE25ERBS00001,ManagedElement=1,ENodeBFunction=1,EUtranCellFDD=LTE25ERBS00001-1,EUtranFreqRelation=1,EUtranCellRelation=1" lastModified="1287605732434" mimName="ERBS_NODE_MODEL" mimVersion="A.9.50.J.9.1">
    <attr name="isRemoveAllowed">false</attr>
    <attr name="neighborCellRef">SubNetwork=ONRM_RootMo_R,MeContext=LTE25ERBS00001,ManagedElement=1,ENodeBFunction=1,EUtranCellFDD=LTE25ERBS00001-2</attr>
    <attr name="anrCreated">false</attr>
    <attr name="isHoAllowed">true</attr>
  </mo>
  <mo fdn="SubNetwork=ONRM_RootMo_R,MeContext=LTE25ERBS00001,ManagedElement=1,ENodeBFunction=1,EUtranCellFDD=LTE25ERBS00001-1,EUtranFreqRelation=1,EUtranCellRelation=10" lastModified="1287619268253" mimName="ERBS_NODE_MODEL" mimVersion="A.9.50.J.9.1">
    <attr name="isRemoveAllowed">false</attr>
    <attr name="neighborCellRef">SubNetwork=ONRM_RootMo_R,MeContext=LTE25ERBS00001,ManagedElement=1,ENodeBFunction=1,EUtraNetwork=1,ExternalENodeBFunction=3845,ExternalEUtranCellFDD=1</attr>
    <attr name="anrCreated">false</attr>
    <attr name="isHoAllowed">true</attr>
  </mo>
  <mo fdn="SubNetwork=ONRM_RootMo_R,MeContext=LTE25ERBS00001,ManagedElement=1,ENodeBFunction=1,EUtranCellFDD=LTE25ERBS00001-1,EUtranFreqRelation=1,EUtranCellRelation=11" lastModified="1287619268253" mimName="ERBS_NODE_MODEL" mimVersion="A.9.50.J.9.1">
    <attr name="isRemoveAllowed">false</attr>
    <attr name="neighborCellRef">SubNetwork=ONRM_RootMo_R,MeContext=LTE25ERBS00001,ManagedElement=1,ENodeBFunction=1,EUtraNetwork=1,ExternalENodeBFunction=3845,ExternalEUtranCellFDD=2</attr>
    <attr name="anrCreated">false</attr>
    <attr name="isHoAllowed">true</attr>
  </mo>
  <mo fdn="SubNetwork=ONRM_RootMo_R,MeContext=LTE25ERBS00001,ManagedElement=1,ENodeBFunction=1,EUtranCellFDD=LTE25ERBS00001-1,EUtranFreqRelation=1,EUtranCellRelation=12" lastModified="1287619268252" mimName="ERBS_NODE_MODEL" mimVersion="A.9.50.J.9.1">
    <attr name="isRemoveAllowed">false</attr>
    <attr name="neighborCellRef">SubNetwork=ONRM_RootMo_R,MeContext=LTE25ERBS00001,ManagedElement=1,ENodeBFunction=1,EUtraNetwork=1,ExternalENodeBFunction=3846,ExternalEUtranCellFDD=1</attr>
    <attr name="anrCreated">false</attr>
    <attr name="isHoAllowed">true</attr>
  </mo>
  <mo fdn="SubNetwork=ONRM_RootMo_R,MeContext=LTE25ERBS00001,ManagedElement=1,ENodeBFunction=1,EUtranCellFDD=LTE25ERBS00001-1,EUtranFreqRelation=1,EUtranCellRelation=13" lastModified="1287619268250" mimName="ERBS_NODE_MODEL" mimVersion="A.9.50.J.9.1">
    <attr name="isRemoveAllowed">false</attr>
    <attr name="neighborCellRef">SubNetwork=ONRM_RootMo_R,MeContext=LTE25ERBS00001,ManagedElement=1,ENodeBFunction=1,EUtraNetwork=1,ExternalENodeBFunction=3846,ExternalEUtranCellFDD=2</attr>
    <attr name="anrCreated">false</attr>
    <attr name="isHoAllowed">true</attr>
  </mo>
  <mo fdn="SubNetwork=ONRM_RootMo_R,MeContext=LTE25ERBS00001,ManagedElement=1,ENodeBFunction=1,EUtranCellFDD=LTE25ERBS00001-1,EUtranFreqRelation=1,EUtranCellRelation=14" lastModified="1287619268247" mimName="ERBS_NODE_MODEL" mimVersion="A.9.50.J.9.1">
    <attr name="isRemoveAllowed">false</attr>
    <attr name="neighborCellRef">SubNetwork=ONRM_RootMo_R,MeContext=LTE25ERBS00001,ManagedElement=1,ENodeBFunction=1,EUtraNetwork=1,ExternalENodeBFunction=3847,ExternalEUtranCellFDD=1</attr>
    <attr name="anrCreated">false</attr>
    <attr name="isHoAllowed">true</attr>
  </mo>
  <mo fdn="SubNetwork=ONRM_RootMo_R,MeContext=LTE25ERBS00001,ManagedElement=1,ENodeBFunction=1,EUtranCellFDD=LTE25ERBS00001-1,EUtranFreqRelation=1,EUtranCellRelation=15" lastModified="1287619268268" mimName="ERBS_NODE_MODEL" mimVersion="A.9.50.J.9.1">
    <attr name="isRemoveAllowed">false</attr>
    <attr name="neighborCellRef">SubNetwork=ONRM_RootMo_R,MeContext=LTE25ERBS00001,ManagedElement=1,ENodeBFunction=1,EUtraNetwork=1,ExternalENodeBFunction=3847,ExternalEUtranCellFDD=2</attr>
    <attr name="anrCreated">false</attr>
    <attr name="isHoAllowed">true</attr>
  </mo>
  <mo fdn="SubNetwork=ONRM_RootMo_R,MeContext=LTE25ERBS00001,ManagedElement=1,ENodeBFunction=1,EUtranCellFDD=LTE25ERBS00001-1,EUtranFreqRelation=1,EUtranCellRelation=16" lastModified="1287619268264" mimName="ERBS_NODE_MODEL" mimVersion="A.9.50.J.9.1">
    <attr name="isRemoveAllowed">false</attr>
    <attr name="neighborCellRef">SubNetwork=ONRM_RootMo_R,MeContext=LTE25ERBS00001,ManagedElement=1,ENodeBFunction=1,EUtraNetwork=1,ExternalENodeBFunction=3848,ExternalEUtranCellFDD=1</attr>
    <attr name="anrCreated">false</attr>
    <attr name="isHoAllowed">true</attr>
  </mo>
  <mo fdn="SubNetwork=ONRM_RootMo_R,MeContext=LTE25ERBS00001,ManagedElement=1,ENodeBFunction=1,EUtranCellFDD=LTE25ERBS00001-1,EUtranFreqRelation=1,EUtranCellRelation=17" lastModified="1287619268262" mimName="ERBS_NODE_MODEL" mimVersion="A.9.50.J.9.1">
    <attr name="isRemoveAllowed">false</attr>
    <attr name="neighborCellRef">SubNetwork=ONRM_RootMo_R,MeContext=LTE25ERBS00001,ManagedElement=1,ENodeBFunction=1,EUtraNetwork=1,ExternalENodeBFunction=3848,ExternalEUtranCellFDD=2</attr>
    <attr name="anrCreated">false</attr>
    <attr name="isHoAllowed">true</attr>
  </mo>
  <mo fdn="SubNetwork=ONRM_RootMo_R,MeContext=LTE25ERBS00001,ManagedElement=1,ENodeBFunction=1,EUtranCellFDD=LTE25ERBS00001-1,EUtranFreqRelation=1,EUtranCellRelation=18" lastModified="1287619268261" mimName="ERBS_NODE_MODEL" mimVersion="A.9.50.J.9.1">
    <attr name="isRemoveAllowed">false</attr>
    <attr name="neighborCellRef">SubNetwork=ONRM_RootMo_R,MeContext=LTE25ERBS00001,ManagedElement=1,ENodeBFunction=1,EUtraNetwork=1,ExternalENodeBFunction=3849,ExternalEUtranCellFDD=1</attr>
    <attr name="anrCreated">false</attr>
    <attr name="isHoAllowed">true</attr>
  </mo>
  <mo fdn="SubNetwork=ONRM_RootMo_R,MeContext=LTE25ERBS00001,ManagedElement=1,ENodeBFunction=1,EUtranCellFDD=LTE25ERBS00001-1,EUtranFreqRelation=1,EUtranCellRelation=19" lastModified="1287619268258" mimName="ERBS_NODE_MODEL" mimVersion="A.9.50.J.9.1">
    <attr name="isRemoveAllowed">false</attr>
    <attr name="neighborCellRef">SubNetwork=ONRM_RootMo_R,MeContext=LTE25ERBS00001,ManagedElement=1,ENodeBFunction=1,EUtraNetwork=1,ExternalENodeBFunction=3849,ExternalEUtranCellFDD=2</attr>
    <attr name="anrCreated">false</attr>
    <attr name="isHoAllowed">true</attr>
  </mo>
  <mo fdn="SubNetwork=ONRM_RootMo_R,MeContext=LTE25ERBS00001,ManagedElement=1,ENodeBFunction=1,EUtranCellFDD=LTE25ERBS00001-1,EUtranFreqRelation=1,EUtranCellRelation=2" lastModified="1287605732430" mimName="ERBS_NODE_MODEL" mimVersion="A.9.50.J.9.1">
    <attr name="isRemoveAllowed">false</attr>
    <attr name="neighborCellRef">SubNetwork=ONRM_RootMo_R,MeContext=LTE25ERBS00001,ManagedElement=1,ENodeBFunction=1,EUtranCellFDD=LTE25ERBS00001-3</attr>
    <attr name="anrCreated">false</attr>
    <attr name="isHoAllowed">true</attr>
  </mo>
  <mo fdn="SubNetwork=ONRM_RootMo_R,MeContext=LTE25ERBS00001,ManagedElement=1,ENodeBFunction=1,EUtranCellFDD=LTE25ERBS00001-1,EUtranFreqRelation=1,EUtranCellRelation=20" lastModified="1287619268237" mimName="ERBS_NODE_MODEL" mimVersion="A.9.50.J.9.1">
    <attr name="isRemoveAllowed">false</attr>
    <attr name="neighborCellRef">SubNetwork=ONRM_RootMo_R,MeContext=LTE25ERBS00001,ManagedElement=1,ENodeBFunction=1,EUtraNetwork=1,ExternalENodeBFunction=3850,ExternalEUtranCellFDD=1</attr>
    <attr name="anrCreated">false</attr>
    <attr name="isHoAllowed">true</attr>
  </mo>
  <mo fdn="SubNetwork=ONRM_RootMo_R,MeContext=LTE25ERBS00001,ManagedElement=1,ENodeBFunction=1,EUtranCellFDD=LTE25ERBS00001-1,EUtranFreqRelation=1,EUtranCellRelation=21" lastModified="1287619268235" mimName="ERBS_NODE_MODEL" mimVersion="A.9.50.J.9.1">
    <attr name="isRemoveAllowed">false</attr>
    <attr name="neighborCellRef">SubNetwork=ONRM_RootMo_R,MeContext=LTE25ERBS00001,ManagedElement=1,ENodeBFunction=1,EUtraNetwork=1,ExternalENodeBFunction=3850,ExternalEUtranCellFDD=2</attr>
    <attr name="anrCreated">false</attr>
    <attr name="isHoAllowed">true</attr>
  </mo>
  <mo fdn="SubNetwork=ONRM_RootMo_R,MeContext=LTE25ERBS00001,ManagedElement=1,ENodeBFunction=1,EUtranCellFDD=LTE25ERBS00001-1,EUtranFreqRelation=1,EUtranCellRelation=22" lastModified="1287619268229" mimName="ERBS_NODE_MODEL" mimVersion="A.9.50.J.9.1">
    <attr name="isRemoveAllowed">false</attr>
    <attr name="neighborCellRef">SubNetwork=ONRM_RootMo_R,MeContext=LTE25ERBS00001,ManagedElement=1,ENodeBFunction=1,EUtraNetwork=1,ExternalENodeBFunction=3851,ExternalEUtranCellFDD=1</attr>
    <attr name="anrCreated">false</attr>
    <attr name="isHoAllowed">true</attr>
  </mo>
  <mo fdn="SubNetwork=ONRM_RootMo_R,MeContext=LTE25ERBS00001,ManagedElement=1,ENodeBFunction=1,EUtranCellFDD=LTE25ERBS00001-1,EUtranFreqRelation=1,EUtranCellRelation=23" lastModified="1287619268215" mimName="ERBS_NODE_MODEL" mimVersion="A.9.50.J.9.1">
    <attr name="isRemoveAllowed">false</attr>
    <attr name="neighborCellRef">SubNetwork=ONRM_RootMo_R,MeContext=LTE25ERBS00001,ManagedElement=1,ENodeBFunction=1,EUtraNetwork=1,ExternalENodeBFunction=3851,ExternalEUtranCellFDD=2</attr>
    <attr name="anrCreated">false</attr>
    <attr name="isHoAllowed">true</attr>
  </mo>
  <mo fdn="SubNetwork=ONRM_RootMo_R,MeContext=LTE25ERBS00001,ManagedElement=1,ENodeBFunction=1,EUtranCellFDD=LTE25ERBS00001-1,EUtranFreqRelation=1,EUtranCellRelation=24" lastModified="1287619268233" mimName="ERBS_NODE_MODEL" mimVersion="A.9.50.J.9.1">
    <attr name="isRemoveAllowed">false</attr>
    <attr name="neighborCellRef">SubNetwork=ONRM_RootMo_R,MeContext=LTE25ERBS00001,ManagedElement=1,ENodeBFunction=1,EUtraNetwork=1,ExternalENodeBFunction=3852,ExternalEUtranCellFDD=1</attr>
    <attr name="anrCreated">false</attr>
    <attr name="isHoAllowed">true</attr>
  </mo>
  <mo fdn="SubNetwork=ONRM_RootMo_R,MeContext=LTE25ERBS00001,ManagedElement=1,ENodeBFunction=1,EUtranCellFDD=LTE25ERBS00001-1,EUtranFreqRelation=1,EUtranCellRelation=25" lastModified="1287619268231" mimName="ERBS_NODE_MODEL" mimVersion="A.9.50.J.9.1">
    <attr name="isRemoveAllowed">false</attr>
    <attr name="neighborCellRef">SubNetwork=ONRM_RootMo_R,MeContext=LTE25ERBS00001,ManagedElement=1,ENodeBFunction=1,EUtraNetwork=1,ExternalENodeBFunction=3852,ExternalEUtranCellFDD=2</attr>
    <attr name="anrCreated">false</attr>
    <attr name="isHoAllowed">true</attr>
  </mo>
  <mo fdn="SubNetwork=ONRM_RootMo_R,MeContext=LTE25ERBS00001,ManagedElement=1,ENodeBFunction=1,EUtranCellFDD=LTE25ERBS00001-1,EUtranFreqRelation=1,EUtranCellRelation=26" lastModified="1287619268243" mimName="ERBS_NODE_MODEL" mimVersion="A.9.50.J.9.1">
    <attr name="isRemoveAllowed">false</attr>
    <attr name="neighborCellRef">SubNetwork=ONRM_RootMo_R,MeContext=LTE25ERBS00001,ManagedElement=1,ENodeBFunction=1,EUtraNetwork=1,ExternalENodeBFunction=3853,ExternalEUtranCellFDD=1</attr>
    <attr name="anrCreated">false</attr>
    <attr name="isHoAllowed">true</attr>
  </mo>
  <mo fdn="SubNetwork=ONRM_RootMo_R,MeContext=LTE25ERBS00001,ManagedElement=1,ENodeBFunction=1,EUtranCellFDD=LTE25ERBS00001-1,EUtranFreqRelation=1,EUtranCellRelation=27" lastModified="1287619268240" mimName="ERBS_NODE_MODEL" mimVersion="A.9.50.J.9.1">
    <attr name="isRemoveAllowed">false</attr>
    <attr name="neighborCellRef">SubNetwork=ONRM_RootMo_R,MeContext=LTE25ERBS00001,ManagedElement=1,ENodeBFunction=1,EUtraNetwork=1,ExternalENodeBFunction=3853,ExternalEUtranCellFDD=2</attr>
    <attr name="anrCreated">false</attr>
    <attr name="isHoAllowed">true</attr>
  </mo>
  <mo fdn="SubNetwork=ONRM_RootMo_R,MeContext=LTE25ERBS00001,ManagedElement=1,ENodeBFunction=1,EUtranCellFDD=LTE25ERBS00001-1,EUtranFreqRelation=1,EUtranCellRelation=28" lastModified="1287619268246" mimName="ERBS_NODE_MODEL" mimVersion="A.9.50.J.9.1">
    <attr name="isRemoveAllowed">false</attr>
    <attr name="neighborCellRef">SubNetwork=ONRM_RootMo_R,MeContext=LTE25ERBS00001,ManagedElement=1,ENodeBFunction=1,EUtraNetwork=1,ExternalENodeBFunction=3854,ExternalEUtranCellFDD=1</attr>
    <attr name="anrCreated">false</attr>
    <attr name="isHoAllowed">true</attr>
  </mo>
  <mo fdn="SubNetwork=ONRM_RootMo_R,MeContext=LTE25ERBS00001,ManagedElement=1,ENodeBFunction=1,EUtranCellFDD=LTE25ERBS00001-1,EUtranFreqRelation=1,EUtranCellRelation=29" lastModified="1287619268245" mimName="ERBS_NODE_MODEL" mimVersion="A.9.50.J.9.1">
    <attr name="isRemoveAllowed">false</attr>
    <attr name="neighborCellRef">SubNetwork=ONRM_RootMo_R,MeContext=LTE25ERBS00001,ManagedElement=1,ENodeBFunction=1,EUtraNetwork=1,ExternalENodeBFunction=3854,ExternalEUtranCellFDD=2</attr>
    <attr name="anrCreated">false</attr>
    <attr name="isHoAllowed">true</attr>
  </mo>
  <mo fdn="SubNetwork=ONRM_RootMo_R,MeContext=LTE25ERBS00001,ManagedElement=1,ENodeBFunction=1,EUtranCellFDD=LTE25ERBS00001-1,EUtranFreqRelation=1,EUtranCellRelation=3" lastModified="1287605732425" mimName="ERBS_NODE_MODEL" mimVersion="A.9.50.J.9.1">
    <attr name="isRemoveAllowed">false</attr>
    <attr name="neighborCellRef">SubNetwork=ONRM_RootMo_R,MeContext=LTE25ERBS00001,ManagedElement=1,ENodeBFunction=1,EUtranCellFDD=LTE25ERBS00001-4</attr>
    <attr name="anrCreated">false</attr>
    <attr name="isHoAllowed">true</attr>
  </mo>
  <mo fdn="SubNetwork=ONRM_RootMo_R,MeContext=LTE25ERBS00001,ManagedElement=1,ENodeBFunction=1,EUtranCellFDD=LTE25ERBS00001-1,EUtranFreqRelation=1,EUtranCellRelation=30" lastModified="1287619268251" mimName="ERBS_NODE_MODEL" mimVersion="A.9.50.J.9.1">
    <attr name="isRemoveAllowed">false</attr>
    <attr name="neighborCellRef">SubNetwork=ONRM_RootMo_R,MeContext=LTE25ERBS00001,ManagedElement=1,ENodeBFunction=1,EUtraNetwork=1,ExternalENodeBFunction=3855,ExternalEUtranCellFDD=1</attr>
    <attr name="anrCreated">false</attr>
    <attr name="isHoAllowed">true</attr>
  </mo>
  <mo fdn="SubNetwork=ONRM_RootMo_R,MeContext=LTE25ERBS00001,ManagedElement=1,ENodeBFunction=1,EUtranCellFDD=LTE25ERBS00001-1,EUtranFreqRelation=1,EUtranCellRelation=31" lastModified="1287619268249" mimName="ERBS_NODE_MODEL" mimVersion="A.9.50.J.9.1">
    <attr name="isRemoveAllowed">false</attr>
    <attr name="neighborCellRef">SubNetwork=ONRM_RootMo_R,MeContext=LTE25ERBS00001,ManagedElement=1,ENodeBFunction=1,EUtraNetwork=1,ExternalENodeBFunction=3855,ExternalEUtranCellFDD=2</attr>
    <attr name="anrCreated">false</attr>
    <attr name="isHoAllowed">true</attr>
  </mo>
  <mo fdn="SubNetwork=ONRM_RootMo_R,MeContext=LTE25ERBS00001,ManagedElement=1,ENodeBFunction=1,EUtranCellFDD=LTE25ERBS00001-1,EUtranFreqRelation=1,EUtranCellRelation=32" lastModified="1287619268248" mimName="ERBS_NODE_MODEL" mimVersion="A.9.50.J.9.1">
    <attr name="isRemoveAllowed">false</attr>
    <attr name="neighborCellRef">SubNetwork=ONRM_RootMo_R,MeContext=LTE25ERBS00001,ManagedElement=1,ENodeBFunction=1,EUtraNetwork=1,ExternalENodeBFunction=3856,ExternalEUtranCellFDD=1</attr>
    <attr name="anrCreated">false</attr>
    <attr name="isHoAllowed">true</attr>
  </mo>
  <mo fdn="SubNetwork=ONRM_RootMo_R,MeContext=LTE25ERBS00001,ManagedElement=1,ENodeBFunction=1,EUtranCellFDD=LTE25ERBS00001-1,EUtranFreqRelation=1,EUtranCellRelation=33" lastModified="1287619268254" mimName="ERBS_NODE_MODEL" mimVersion="A.9.50.J.9.1">
    <attr name="isRemoveAllowed">false</attr>
    <attr name="neighborCellRef">SubNetwork=ONRM_RootMo_R,MeContext=LTE25ERBS00001,ManagedElement=1,ENodeBFunction=1,EUtraNetwork=1,ExternalENodeBFunction=3856,ExternalEUtranCellFDD=2</attr>
    <attr name="anrCreated">false</attr>
    <attr name="isHoAllowed">true</attr>
  </mo>
  <mo fdn="SubNetwork=ONRM_RootMo_R,MeContext=LTE25ERBS00001,ManagedElement=1,ENodeBFunction=1,EUtranCellFDD=LTE25ERBS00001-1,EUtranFreqRelation=1,EUtranCellRelation=4" lastModified="1287619268265" mimName="ERBS_NODE_MODEL" mimVersion="A.9.50.J.9.1">
    <attr name="isRemoveAllowed">false</attr>
    <attr name="neighborCellRef">SubNetwork=ONRM_RootMo_R,MeContext=LTE25ERBS00001,ManagedElement=1,ENodeBFunction=1,EUtraNetwork=1,ExternalENodeBFunction=3842,ExternalEUtranCellFDD=1</attr>
    <attr name="anrCreated">false</attr>
    <attr name="isHoAllowed">true</attr>
  </mo>
  <mo fdn="SubNetwork=ONRM_RootMo_R,MeContext=LTE25ERBS00001,ManagedElement=1,ENodeBFunction=1,EUtranCellFDD=LTE25ERBS00001-1,EUtranFreqRelation=1,EUtranCellRelation=5" lastModified="1287619268269" mimName="ERBS_NODE_MODEL" mimVersion="A.9.50.J.9.1">
    <attr name="isRemoveAllowed">false</attr>
    <attr name="neighborCellRef">SubNetwork=ONRM_RootMo_R,MeContext=LTE25ERBS00001,ManagedElement=1,ENodeBFunction=1,EUtraNetwork=1,ExternalENodeBFunction=3842,ExternalEUtranCellFDD=2</attr>
    <attr name="anrCreated">false</attr>
    <attr name="isHoAllowed">true</attr>
  </mo>
  <mo fdn="SubNetwork=ONRM_RootMo_R,MeContext=LTE25ERBS00001,ManagedElement=1,ENodeBFunction=1,EUtranCellFDD=LTE25ERBS00001-1,EUtranFreqRelation=1,EUtranCellRelation=6" lastModified="1287619268261" mimName="ERBS_NODE_MODEL" mimVersion="A.9.50.J.9.1">
    <attr name="isRemoveAllowed">false</attr>
    <attr name="neighborCellRef">SubNetwork=ONRM_RootMo_R,MeContext=LTE25ERBS00001,ManagedElement=1,ENodeBFunction=1,EUtraNetwork=1,ExternalENodeBFunction=3843,ExternalEUtranCellFDD=1</attr>
    <attr name="anrCreated">false</attr>
    <attr name="isHoAllowed">true</attr>
  </mo>
  <mo fdn="SubNetwork=ONRM_RootMo_R,MeContext=LTE25ERBS00001,ManagedElement=1,ENodeBFunction=1,EUtranCellFDD=LTE25ERBS00001-1,EUtranFreqRelation=1,EUtranCellRelation=7" lastModified="1287619268263" mimName="ERBS_NODE_MODEL" mimVersion="A.9.50.J.9.1">
    <attr name="isRemoveAllowed">false</attr>
    <attr name="neighborCellRef">SubNetwork=ONRM_RootMo_R,MeContext=LTE25ERBS00001,ManagedElement=1,ENodeBFunction=1,EUtraNetwork=1,ExternalENodeBFunction=3843,ExternalEUtranCellFDD=2</attr>
    <attr name="anrCreated">false</attr>
    <attr name="isHoAllowed">true</attr>
  </mo>
  <mo fdn="SubNetwork=ONRM_RootMo_R,MeContext=LTE25ERBS00001,ManagedElement=1,ENodeBFunction=1,EUtranCellFDD=LTE25ERBS00001-1,EUtranFreqRelation=1,EUtranCellRelation=8" lastModified="1287619268256" mimName="ERBS_NODE_MODEL" mimVersion="A.9.50.J.9.1">
    <attr name="isRemoveAllowed">false</attr>
    <attr name="neighborCellRef">SubNetwork=ONRM_RootMo_R,MeContext=LTE25ERBS00001,ManagedElement=1,ENodeBFunction=1,EUtraNetwork=1,ExternalENodeBFunction=3844,ExternalEUtranCellFDD=1</attr>
    <attr name="anrCreated">false</attr>
    <attr name="isHoAllowed">true</attr>
  </mo>
  <mo fdn="SubNetwork=ONRM_RootMo_R,MeContext=LTE25ERBS00001,ManagedElement=1,ENodeBFunction=1,EUtranCellFDD=LTE25ERBS00001-1,EUtranFreqRelation=1,EUtranCellRelation=9" lastModified="1287619268260" mimName="ERBS_NODE_MODEL" mimVersion="A.9.50.J.9.1">
    <attr name="isRemoveAllowed">false</attr>
    <attr name="neighborCellRef">SubNetwork=ONRM_RootMo_R,MeContext=LTE25ERBS00001,ManagedElement=1,ENodeBFunction=1,EUtraNetwork=1,ExternalENodeBFunction=3844,ExternalEUtranCellFDD=2</attr>
    <attr name="anrCreated">false</attr>
    <attr name="isHoAllowed">true</attr>
  </mo>
  <mo fdn="SubNetwork=ONRM_RootMo_R,MeContext=LTE25ERBS00001,ManagedElement=1,ENodeBFunction=1,EUtranCellFDD=LTE25ERBS00001-2" lastModified="1287631747382" mimName="ERBS_NODE_MODEL" mimVersion="A.9.50.J.9.1">
    <attr name="EUtranCellFDDId">LTE25ERBS00001-2</attr>
    <attr name="earfcnul">18000</attr>
    <attr name="cellId">2</attr>
    <attr name="tac">1</attr>
    <attr name="bPlmnList">
      <seq count="1">
        <item>
          <struct>
            <attr name="mcc">344</attr>
            <attr name="mnc">930</attr>
            <attr name="mncLength">2</attr>
          </struct>
        </item>
      </seq>
    </attr>
    <attr name="earfcndl">0</attr>
    <attr name="userLabel">LTE25ERBS00001-2</attr>
  </mo>
  <mo fdn="SubNetwork=ONRM_RootMo_R,MeContext=LTE25ERBS00001,ManagedElement=1,ENodeBFunction=1,EUtranCellFDD=LTE25ERBS00001-2,EUtranFreqRelation=1,EUtranCellRelation=1" lastModified="1287605730536" mimName="ERBS_NODE_MODEL" mimVersion="A.9.50.J.9.1">
    <attr name="isRemoveAllowed">false</attr>
    <attr name="neighborCellRef">SubNetwork=ONRM_RootMo_R,MeContext=LTE25ERBS00001,ManagedElement=1,ENodeBFunction=1,EUtranCellFDD=LTE25ERBS00001-1</attr>
    <attr name="anrCreated">false</attr>
    <attr name="isHoAllowed">true</attr>
  </mo>
  <mo fdn="SubNetwork=ONRM_RootMo_R,MeContext=LTE25ERBS00001,ManagedElement=1,ENodeBFunction=1,EUtranCellFDD=LTE25ERBS00001-2,EUtranFreqRelation=1,EUtranCellRelation=10" lastModified="1287619267129" mimName="ERBS_NODE_MODEL" mimVersion="A.9.50.J.9.1">
    <attr name="isRemoveAllowed">false</attr>
    <attr name="neighborCellRef">SubNetwork=ONRM_RootMo_R,MeContext=LTE25ERBS00001,ManagedElement=1,ENodeBFunction=1,EUtraNetwork=1,ExternalENodeBFunction=3845,ExternalEUtranCellFDD=1</attr>
    <attr name="anrCreated">false</attr>
    <attr name="isHoAllowed">true</attr>
  </mo>
  <mo fdn="SubNetwork=ONRM_RootMo_R,MeContext=LTE25ERBS00001,ManagedElement=1,ENodeBFunction=1,EUtranCellFDD=LTE25ERBS00001-2,EUtranFreqRelation=1,EUtranCellRelation=11" lastModified="1287619267128" mimName="ERBS_NODE_MODEL" mimVersion="A.9.50.J.9.1">
    <attr name="isRemoveAllowed">false</attr>
    <attr name="neighborCellRef">SubNetwork=ONRM_RootMo_R,MeContext=LTE25ERBS00001,ManagedElement=1,ENodeBFunction=1,EUtraNetwork=1,ExternalENodeBFunction=3845,ExternalEUtranCellFDD=2</attr>
    <attr name="anrCreated">false</attr>
    <attr name="isHoAllowed">true</attr>
  </mo>
  <mo fdn="SubNetwork=ONRM_RootMo_R,MeContext=LTE25ERBS00001,ManagedElement=1,ENodeBFunction=1,EUtranCellFDD=LTE25ERBS00001-2,EUtranFreqRelation=1,EUtranCellRelation=12" lastModified="1287619267126" mimName="ERBS_NODE_MODEL" mimVersion="A.9.50.J.9.1">
    <attr name="isRemoveAllowed">false</attr>
    <attr name="neighborCellRef">SubNetwork=ONRM_RootMo_R,MeContext=LTE25ERBS00001,ManagedElement=1,ENodeBFunction=1,EUtraNetwork=1,ExternalENodeBFunction=3846,ExternalEUtranCellFDD=1</attr>
    <attr name="anrCreated">false</attr>
    <attr name="isHoAllowed">true</attr>
  </mo>
  <mo fdn="SubNetwork=ONRM_RootMo_R,MeContext=LTE25ERBS00001,ManagedElement=1,ENodeBFunction=1,EUtranCellFDD=LTE25ERBS00001-2,EUtranFreqRelation=1,EUtranCellRelation=13" lastModified="1287619267122" mimName="ERBS_NODE_MODEL" mimVersion="A.9.50.J.9.1">
    <attr name="isRemoveAllowed">false</attr>
    <attr name="neighborCellRef">SubNetwork=ONRM_RootMo_R,MeContext=LTE25ERBS00001,ManagedElement=1,ENodeBFunction=1,EUtraNetwork=1,ExternalENodeBFunction=3846,ExternalEUtranCellFDD=2</attr>
    <attr name="anrCreated">false</attr>
    <attr name="isHoAllowed">true</attr>
  </mo>
  <mo fdn="SubNetwork=ONRM_RootMo_R,MeContext=LTE25ERBS00001,ManagedElement=1,ENodeBFunction=1,EUtranCellFDD=LTE25ERBS00001-2,EUtranFreqRelation=1,EUtranCellRelation=14" lastModified="1287619267117" mimName="ERBS_NODE_MODEL" mimVersion="A.9.50.J.9.1">
    <attr name="isRemoveAllowed">false</attr>
    <attr name="neighborCellRef">SubNetwork=ONRM_RootMo_R,MeContext=LTE25ERBS00001,ManagedElement=1,ENodeBFunction=1,EUtraNetwork=1,ExternalENodeBFunction=3847,ExternalEUtranCellFDD=1</attr>
    <attr name="anrCreated">false</attr>
    <attr name="isHoAllowed">true</attr>
  </mo>
  <mo fdn="SubNetwork=ONRM_RootMo_R,MeContext=LTE25ERBS00001,ManagedElement=1,ENodeBFunction=1,EUtranCellFDD=LTE25ERBS00001-2,EUtranFreqRelation=1,EUtranCellRelation=15" lastModified="1287619267140" mimName="ERBS_NODE_MODEL" mimVersion="A.9.50.J.9.1">
    <attr name="isRemoveAllowed">false</attr>
    <attr name="neighborCellRef">SubNetwork=ONRM_RootMo_R,MeContext=LTE25ERBS00001,ManagedElement=1,ENodeBFunction=1,EUtraNetwork=1,ExternalENodeBFunction=3847,ExternalEUtranCellFDD=2</attr>
    <attr name="anrCreated">false</attr>
    <attr name="isHoAllowed">true</attr>
  </mo>
  <mo fdn="SubNetwork=ONRM_RootMo_R,MeContext=LTE25ERBS00001,ManagedElement=1,ENodeBFunction=1,EUtranCellFDD=LTE25ERBS00001-2,EUtranFreqRelation=1,EUtranCellRelation=16" lastModified="1287619267138" mimName="ERBS_NODE_MODEL" mimVersion="A.9.50.J.9.1">
    <attr name="isRemoveAllowed">false</attr>
    <attr name="neighborCellRef">SubNetwork=ONRM_RootMo_R,MeContext=LTE25ERBS00001,ManagedElement=1,ENodeBFunction=1,EUtraNetwork=1,ExternalENodeBFunction=3848,ExternalEUtranCellFDD=1</attr>
    <attr name="anrCreated">false</attr>
    <attr name="isHoAllowed">true</attr>
  </mo>
  <mo fdn="SubNetwork=ONRM_RootMo_R,MeContext=LTE25ERBS00001,ManagedElement=1,ENodeBFunction=1,EUtranCellFDD=LTE25ERBS00001-2,EUtranFreqRelation=1,EUtranCellRelation=17" lastModified="1287619267136" mimName="ERBS_NODE_MODEL" mimVersion="A.9.50.J.9.1">
    <attr name="isRemoveAllowed">false</attr>
    <attr name="neighborCellRef">SubNetwork=ONRM_RootMo_R,MeContext=LTE25ERBS00001,ManagedElement=1,ENodeBFunction=1,EUtraNetwork=1,ExternalENodeBFunction=3848,ExternalEUtranCellFDD=2</attr>
    <attr name="anrCreated">false</attr>
    <attr name="isHoAllowed">true</attr>
  </mo>
  <mo fdn="SubNetwork=ONRM_RootMo_R,MeContext=LTE25ERBS00001,ManagedElement=1,ENodeBFunction=1,EUtranCellFDD=LTE25ERBS00001-2,EUtranFreqRelation=1,EUtranCellRelation=18" lastModified="1287619267133" mimName="ERBS_NODE_MODEL" mimVersion="A.9.50.J.9.1">
    <attr name="isRemoveAllowed">false</attr>
    <attr name="neighborCellRef">SubNetwork=ONRM_RootMo_R,MeContext=LTE25ERBS00001,ManagedElement=1,ENodeBFunction=1,EUtraNetwork=1,ExternalENodeBFunction=3849,ExternalEUtranCellFDD=1</attr>
    <attr name="anrCreated">false</attr>
    <attr name="isHoAllowed">true</attr>
  </mo>
  <mo fdn="SubNetwork=ONRM_RootMo_R,MeContext=LTE25ERBS00001,ManagedElement=1,ENodeBFunction=1,EUtranCellFDD=LTE25ERBS00001-2,EUtranFreqRelation=1,EUtranCellRelation=19" lastModified="1287619267131" mimName="ERBS_NODE_MODEL" mimVersion="A.9.50.J.9.1">
    <attr name="isRemoveAllowed">false</attr>
    <attr name="neighborCellRef">SubNetwork=ONRM_RootMo_R,MeContext=LTE25ERBS00001,ManagedElement=1,ENodeBFunction=1,EUtraNetwork=1,ExternalENodeBFunction=3849,ExternalEUtranCellFDD=2</attr>
    <attr name="anrCreated">false</attr>
    <attr name="isHoAllowed">true</attr>
  </mo>
  <mo fdn="SubNetwork=ONRM_RootMo_R,MeContext=LTE25ERBS00001,ManagedElement=1,ENodeBFunction=1,EUtranCellFDD=LTE25ERBS00001-2,EUtranFreqRelation=1,EUtranCellRelation=2" lastModified="1287605730531" mimName="ERBS_NODE_MODEL" mimVersion="A.9.50.J.9.1">
    <attr name="isRemoveAllowed">false</attr>
    <attr name="neighborCellRef">SubNetwork=ONRM_RootMo_R,MeContext=LTE25ERBS00001,ManagedElement=1,ENodeBFunction=1,EUtranCellFDD=LTE25ERBS00001-3</attr>
    <attr name="anrCreated">false</attr>
    <attr name="isHoAllowed">true</attr>
  </mo>
  <mo fdn="SubNetwork=ONRM_RootMo_R,MeContext=LTE25ERBS00001,ManagedElement=1,ENodeBFunction=1,EUtranCellFDD=LTE25ERBS00001-2,EUtranFreqRelation=1,EUtranCellRelation=20" lastModified="1287619267112" mimName="ERBS_NODE_MODEL" mimVersion="A.9.50.J.9.1">
    <attr name="isRemoveAllowed">false</attr>
    <attr name="neighborCellRef">SubNetwork=ONRM_RootMo_R,MeContext=LTE25ERBS00001,ManagedElement=1,ENodeBFunction=1,EUtraNetwork=1,ExternalENodeBFunction=3850,ExternalEUtranCellFDD=1</attr>
    <attr name="anrCreated">false</attr>
    <attr name="isHoAllowed">true</attr>
  </mo>
  <mo fdn="SubNetwork=ONRM_RootMo_R,MeContext=LTE25ERBS00001,ManagedElement=1,ENodeBFunction=1,EUtranCellFDD=LTE25ERBS00001-2,EUtranFreqRelation=1,EUtranCellRelation=21" lastModified="1287619267109" mimName="ERBS_NODE_MODEL" mimVersion="A.9.50.J.9.1">
    <attr name="isRemoveAllowed">false</attr>
    <attr name="neighborCellRef">SubNetwork=ONRM_RootMo_R,MeContext=LTE25ERBS00001,ManagedElement=1,ENodeBFunction=1,EUtraNetwork=1,ExternalENodeBFunction=3850,ExternalEUtranCellFDD=2</attr>
    <attr name="anrCreated">false</attr>
    <attr name="isHoAllowed">true</attr>
  </mo>
  <mo fdn="SubNetwork=ONRM_RootMo_R,MeContext=LTE25ERBS00001,ManagedElement=1,ENodeBFunction=1,EUtranCellFDD=LTE25ERBS00001-2,EUtranFreqRelation=1,EUtranCellRelation=22" lastModified="1287619267100" mimName="ERBS_NODE_MODEL" mimVersion="A.9.50.J.9.1">
    <attr name="isRemoveAllowed">false</attr>
    <attr name="neighborCellRef">SubNetwork=ONRM_RootMo_R,MeContext=LTE25ERBS00001,ManagedElement=1,ENodeBFunction=1,EUtraNetwork=1,ExternalENodeBFunction=3851,ExternalEUtranCellFDD=1</attr>
    <attr name="anrCreated">false</attr>
    <attr name="isHoAllowed">true</attr>
  </mo>
  <mo fdn="SubNetwork=ONRM_RootMo_R,MeContext=LTE25ERBS00001,ManagedElement=1,ENodeBFunction=1,EUtranCellFDD=LTE25ERBS00001-2,EUtranFreqRelation=1,EUtranCellRelation=23" lastModified="1287619267085" mimName="ERBS_NODE_MODEL" mimVersion="A.9.50.J.9.1">
    <attr name="isRemoveAllowed">false</attr>
    <attr name="neighborCellRef">SubNetwork=ONRM_RootMo_R,MeContext=LTE25ERBS00001,ManagedElement=1,ENodeBFunction=1,EUtraNetwork=1,ExternalENodeBFunction=3851,ExternalEUtranCellFDD=2</attr>
    <attr name="anrCreated">false</attr>
    <attr name="isHoAllowed">true</attr>
  </mo>
  <mo fdn="SubNetwork=ONRM_RootMo_R,MeContext=LTE25ERBS00001,ManagedElement=1,ENodeBFunction=1,EUtranCellFDD=LTE25ERBS00001-2,EUtranFreqRelation=1,EUtranCellRelation=24" lastModified="1287619267107" mimName="ERBS_NODE_MODEL" mimVersion="A.9.50.J.9.1">
    <attr name="isRemoveAllowed">false</attr>
    <attr name="neighborCellRef">SubNetwork=ONRM_RootMo_R,MeContext=LTE25ERBS00001,ManagedElement=1,ENodeBFunction=1,EUtraNetwork=1,ExternalENodeBFunction=3852,ExternalEUtranCellFDD=1</attr>
    <attr name="anrCreated">false</attr>
    <attr name="isHoAllowed">true</attr>
  </mo>
  <mo fdn="SubNetwork=ONRM_RootMo_R,MeContext=LTE25ERBS00001,ManagedElement=1,ENodeBFunction=1,EUtranCellFDD=LTE25ERBS00001-2,EUtranFreqRelation=1,EUtranCellRelation=25" lastModified="1287619267103" mimName="ERBS_NODE_MODEL" mimVersion="A.9.50.J.9.1">
    <attr name="isRemoveAllowed">false</attr>
    <attr name="neighborCellRef">SubNetwork=ONRM_RootMo_R,MeContext=LTE25ERBS00001,ManagedElement=1,ENodeBFunction=1,EUtraNetwork=1,ExternalENodeBFunction=3852,ExternalEUtranCellFDD=2</attr>
    <attr name="anrCreated">false</attr>
    <attr name="isHoAllowed">true</attr>
  </mo>
  <mo fdn="SubNetwork=ONRM_RootMo_R,MeContext=LTE25ERBS00001,ManagedElement=1,ENodeBFunction=1,EUtranCellFDD=LTE25ERBS00001-2,EUtranFreqRelation=1,EUtranCellRelation=26" lastModified="1287619267114" mimName="ERBS_NODE_MODEL" mimVersion="A.9.50.J.9.1">
    <attr name="isRemoveAllowed">false</attr>
    <attr name="neighborCellRef">SubNetwork=ONRM_RootMo_R,MeContext=LTE25ERBS00001,ManagedElement=1,ENodeBFunction=1,EUtraNetwork=1,ExternalENodeBFunction=3853,ExternalEUtranCellFDD=1</attr>
    <attr name="anrCreated">false</attr>
    <attr name="isHoAllowed">true</attr>
  </mo>
  <mo fdn="SubNetwork=ONRM_RootMo_R,MeContext=LTE25ERBS00001,ManagedElement=1,ENodeBFunction=1,EUtranCellFDD=LTE25ERBS00001-2,EUtranFreqRelation=1,EUtranCellRelation=27" lastModified="1287619267113" mimName="ERBS_NODE_MODEL" mimVersion="A.9.50.J.9.1">
    <attr name="isRemoveAllowed">false</attr>
    <attr name="neighborCellRef">SubNetwork=ONRM_RootMo_R,MeContext=LTE25ERBS00001,ManagedElement=1,ENodeBFunction=1,EUtraNetwork=1,ExternalENodeBFunction=3853,ExternalEUtranCellFDD=2</attr>
    <attr name="anrCreated">false</attr>
    <attr name="isHoAllowed">true</attr>
  </mo>
  <mo fdn="SubNetwork=ONRM_RootMo_R,MeContext=LTE25ERBS00001,ManagedElement=1,ENodeBFunction=1,EUtranCellFDD=LTE25ERBS00001-2,EUtranFreqRelation=1,EUtranCellRelation=28" lastModified="1287619267116" mimName="ERBS_NODE_MODEL" mimVersion="A.9.50.J.9.1">
    <attr name="isRemoveAllowed">false</attr>
    <attr name="neighborCellRef">SubNetwork=ONRM_RootMo_R,MeContext=LTE25ERBS00001,ManagedElement=1,ENodeBFunction=1,EUtraNetwork=1,ExternalENodeBFunction=3854,ExternalEUtranCellFDD=1</attr>
    <attr name="anrCreated">false</attr>
    <attr name="isHoAllowed">true</attr>
  </mo>
  <mo fdn="SubNetwork=ONRM_RootMo_R,MeContext=LTE25ERBS00001,ManagedElement=1,ENodeBFunction=1,EUtranCellFDD=LTE25ERBS00001-2,EUtranFreqRelation=1,EUtranCellRelation=29" lastModified="1287619267115" mimName="ERBS_NODE_MODEL" mimVersion="A.9.50.J.9.1">
    <attr name="isRemoveAllowed">false</attr>
    <attr name="neighborCellRef">SubNetwork=ONRM_RootMo_R,MeContext=LTE25ERBS00001,ManagedElement=1,ENodeBFunction=1,EUtraNetwork=1,ExternalENodeBFunction=3854,ExternalEUtranCellFDD=2</attr>
    <attr name="anrCreated">false</attr>
    <attr name="isHoAllowed">true</attr>
  </mo>
  <mo fdn="SubNetwork=ONRM_RootMo_R,MeContext=LTE25ERBS00001,ManagedElement=1,ENodeBFunction=1,EUtranCellFDD=LTE25ERBS00001-2,EUtranFreqRelation=1,EUtranCellRelation=3" lastModified="1287605730526" mimName="ERBS_NODE_MODEL" mimVersion="A.9.50.J.9.1">
    <attr name="isRemoveAllowed">false</attr>
    <attr name="neighborCellRef">SubNetwork=ONRM_RootMo_R,MeContext=LTE25ERBS00001,ManagedElement=1,ENodeBFunction=1,EUtranCellFDD=LTE25ERBS00001-4</attr>
    <attr name="anrCreated">false</attr>
    <attr name="isHoAllowed">true</attr>
  </mo>
  <mo fdn="SubNetwork=ONRM_RootMo_R,MeContext=LTE25ERBS00001,ManagedElement=1,ENodeBFunction=1,EUtranCellFDD=LTE25ERBS00001-2,EUtranFreqRelation=1,EUtranCellRelation=30" lastModified="1287619267124" mimName="ERBS_NODE_MODEL" mimVersion="A.9.50.J.9.1">
    <attr name="isRemoveAllowed">false</attr>
    <attr name="neighborCellRef">SubNetwork=ONRM_RootMo_R,MeContext=LTE25ERBS00001,ManagedElement=1,ENodeBFunction=1,EUtraNetwork=1,ExternalENodeBFunction=3855,ExternalEUtranCellFDD=1</attr>
    <attr name="anrCreated">false</attr>
    <attr name="isHoAllowed">true</attr>
  </mo>
  <mo fdn="SubNetwork=ONRM_RootMo_R,MeContext=LTE25ERBS00001,ManagedElement=1,ENodeBFunction=1,EUtranCellFDD=LTE25ERBS00001-2,EUtranFreqRelation=1,EUtranCellRelation=31" lastModified="1287619267120" mimName="ERBS_NODE_MODEL" mimVersion="A.9.50.J.9.1">
    <attr name="isRemoveAllowed">false</attr>
    <attr name="neighborCellRef">SubNetwork=ONRM_RootMo_R,MeContext=LTE25ERBS00001,ManagedElement=1,ENodeBFunction=1,EUtraNetwork=1,ExternalENodeBFunction=3855,ExternalEUtranCellFDD=2</attr>
    <attr name="anrCreated">false</attr>
    <attr name="isHoAllowed">true</attr>
  </mo>
  <mo fdn="SubNetwork=ONRM_RootMo_R,MeContext=LTE25ERBS00001,ManagedElement=1,ENodeBFunction=1,EUtranCellFDD=LTE25ERBS00001-2,EUtranFreqRelation=1,EUtranCellRelation=32" lastModified="1287619267118" mimName="ERBS_NODE_MODEL" mimVersion="A.9.50.J.9.1">
    <attr name="isRemoveAllowed">false</attr>
    <attr name="neighborCellRef">SubNetwork=ONRM_RootMo_R,MeContext=LTE25ERBS00001,ManagedElement=1,ENodeBFunction=1,EUtraNetwork=1,ExternalENodeBFunction=3856,ExternalEUtranCellFDD=1</attr>
    <attr name="anrCreated">false</attr>
    <attr name="isHoAllowed">true</attr>
  </mo>
  <mo fdn="SubNetwork=ONRM_RootMo_R,MeContext=LTE25ERBS00001,ManagedElement=1,ENodeBFunction=1,EUtranCellFDD=LTE25ERBS00001-2,EUtranFreqRelation=1,EUtranCellRelation=33" lastModified="1287619267130" mimName="ERBS_NODE_MODEL" mimVersion="A.9.50.J.9.1">
    <attr name="isRemoveAllowed">false</attr>
    <attr name="neighborCellRef">SubNetwork=ONRM_RootMo_R,MeContext=LTE25ERBS00001,ManagedElement=1,ENodeBFunction=1,EUtraNetwork=1,ExternalENodeBFunction=3856,ExternalEUtranCellFDD=2</attr>
    <attr name="anrCreated">false</attr>
    <attr name="isHoAllowed">true</attr>
  </mo>
  <mo fdn="SubNetwork=ONRM_RootMo_R,MeContext=LTE25ERBS00001,ManagedElement=1,ENodeBFunction=1,EUtranCellFDD=LTE25ERBS00001-2,EUtranFreqRelation=1,EUtranCellRelation=4" lastModified="1287619267139" mimName="ERBS_NODE_MODEL" mimVersion="A.9.50.J.9.1">
    <attr name="isRemoveAllowed">false</attr>
    <attr name="neighborCellRef">SubNetwork=ONRM_RootMo_R,MeContext=LTE25ERBS00001,ManagedElement=1,ENodeBFunction=1,EUtraNetwork=1,ExternalENodeBFunction=3842,ExternalEUtranCellFDD=1</attr>
    <attr name="anrCreated">false</attr>
    <attr name="isHoAllowed">true</attr>
  </mo>
  <mo fdn="SubNetwork=ONRM_RootMo_R,MeContext=LTE25ERBS00001,ManagedElement=1,ENodeBFunction=1,EUtranCellFDD=LTE25ERBS00001-2,EUtranFreqRelation=1,EUtranCellRelation=5" lastModified="1287619267142" mimName="ERBS_NODE_MODEL" mimVersion="A.9.50.J.9.1">
    <attr name="isRemoveAllowed">false</attr>
    <attr name="neighborCellRef">SubNetwork=ONRM_RootMo_R,MeContext=LTE25ERBS00001,ManagedElement=1,ENodeBFunction=1,EUtraNetwork=1,ExternalENodeBFunction=3842,ExternalEUtranCellFDD=2</attr>
    <attr name="anrCreated">false</attr>
    <attr name="isHoAllowed">true</attr>
  </mo>
  <mo fdn="SubNetwork=ONRM_RootMo_R,MeContext=LTE25ERBS00001,ManagedElement=1,ENodeBFunction=1,EUtranCellFDD=LTE25ERBS00001-2,EUtranFreqRelation=1,EUtranCellRelation=6" lastModified="1287619267134" mimName="ERBS_NODE_MODEL" mimVersion="A.9.50.J.9.1">
    <attr name="isRemoveAllowed">false</attr>
    <attr name="neighborCellRef">SubNetwork=ONRM_RootMo_R,MeContext=LTE25ERBS00001,ManagedElement=1,ENodeBFunction=1,EUtraNetwork=1,ExternalENodeBFunction=3843,ExternalEUtranCellFDD=1</attr>
    <attr name="anrCreated">false</attr>
    <attr name="isHoAllowed">true</attr>
  </mo>
  <mo fdn="SubNetwork=ONRM_RootMo_R,MeContext=LTE25ERBS00001,ManagedElement=1,ENodeBFunction=1,EUtranCellFDD=LTE25ERBS00001-2,EUtranFreqRelation=1,EUtranCellRelation=7" lastModified="1287619267137" mimName="ERBS_NODE_MODEL" mimVersion="A.9.50.J.9.1">
    <attr name="isRemoveAllowed">false</attr>
    <attr name="neighborCellRef">SubNetwork=ONRM_RootMo_R,MeContext=LTE25ERBS00001,ManagedElement=1,ENodeBFunction=1,EUtraNetwork=1,ExternalENodeBFunction=3843,ExternalEUtranCellFDD=2</attr>
    <attr name="anrCreated">false</attr>
    <attr name="isHoAllowed">true</attr>
  </mo>
  <mo fdn="SubNetwork=ONRM_RootMo_R,MeContext=LTE25ERBS00001,ManagedElement=1,ENodeBFunction=1,EUtranCellFDD=LTE25ERBS00001-2,EUtranFreqRelation=1,EUtranCellRelation=8" lastModified="1287619267130" mimName="ERBS_NODE_MODEL" mimVersion="A.9.50.J.9.1">
    <attr name="isRemoveAllowed">false</attr>
    <attr name="neighborCellRef">SubNetwork=ONRM_RootMo_R,MeContext=LTE25ERBS00001,ManagedElement=1,ENodeBFunction=1,EUtraNetwork=1,ExternalENodeBFunction=3844,ExternalEUtranCellFDD=1</attr>
    <attr name="anrCreated">false</attr>
    <attr name="isHoAllowed">true</attr>
  </mo>
  <mo fdn="SubNetwork=ONRM_RootMo_R,MeContext=LTE25ERBS00001,ManagedElement=1,ENodeBFunction=1,EUtranCellFDD=LTE25ERBS00001-2,EUtranFreqRelation=1,EUtranCellRelation=9" lastModified="1287619267132" mimName="ERBS_NODE_MODEL" mimVersion="A.9.50.J.9.1">
    <attr name="isRemoveAllowed">false</attr>
    <attr name="neighborCellRef">SubNetwork=ONRM_RootMo_R,MeContext=LTE25ERBS00001,ManagedElement=1,ENodeBFunction=1,EUtraNetwork=1,ExternalENodeBFunction=3844,ExternalEUtranCellFDD=2</attr>
    <attr name="anrCreated">false</attr>
    <attr name="isHoAllowed">true</attr>
  </mo>
  <mo fdn="SubNetwork=ONRM_RootMo_R,MeContext=LTE25ERBS00001,ManagedElement=1,ENodeBFunction=1,EUtranCellFDD=LTE25ERBS00001-3" lastModified="1287631751480" mimName="ERBS_NODE_MODEL" mimVersion="A.9.50.J.9.1">
    <attr name="EUtranCellFDDId">LTE25ERBS00001-3</attr>
    <attr name="earfcnul">18000</attr>
    <attr name="cellId">3</attr>
    <attr name="tac">1</attr>
    <attr name="bPlmnList">
      <seq count="1">
        <item>
          <struct>
            <attr name="mcc">344</attr>
            <attr name="mnc">930</attr>
            <attr name="mncLength">2</attr>
          </struct>
        </item>
      </seq>
    </attr>
    <attr name="earfcndl">0</attr>
    <attr name="userLabel">LTE25ERBS00001-3</attr>
  </mo>
  <mo fdn="SubNetwork=ONRM_RootMo_R,MeContext=LTE25ERBS00001,ManagedElement=1,ENodeBFunction=1,EUtranCellFDD=LTE25ERBS00001-3,EUtranFreqRelation=1,EUtranCellRelation=1" lastModified="1287605730500" mimName="ERBS_NODE_MODEL" mimVersion="A.9.50.J.9.1">
    <attr name="isRemoveAllowed">false</attr>
    <attr name="neighborCellRef">SubNetwork=ONRM_RootMo_R,MeContext=LTE25ERBS00001,ManagedElement=1,ENodeBFunction=1,EUtranCellFDD=LTE25ERBS00001-1</attr>
    <attr name="anrCreated">false</attr>
    <attr name="isHoAllowed">true</attr>
  </mo>
  <mo fdn="SubNetwork=ONRM_RootMo_R,MeContext=LTE25ERBS00001,ManagedElement=1,ENodeBFunction=1,EUtranCellFDD=LTE25ERBS00001-3,EUtranFreqRelation=1,EUtranCellRelation=10" lastModified="1287619272422" mimName="ERBS_NODE_MODEL" mimVersion="A.9.50.J.9.1">
    <attr name="isRemoveAllowed">false</attr>
    <attr name="neighborCellRef">SubNetwork=ONRM_RootMo_R,MeContext=LTE25ERBS00001,ManagedElement=1,ENodeBFunction=1,EUtraNetwork=1,ExternalENodeBFunction=3845,ExternalEUtranCellFDD=3</attr>
    <attr name="anrCreated">false</attr>
    <attr name="isHoAllowed">true</attr>
  </mo>
  <mo fdn="SubNetwork=ONRM_RootMo_R,MeContext=LTE25ERBS00001,ManagedElement=1,ENodeBFunction=1,EUtranCellFDD=LTE25ERBS00001-3,EUtranFreqRelation=1,EUtranCellRelation=11" lastModified="1287619272420" mimName="ERBS_NODE_MODEL" mimVersion="A.9.50.J.9.1">
    <attr name="isRemoveAllowed">false</attr>
    <attr name="neighborCellRef">SubNetwork=ONRM_RootMo_R,MeContext=LTE25ERBS00001,ManagedElement=1,ENodeBFunction=1,EUtraNetwork=1,ExternalENodeBFunction=3845,ExternalEUtranCellFDD=4</attr>
    <attr name="anrCreated">false</attr>
    <attr name="isHoAllowed">true</attr>
  </mo>
  <mo fdn="SubNetwork=ONRM_RootMo_R,MeContext=LTE25ERBS00001,ManagedElement=1,ENodeBFunction=1,EUtranCellFDD=LTE25ERBS00001-3,EUtranFreqRelation=1,EUtranCellRelation=12" lastModified="1287619272418" mimName="ERBS_NODE_MODEL" mimVersion="A.9.50.J.9.1">
    <attr name="isRemoveAllowed">false</attr>
    <attr name="neighborCellRef">SubNetwork=ONRM_RootMo_R,MeContext=LTE25ERBS00001,ManagedElement=1,ENodeBFunction=1,EUtraNetwork=1,ExternalENodeBFunction=3846,ExternalEUtranCellFDD=3</attr>
    <attr name="anrCreated">false</attr>
    <attr name="isHoAllowed">true</attr>
  </mo>
  <mo fdn="SubNetwork=ONRM_RootMo_R,MeContext=LTE25ERBS00001,ManagedElement=1,ENodeBFunction=1,EUtranCellFDD=LTE25ERBS00001-3,EUtranFreqRelation=1,EUtranCellRelation=13" lastModified="1287619272415" mimName="ERBS_NODE_MODEL" mimVersion="A.9.50.J.9.1">
    <attr name="isRemoveAllowed">false</attr>
    <attr name="neighborCellRef">SubNetwork=ONRM_RootMo_R,MeContext=LTE25ERBS00001,ManagedElement=1,ENodeBFunction=1,EUtraNetwork=1,ExternalENodeBFunction=3846,ExternalEUtranCellFDD=4</attr>
    <attr name="anrCreated">false</attr>
    <attr name="isHoAllowed">true</attr>
  </mo>
  <mo fdn="SubNetwork=ONRM_RootMo_R,MeContext=LTE25ERBS00001,ManagedElement=1,ENodeBFunction=1,EUtranCellFDD=LTE25ERBS00001-3,EUtranFreqRelation=1,EUtranCellRelation=14" lastModified="1287619272407" mimName="ERBS_NODE_MODEL" mimVersion="A.9.50.J.9.1">
    <attr name="isRemoveAllowed">false</attr>
    <attr name="neighborCellRef">SubNetwork=ONRM_RootMo_R,MeContext=LTE25ERBS00001,ManagedElement=1,ENodeBFunction=1,EUtraNetwork=1,ExternalENodeBFunction=3847,ExternalEUtranCellFDD=3</attr>
    <attr name="anrCreated">false</attr>
    <attr name="isHoAllowed">true</attr>
  </mo>
  <mo fdn="SubNetwork=ONRM_RootMo_R,MeContext=LTE25ERBS00001,ManagedElement=1,ENodeBFunction=1,EUtranCellFDD=LTE25ERBS00001-3,EUtranFreqRelation=1,EUtranCellRelation=15" lastModified="1287619272440" mimName="ERBS_NODE_MODEL" mimVersion="A.9.50.J.9.1">
    <attr name="isRemoveAllowed">false</attr>
    <attr name="neighborCellRef">SubNetwork=ONRM_RootMo_R,MeContext=LTE25ERBS00001,ManagedElement=1,ENodeBFunction=1,EUtraNetwork=1,ExternalENodeBFunction=3847,ExternalEUtranCellFDD=4</attr>
    <attr name="anrCreated">false</attr>
    <attr name="isHoAllowed">true</attr>
  </mo>
  <mo fdn="SubNetwork=ONRM_RootMo_R,MeContext=LTE25ERBS00001,ManagedElement=1,ENodeBFunction=1,EUtranCellFDD=LTE25ERBS00001-3,EUtranFreqRelation=1,EUtranCellRelation=16" lastModified="1287619272438" mimName="ERBS_NODE_MODEL" mimVersion="A.9.50.J.9.1">
    <attr name="isRemoveAllowed">false</attr>
    <attr name="neighborCellRef">SubNetwork=ONRM_RootMo_R,MeContext=LTE25ERBS00001,ManagedElement=1,ENodeBFunction=1,EUtraNetwork=1,ExternalENodeBFunction=3848,ExternalEUtranCellFDD=3</attr>
    <attr name="anrCreated">false</attr>
    <attr name="isHoAllowed">true</attr>
  </mo>
  <mo fdn="SubNetwork=ONRM_RootMo_R,MeContext=LTE25ERBS00001,ManagedElement=1,ENodeBFunction=1,EUtranCellFDD=LTE25ERBS00001-3,EUtranFreqRelation=1,EUtranCellRelation=17" lastModified="1287619272436" mimName="ERBS_NODE_MODEL" mimVersion="A.9.50.J.9.1">
    <attr name="isRemoveAllowed">false</attr>
    <attr name="neighborCellRef">SubNetwork=ONRM_RootMo_R,MeContext=LTE25ERBS00001,ManagedElement=1,ENodeBFunction=1,EUtraNetwork=1,ExternalENodeBFunction=3848,ExternalEUtranCellFDD=4</attr>
    <attr name="anrCreated">false</attr>
    <attr name="isHoAllowed">true</attr>
  </mo>
  <mo fdn="SubNetwork=ONRM_RootMo_R,MeContext=LTE25ERBS00001,ManagedElement=1,ENodeBFunction=1,EUtranCellFDD=LTE25ERBS00001-3,EUtranFreqRelation=1,EUtranCellRelation=18" lastModified="1287619272433" mimName="ERBS_NODE_MODEL" mimVersion="A.9.50.J.9.1">
    <attr name="isRemoveAllowed">false</attr>
    <attr name="neighborCellRef">SubNetwork=ONRM_RootMo_R,MeContext=LTE25ERBS00001,ManagedElement=1,ENodeBFunction=1,EUtraNetwork=1,ExternalENodeBFunction=3849,ExternalEUtranCellFDD=3</attr>
    <attr name="anrCreated">false</attr>
    <attr name="isHoAllowed">true</attr>
  </mo>
  <mo fdn="SubNetwork=ONRM_RootMo_R,MeContext=LTE25ERBS00001,ManagedElement=1,ENodeBFunction=1,EUtranCellFDD=LTE25ERBS00001-3,EUtranFreqRelation=1,EUtranCellRelation=19" lastModified="1287619272429" mimName="ERBS_NODE_MODEL" mimVersion="A.9.50.J.9.1">
    <attr name="isRemoveAllowed">false</attr>
    <attr name="neighborCellRef">SubNetwork=ONRM_RootMo_R,MeContext=LTE25ERBS00001,ManagedElement=1,ENodeBFunction=1,EUtraNetwork=1,ExternalENodeBFunction=3849,ExternalEUtranCellFDD=4</attr>
    <attr name="anrCreated">false</attr>
    <attr name="isHoAllowed">true</attr>
  </mo>
  <mo fdn="SubNetwork=ONRM_RootMo_R,MeContext=LTE25ERBS00001,ManagedElement=1,ENodeBFunction=1,EUtranCellFDD=LTE25ERBS00001-3,EUtranFreqRelation=1,EUtranCellRelation=2" lastModified="1287605728973" mimName="ERBS_NODE_MODEL" mimVersion="A.9.50.J.9.1">
    <attr name="isRemoveAllowed">false</attr>
    <attr name="neighborCellRef">SubNetwork=ONRM_RootMo_R,MeContext=LTE25ERBS00001,ManagedElement=1,ENodeBFunction=1,EUtranCellFDD=LTE25ERBS00001-2</attr>
    <attr name="anrCreated">false</attr>
    <attr name="isHoAllowed">true</attr>
  </mo>
  <mo fdn="SubNetwork=ONRM_RootMo_R,MeContext=LTE25ERBS00001,ManagedElement=1,ENodeBFunction=1,EUtranCellFDD=LTE25ERBS00001-3,EUtranFreqRelation=1,EUtranCellRelation=20" lastModified="1287619272396" mimName="ERBS_NODE_MODEL" mimVersion="A.9.50.J.9.1">
    <attr name="isRemoveAllowed">false</attr>
    <attr name="neighborCellRef">SubNetwork=ONRM_RootMo_R,MeContext=LTE25ERBS00001,ManagedElement=1,ENodeBFunction=1,EUtraNetwork=1,ExternalENodeBFunction=3850,ExternalEUtranCellFDD=3</attr>
    <attr name="anrCreated">false</attr>
    <attr name="isHoAllowed">true</attr>
  </mo>
  <mo fdn="SubNetwork=ONRM_RootMo_R,MeContext=LTE25ERBS00001,ManagedElement=1,ENodeBFunction=1,EUtranCellFDD=LTE25ERBS00001-3,EUtranFreqRelation=1,EUtranCellRelation=21" lastModified="1287619272395" mimName="ERBS_NODE_MODEL" mimVersion="A.9.50.J.9.1">
    <attr name="isRemoveAllowed">false</attr>
    <attr name="neighborCellRef">SubNetwork=ONRM_RootMo_R,MeContext=LTE25ERBS00001,ManagedElement=1,ENodeBFunction=1,EUtraNetwork=1,ExternalENodeBFunction=3850,ExternalEUtranCellFDD=4</attr>
    <attr name="anrCreated">false</attr>
    <attr name="isHoAllowed">true</attr>
  </mo>
  <mo fdn="SubNetwork=ONRM_RootMo_R,MeContext=LTE25ERBS00001,ManagedElement=1,ENodeBFunction=1,EUtranCellFDD=LTE25ERBS00001-3,EUtranFreqRelation=1,EUtranCellRelation=22" lastModified="1287619272392" mimName="ERBS_NODE_MODEL" mimVersion="A.9.50.J.9.1">
    <attr name="isRemoveAllowed">false</attr>
    <attr name="neighborCellRef">SubNetwork=ONRM_RootMo_R,MeContext=LTE25ERBS00001,ManagedElement=1,ENodeBFunction=1,EUtraNetwork=1,ExternalENodeBFunction=3851,ExternalEUtranCellFDD=3</attr>
    <attr name="anrCreated">false</attr>
    <attr name="isHoAllowed">true</attr>
  </mo>
  <mo fdn="SubNetwork=ONRM_RootMo_R,MeContext=LTE25ERBS00001,ManagedElement=1,ENodeBFunction=1,EUtranCellFDD=LTE25ERBS00001-3,EUtranFreqRelation=1,EUtranCellRelation=23" lastModified="1287619272376" mimName="ERBS_NODE_MODEL" mimVersion="A.9.50.J.9.1">
    <attr name="isRemoveAllowed">false</attr>
    <attr name="neighborCellRef">SubNetwork=ONRM_RootMo_R,MeContext=LTE25ERBS00001,ManagedElement=1,ENodeBFunction=1,EUtraNetwork=1,ExternalENodeBFunction=3851,ExternalEUtranCellFDD=4</attr>
    <attr name="anrCreated">false</attr>
    <attr name="isHoAllowed">true</attr>
  </mo>
  <mo fdn="SubNetwork=ONRM_RootMo_R,MeContext=LTE25ERBS00001,ManagedElement=1,ENodeBFunction=1,EUtranCellFDD=LTE25ERBS00001-3,EUtranFreqRelation=1,EUtranCellRelation=24" lastModified="1287619272394" mimName="ERBS_NODE_MODEL" mimVersion="A.9.50.J.9.1">
    <attr name="isRemoveAllowed">false</attr>
    <attr name="neighborCellRef">SubNetwork=ONRM_RootMo_R,MeContext=LTE25ERBS00001,ManagedElement=1,ENodeBFunction=1,EUtraNetwork=1,ExternalENodeBFunction=3852,ExternalEUtranCellFDD=3</attr>
    <attr name="anrCreated">false</attr>
    <attr name="isHoAllowed">true</attr>
  </mo>
  <mo fdn="SubNetwork=ONRM_RootMo_R,MeContext=LTE25ERBS00001,ManagedElement=1,ENodeBFunction=1,EUtranCellFDD=LTE25ERBS00001-3,EUtranFreqRelation=1,EUtranCellRelation=25" lastModified="1287619272393" mimName="ERBS_NODE_MODEL" mimVersion="A.9.50.J.9.1">
    <attr name="isRemoveAllowed">false</attr>
    <attr name="neighborCellRef">SubNetwork=ONRM_RootMo_R,MeContext=LTE25ERBS00001,ManagedElement=1,ENodeBFunction=1,EUtraNetwork=1,ExternalENodeBFunction=3852,ExternalEUtranCellFDD=4</attr>
    <attr name="anrCreated">false</attr>
    <attr name="isHoAllowed">true</attr>
  </mo>
  <mo fdn="SubNetwork=ONRM_RootMo_R,MeContext=LTE25ERBS00001,ManagedElement=1,ENodeBFunction=1,EUtranCellFDD=LTE25ERBS00001-3,EUtranFreqRelation=1,EUtranCellRelation=26" lastModified="1287619272402" mimName="ERBS_NODE_MODEL" mimVersion="A.9.50.J.9.1">
    <attr name="isRemoveAllowed">false</attr>
    <attr name="neighborCellRef">SubNetwork=ONRM_RootMo_R,MeContext=LTE25ERBS00001,ManagedElement=1,ENodeBFunction=1,EUtraNetwork=1,ExternalENodeBFunction=3853,ExternalEUtranCellFDD=3</attr>
    <attr name="anrCreated">false</attr>
    <attr name="isHoAllowed">true</attr>
  </mo>
  <mo fdn="SubNetwork=ONRM_RootMo_R,MeContext=LTE25ERBS00001,ManagedElement=1,ENodeBFunction=1,EUtranCellFDD=LTE25ERBS00001-3,EUtranFreqRelation=1,EUtranCellRelation=27" lastModified="1287619272398" mimName="ERBS_NODE_MODEL" mimVersion="A.9.50.J.9.1">
    <attr name="isRemoveAllowed">false</attr>
    <attr name="neighborCellRef">SubNetwork=ONRM_RootMo_R,MeContext=LTE25ERBS00001,ManagedElement=1,ENodeBFunction=1,EUtraNetwork=1,ExternalENodeBFunction=3853,ExternalEUtranCellFDD=4</attr>
    <attr name="anrCreated">false</attr>
    <attr name="isHoAllowed">true</attr>
  </mo>
  <mo fdn="SubNetwork=ONRM_RootMo_R,MeContext=LTE25ERBS00001,ManagedElement=1,ENodeBFunction=1,EUtranCellFDD=LTE25ERBS00001-3,EUtranFreqRelation=1,EUtranCellRelation=28" lastModified="1287619272405" mimName="ERBS_NODE_MODEL" mimVersion="A.9.50.J.9.1">
    <attr name="isRemoveAllowed">false</attr>
    <attr name="neighborCellRef">SubNetwork=ONRM_RootMo_R,MeContext=LTE25ERBS00001,ManagedElement=1,ENodeBFunction=1,EUtraNetwork=1,ExternalENodeBFunction=3854,ExternalEUtranCellFDD=3</attr>
    <attr name="anrCreated">false</attr>
    <attr name="isHoAllowed">true</attr>
  </mo>
  <mo fdn="SubNetwork=ONRM_RootMo_R,MeContext=LTE25ERBS00001,ManagedElement=1,ENodeBFunction=1,EUtranCellFDD=LTE25ERBS00001-3,EUtranFreqRelation=1,EUtranCellRelation=29" lastModified="1287619272403" mimName="ERBS_NODE_MODEL" mimVersion="A.9.50.J.9.1">
    <attr name="isRemoveAllowed">false</attr>
    <attr name="neighborCellRef">SubNetwork=ONRM_RootMo_R,MeContext=LTE25ERBS00001,ManagedElement=1,ENodeBFunction=1,EUtraNetwork=1,ExternalENodeBFunction=3854,ExternalEUtranCellFDD=4</attr>
    <attr name="anrCreated">false</attr>
    <attr name="isHoAllowed">true</attr>
  </mo>
  <mo fdn="SubNetwork=ONRM_RootMo_R,MeContext=LTE25ERBS00001,ManagedElement=1,ENodeBFunction=1,EUtranCellFDD=LTE25ERBS00001-3,EUtranFreqRelation=1,EUtranCellRelation=3" lastModified="1287605728969" mimName="ERBS_NODE_MODEL" mimVersion="A.9.50.J.9.1">
    <attr name="isRemoveAllowed">false</attr>
    <attr name="neighborCellRef">SubNetwork=ONRM_RootMo_R,MeContext=LTE25ERBS00001,ManagedElement=1,ENodeBFunction=1,EUtranCellFDD=LTE25ERBS00001-4</attr>
    <attr name="anrCreated">false</attr>
    <attr name="isHoAllowed">true</attr>
  </mo>
  <mo fdn="SubNetwork=ONRM_RootMo_R,MeContext=LTE25ERBS00001,ManagedElement=1,ENodeBFunction=1,EUtranCellFDD=LTE25ERBS00001-3,EUtranFreqRelation=1,EUtranCellRelation=30" lastModified="1287619272417" mimName="ERBS_NODE_MODEL" mimVersion="A.9.50.J.9.1">
    <attr name="isRemoveAllowed">false</attr>
    <attr name="neighborCellRef">SubNetwork=ONRM_RootMo_R,MeContext=LTE25ERBS00001,ManagedElement=1,ENodeBFunction=1,EUtraNetwork=1,ExternalENodeBFunction=3855,ExternalEUtranCellFDD=3</attr>
    <attr name="anrCreated">false</attr>
    <attr name="isHoAllowed">true</attr>
  </mo>
  <mo fdn="SubNetwork=ONRM_RootMo_R,MeContext=LTE25ERBS00001,ManagedElement=1,ENodeBFunction=1,EUtranCellFDD=LTE25ERBS00001-3,EUtranFreqRelation=1,EUtranCellRelation=31" lastModified="1287619272413" mimName="ERBS_NODE_MODEL" mimVersion="A.9.50.J.9.1">
    <attr name="isRemoveAllowed">false</attr>
    <attr name="neighborCellRef">SubNetwork=ONRM_RootMo_R,MeContext=LTE25ERBS00001,ManagedElement=1,ENodeBFunction=1,EUtraNetwork=1,ExternalENodeBFunction=3855,ExternalEUtranCellFDD=4</attr>
    <attr name="anrCreated">false</attr>
    <attr name="isHoAllowed">true</attr>
  </mo>
  <mo fdn="SubNetwork=ONRM_RootMo_R,MeContext=LTE25ERBS00001,ManagedElement=1,ENodeBFunction=1,EUtranCellFDD=LTE25ERBS00001-3,EUtranFreqRelation=1,EUtranCellRelation=32" lastModified="1287619272411" mimName="ERBS_NODE_MODEL" mimVersion="A.9.50.J.9.1">
    <attr name="isRemoveAllowed">false</attr>
    <attr name="neighborCellRef">SubNetwork=ONRM_RootMo_R,MeContext=LTE25ERBS00001,ManagedElement=1,ENodeBFunction=1,EUtraNetwork=1,ExternalENodeBFunction=3856,ExternalEUtranCellFDD=3</attr>
    <attr name="anrCreated">false</attr>
    <attr name="isHoAllowed">true</attr>
  </mo>
  <mo fdn="SubNetwork=ONRM_RootMo_R,MeContext=LTE25ERBS00001,ManagedElement=1,ENodeBFunction=1,EUtranCellFDD=LTE25ERBS00001-3,EUtranFreqRelation=1,EUtranCellRelation=33" lastModified="1287619272424" mimName="ERBS_NODE_MODEL" mimVersion="A.9.50.J.9.1">
    <attr name="isRemoveAllowed">false</attr>
    <attr name="neighborCellRef">SubNetwork=ONRM_RootMo_R,MeContext=LTE25ERBS00001,ManagedElement=1,ENodeBFunction=1,EUtraNetwork=1,ExternalENodeBFunction=3856,ExternalEUtranCellFDD=4</attr>
    <attr name="anrCreated">false</attr>
    <attr name="isHoAllowed">true</attr>
  </mo>
  <mo fdn="SubNetwork=ONRM_RootMo_R,MeContext=LTE25ERBS00001,ManagedElement=1,ENodeBFunction=1,EUtranCellFDD=LTE25ERBS00001-3,EUtranFreqRelation=1,EUtranCellRelation=4" lastModified="1287619272439" mimName="ERBS_NODE_MODEL" mimVersion="A.9.50.J.9.1">
    <attr name="isRemoveAllowed">false</attr>
    <attr name="neighborCellRef">SubNetwork=ONRM_RootMo_R,MeContext=LTE25ERBS00001,ManagedElement=1,ENodeBFunction=1,EUtraNetwork=1,ExternalENodeBFunction=3842,ExternalEUtranCellFDD=3</attr>
    <attr name="anrCreated">false</attr>
    <attr name="isHoAllowed">true</attr>
  </mo>
  <mo fdn="SubNetwork=ONRM_RootMo_R,MeContext=LTE25ERBS00001,ManagedElement=1,ENodeBFunction=1,EUtranCellFDD=LTE25ERBS00001-3,EUtranFreqRelation=1,EUtranCellRelation=5" lastModified="1287619272443" mimName="ERBS_NODE_MODEL" mimVersion="A.9.50.J.9.1">
    <attr name="isRemoveAllowed">false</attr>
    <attr name="neighborCellRef">SubNetwork=ONRM_RootMo_R,MeContext=LTE25ERBS00001,ManagedElement=1,ENodeBFunction=1,EUtraNetwork=1,ExternalENodeBFunction=3842,ExternalEUtranCellFDD=4</attr>
    <attr name="anrCreated">false</attr>
    <attr name="isHoAllowed">true</attr>
  </mo>
  <mo fdn="SubNetwork=ONRM_RootMo_R,MeContext=LTE25ERBS00001,ManagedElement=1,ENodeBFunction=1,EUtranCellFDD=LTE25ERBS00001-3,EUtranFreqRelation=1,EUtranCellRelation=6" lastModified="1287619272435" mimName="ERBS_NODE_MODEL" mimVersion="A.9.50.J.9.1">
    <attr name="isRemoveAllowed">false</attr>
    <attr name="neighborCellRef">SubNetwork=ONRM_RootMo_R,MeContext=LTE25ERBS00001,ManagedElement=1,ENodeBFunction=1,EUtraNetwork=1,ExternalENodeBFunction=3843,ExternalEUtranCellFDD=3</attr>
    <attr name="anrCreated">false</attr>
    <attr name="isHoAllowed">true</attr>
  </mo>
  <mo fdn="SubNetwork=ONRM_RootMo_R,MeContext=LTE25ERBS00001,ManagedElement=1,ENodeBFunction=1,EUtranCellFDD=LTE25ERBS00001-3,EUtranFreqRelation=1,EUtranCellRelation=7" lastModified="1287619272437" mimName="ERBS_NODE_MODEL" mimVersion="A.9.50.J.9.1">
    <attr name="isRemoveAllowed">false</attr>
    <attr name="neighborCellRef">SubNetwork=ONRM_RootMo_R,MeContext=LTE25ERBS00001,ManagedElement=1,ENodeBFunction=1,EUtraNetwork=1,ExternalENodeBFunction=3843,ExternalEUtranCellFDD=4</attr>
    <attr name="anrCreated">false</attr>
    <attr name="isHoAllowed">true</attr>
  </mo>
  <mo fdn="SubNetwork=ONRM_RootMo_R,MeContext=LTE25ERBS00001,ManagedElement=1,ENodeBFunction=1,EUtranCellFDD=LTE25ERBS00001-3,EUtranFreqRelation=1,EUtranCellRelation=8" lastModified="1287619272426" mimName="ERBS_NODE_MODEL" mimVersion="A.9.50.J.9.1">
    <attr name="isRemoveAllowed">false</attr>
    <attr name="neighborCellRef">SubNetwork=ONRM_RootMo_R,MeContext=LTE25ERBS00001,ManagedElement=1,ENodeBFunction=1,EUtraNetwork=1,ExternalENodeBFunction=3844,ExternalEUtranCellFDD=3</attr>
    <attr name="anrCreated">false</attr>
    <attr name="isHoAllowed">true</attr>
  </mo>
  <mo fdn="SubNetwork=ONRM_RootMo_R,MeContext=LTE25ERBS00001,ManagedElement=1,ENodeBFunction=1,EUtranCellFDD=LTE25ERBS00001-3,EUtranFreqRelation=1,EUtranCellRelation=9" lastModified="1287619272431" mimName="ERBS_NODE_MODEL" mimVersion="A.9.50.J.9.1">
    <attr name="isRemoveAllowed">false</attr>
    <attr name="neighborCellRef">SubNetwork=ONRM_RootMo_R,MeContext=LTE25ERBS00001,ManagedElement=1,ENodeBFunction=1,EUtraNetwork=1,ExternalENodeBFunction=3844,ExternalEUtranCellFDD=4</attr>
    <attr name="anrCreated">false</attr>
    <attr name="isHoAllowed">true</attr>
  </mo>
  <mo fdn="SubNetwork=ONRM_RootMo_R,MeContext=LTE25ERBS00001,ManagedElement=1,ENodeBFunction=1,EUtranCellFDD=LTE25ERBS00001-4" lastModified="1287631750136" mimName="ERBS_NODE_MODEL" mimVersion="A.9.50.J.9.1">
    <attr name="EUtranCellFDDId">LTE25ERBS00001-4</attr>
    <attr name="earfcnul">18000</attr>
    <attr name="cellId">4</attr>
    <attr name="tac">1</attr>
    <attr name="bPlmnList">
      <seq count="1">
        <item>
          <struct>
            <attr name="mcc">344</attr>
            <attr name="mnc">930</attr>
            <attr name="mncLength">2</attr>
          </struct>
        </item>
      </seq>
    </attr>
    <attr name="earfcndl">0</attr>
    <attr name="userLabel">LTE25ERBS00001-4</attr>
  </mo>
  <mo fdn="SubNetwork=ONRM_RootMo_R,MeContext=LTE25ERBS00001,ManagedElement=1,ENodeBFunction=1,EUtranCellFDD=LTE25ERBS00001-4,EUtranFreqRelation=1,EUtranCellRelation=1" lastModified="1287605728943" mimName="ERBS_NODE_MODEL" mimVersion="A.9.50.J.9.1">
    <attr name="isRemoveAllowed">false</attr>
    <attr name="neighborCellRef">SubNetwork=ONRM_RootMo_R,MeContext=LTE25ERBS00001,ManagedElement=1,ENodeBFunction=1,EUtranCellFDD=LTE25ERBS00001-1</attr>
    <attr name="anrCreated">false</attr>
    <attr name="isHoAllowed">true</attr>
  </mo>
  <mo fdn="SubNetwork=ONRM_RootMo_R,MeContext=LTE25ERBS00001,ManagedElement=1,ENodeBFunction=1,EUtranCellFDD=LTE25ERBS00001-4,EUtranFreqRelation=1,EUtranCellRelation=10" lastModified="1287619270761" mimName="ERBS_NODE_MODEL" mimVersion="A.9.50.J.9.1">
    <attr name="isRemoveAllowed">false</attr>
    <attr name="neighborCellRef">SubNetwork=ONRM_RootMo_R,MeContext=LTE25ERBS00001,ManagedElement=1,ENodeBFunction=1,EUtraNetwork=1,ExternalENodeBFunction=3845,ExternalEUtranCellFDD=3</attr>
    <attr name="anrCreated">false</attr>
    <attr name="isHoAllowed">true</attr>
  </mo>
  <mo fdn="SubNetwork=ONRM_RootMo_R,MeContext=LTE25ERBS00001,ManagedElement=1,ENodeBFunction=1,EUtranCellFDD=LTE25ERBS00001-4,EUtranFreqRelation=1,EUtranCellRelation=11" lastModified="1287619270760" mimName="ERBS_NODE_MODEL" mimVersion="A.9.50.J.9.1">
    <attr name="isRemoveAllowed">false</attr>
    <attr name="neighborCellRef">SubNetwork=ONRM_RootMo_R,MeContext=LTE25ERBS00001,ManagedElement=1,ENodeBFunction=1,EUtraNetwork=1,ExternalENodeBFunction=3845,ExternalEUtranCellFDD=4</attr>
    <attr name="anrCreated">false</attr>
    <attr name="isHoAllowed">true</attr>
  </mo>
  <mo fdn="SubNetwork=ONRM_RootMo_R,MeContext=LTE25ERBS00001,ManagedElement=1,ENodeBFunction=1,EUtranCellFDD=LTE25ERBS00001-4,EUtranFreqRelation=1,EUtranCellRelation=12" lastModified="1287619270758" mimName="ERBS_NODE_MODEL" mimVersion="A.9.50.J.9.1">
    <attr name="isRemoveAllowed">false</attr>
    <attr name="neighborCellRef">SubNetwork=ONRM_RootMo_R,MeContext=LTE25ERBS00001,ManagedElement=1,ENodeBFunction=1,EUtraNetwork=1,ExternalENodeBFunction=3846,ExternalEUtranCellFDD=3</attr>
    <attr name="anrCreated">false</attr>
    <attr name="isHoAllowed">true</attr>
  </mo>
  <mo fdn="SubNetwork=ONRM_RootMo_R,MeContext=LTE25ERBS00001,ManagedElement=1,ENodeBFunction=1,EUtranCellFDD=LTE25ERBS00001-4,EUtranFreqRelation=1,EUtranCellRelation=13" lastModified="1287619270753" mimName="ERBS_NODE_MODEL" mimVersion="A.9.50.J.9.1">
    <attr name="isRemoveAllowed">false</attr>
    <attr name="neighborCellRef">SubNetwork=ONRM_RootMo_R,MeContext=LTE25ERBS00001,ManagedElement=1,ENodeBFunction=1,EUtraNetwork=1,ExternalENodeBFunction=3846,ExternalEUtranCellFDD=4</attr>
    <attr name="anrCreated">false</attr>
    <attr name="isHoAllowed">true</attr>
  </mo>
  <mo fdn="SubNetwork=ONRM_RootMo_R,MeContext=LTE25ERBS00001,ManagedElement=1,ENodeBFunction=1,EUtranCellFDD=LTE25ERBS00001-4,EUtranFreqRelation=1,EUtranCellRelation=14" lastModified="1287619270744" mimName="ERBS_NODE_MODEL" mimVersion="A.9.50.J.9.1">
    <attr name="isRemoveAllowed">false</attr>
    <attr name="neighborCellRef">SubNetwork=ONRM_RootMo_R,MeContext=LTE25ERBS00001,ManagedElement=1,ENodeBFunction=1,EUtraNetwork=1,ExternalENodeBFunction=3847,ExternalEUtranCellFDD=3</attr>
    <attr name="anrCreated">false</attr>
    <attr name="isHoAllowed">true</attr>
  </mo>
  <mo fdn="SubNetwork=ONRM_RootMo_R,MeContext=LTE25ERBS00001,ManagedElement=1,ENodeBFunction=1,EUtranCellFDD=LTE25ERBS00001-4,EUtranFreqRelation=1,EUtranCellRelation=15" lastModified="1287619270774" mimName="ERBS_NODE_MODEL" mimVersion="A.9.50.J.9.1">
    <attr name="isRemoveAllowed">false</attr>
    <attr name="neighborCellRef">SubNetwork=ONRM_RootMo_R,MeContext=LTE25ERBS00001,ManagedElement=1,ENodeBFunction=1,EUtraNetwork=1,ExternalENodeBFunction=3847,ExternalEUtranCellFDD=4</attr>
    <attr name="anrCreated">false</attr>
    <attr name="isHoAllowed">true</attr>
  </mo>
  <mo fdn="SubNetwork=ONRM_RootMo_R,MeContext=LTE25ERBS00001,ManagedElement=1,ENodeBFunction=1,EUtranCellFDD=LTE25ERBS00001-4,EUtranFreqRelation=1,EUtranCellRelation=16" lastModified="1287619270771" mimName="ERBS_NODE_MODEL" mimVersion="A.9.50.J.9.1">
    <attr name="isRemoveAllowed">false</attr>
    <attr name="neighborCellRef">SubNetwork=ONRM_RootMo_R,MeContext=LTE25ERBS00001,ManagedElement=1,ENodeBFunction=1,EUtraNetwork=1,ExternalENodeBFunction=3848,ExternalEUtranCellFDD=3</attr>
    <attr name="anrCreated">false</attr>
    <attr name="isHoAllowed">true</attr>
  </mo>
  <mo fdn="SubNetwork=ONRM_RootMo_R,MeContext=LTE25ERBS00001,ManagedElement=1,ENodeBFunction=1,EUtranCellFDD=LTE25ERBS00001-4,EUtranFreqRelation=1,EUtranCellRelation=17" lastModified="1287619270769" mimName="ERBS_NODE_MODEL" mimVersion="A.9.50.J.9.1">
    <attr name="isRemoveAllowed">false</attr>
    <attr name="neighborCellRef">SubNetwork=ONRM_RootMo_R,MeContext=LTE25ERBS00001,ManagedElement=1,ENodeBFunction=1,EUtraNetwork=1,ExternalENodeBFunction=3848,ExternalEUtranCellFDD=4</attr>
    <attr name="anrCreated">false</attr>
    <attr name="isHoAllowed">true</attr>
  </mo>
  <mo fdn="SubNetwork=ONRM_RootMo_R,MeContext=LTE25ERBS00001,ManagedElement=1,ENodeBFunction=1,EUtranCellFDD=LTE25ERBS00001-4,EUtranFreqRelation=1,EUtranCellRelation=18" lastModified="1287619270767" mimName="ERBS_NODE_MODEL" mimVersion="A.9.50.J.9.1">
    <attr name="isRemoveAllowed">false</attr>
    <attr name="neighborCellRef">SubNetwork=ONRM_RootMo_R,MeContext=LTE25ERBS00001,ManagedElement=1,ENodeBFunction=1,EUtraNetwork=1,ExternalENodeBFunction=3849,ExternalEUtranCellFDD=3</attr>
    <attr name="anrCreated">false</attr>
    <attr name="isHoAllowed">true</attr>
  </mo>
  <mo fdn="SubNetwork=ONRM_RootMo_R,MeContext=LTE25ERBS00001,ManagedElement=1,ENodeBFunction=1,EUtranCellFDD=LTE25ERBS00001-4,EUtranFreqRelation=1,EUtranCellRelation=19" lastModified="1287619270765" mimName="ERBS_NODE_MODEL" mimVersion="A.9.50.J.9.1">
    <attr name="isRemoveAllowed">false</attr>
    <attr name="neighborCellRef">SubNetwork=ONRM_RootMo_R,MeContext=LTE25ERBS00001,ManagedElement=1,ENodeBFunction=1,EUtraNetwork=1,ExternalENodeBFunction=3849,ExternalEUtranCellFDD=4</attr>
    <attr name="anrCreated">false</attr>
    <attr name="isHoAllowed">true</attr>
  </mo>
  <mo fdn="SubNetwork=ONRM_RootMo_R,MeContext=LTE25ERBS00001,ManagedElement=1,ENodeBFunction=1,EUtranCellFDD=LTE25ERBS00001-4,EUtranFreqRelation=1,EUtranCellRelation=2" lastModified="1287605728936" mimName="ERBS_NODE_MODEL" mimVersion="A.9.50.J.9.1">
    <attr name="isRemoveAllowed">false</attr>
    <attr name="neighborCellRef">SubNetwork=ONRM_RootMo_R,MeContext=LTE25ERBS00001,ManagedElement=1,ENodeBFunction=1,EUtranCellFDD=LTE25ERBS00001-2</attr>
    <attr name="anrCreated">false</attr>
    <attr name="isHoAllowed">true</attr>
  </mo>
  <mo fdn="SubNetwork=ONRM_RootMo_R,MeContext=LTE25ERBS00001,ManagedElement=1,ENodeBFunction=1,EUtranCellFDD=LTE25ERBS00001-4,EUtranFreqRelation=1,EUtranCellRelation=20" lastModified="1287619270732" mimName="ERBS_NODE_MODEL" mimVersion="A.9.50.J.9.1">
    <attr name="isRemoveAllowed">false</attr>
    <attr name="neighborCellRef">SubNetwork=ONRM_RootMo_R,MeContext=LTE25ERBS00001,ManagedElement=1,ENodeBFunction=1,EUtraNetwork=1,ExternalENodeBFunction=3850,ExternalEUtranCellFDD=3</attr>
    <attr name="anrCreated">false</attr>
    <attr name="isHoAllowed">true</attr>
  </mo>
  <mo fdn="SubNetwork=ONRM_RootMo_R,MeContext=LTE25ERBS00001,ManagedElement=1,ENodeBFunction=1,EUtranCellFDD=LTE25ERBS00001-4,EUtranFreqRelation=1,EUtranCellRelation=21" lastModified="1287619270730" mimName="ERBS_NODE_MODEL" mimVersion="A.9.50.J.9.1">
    <attr name="isRemoveAllowed">false</attr>
    <attr name="neighborCellRef">SubNetwork=ONRM_RootMo_R,MeContext=LTE25ERBS00001,ManagedElement=1,ENodeBFunction=1,EUtraNetwork=1,ExternalENodeBFunction=3850,ExternalEUtranCellFDD=4</attr>
    <attr name="anrCreated">false</attr>
    <attr name="isHoAllowed">true</attr>
  </mo>
  <mo fdn="SubNetwork=ONRM_RootMo_R,MeContext=LTE25ERBS00001,ManagedElement=1,ENodeBFunction=1,EUtranCellFDD=LTE25ERBS00001-4,EUtranFreqRelation=1,EUtranCellRelation=22" lastModified="1287619270727" mimName="ERBS_NODE_MODEL" mimVersion="A.9.50.J.9.1">
    <attr name="isRemoveAllowed">false</attr>
    <attr name="neighborCellRef">SubNetwork=ONRM_RootMo_R,MeContext=LTE25ERBS00001,ManagedElement=1,ENodeBFunction=1,EUtraNetwork=1,ExternalENodeBFunction=3851,ExternalEUtranCellFDD=3</attr>
    <attr name="anrCreated">false</attr>
    <attr name="isHoAllowed">true</attr>
  </mo>
  <mo fdn="SubNetwork=ONRM_RootMo_R,MeContext=LTE25ERBS00001,ManagedElement=1,ENodeBFunction=1,EUtranCellFDD=LTE25ERBS00001-4,EUtranFreqRelation=1,EUtranCellRelation=23" lastModified="1287619270713" mimName="ERBS_NODE_MODEL" mimVersion="A.9.50.J.9.1">
    <attr name="isRemoveAllowed">false</attr>
    <attr name="neighborCellRef">SubNetwork=ONRM_RootMo_R,MeContext=LTE25ERBS00001,ManagedElement=1,ENodeBFunction=1,EUtraNetwork=1,ExternalENodeBFunction=3851,ExternalEUtranCellFDD=4</attr>
    <attr name="anrCreated">false</attr>
    <attr name="isHoAllowed">true</attr>
  </mo>
  <mo fdn="SubNetwork=ONRM_RootMo_R,MeContext=LTE25ERBS00001,ManagedElement=1,ENodeBFunction=1,EUtranCellFDD=LTE25ERBS00001-4,EUtranFreqRelation=1,EUtranCellRelation=24" lastModified="1287619270729" mimName="ERBS_NODE_MODEL" mimVersion="A.9.50.J.9.1">
    <attr name="isRemoveAllowed">false</attr>
    <attr name="neighborCellRef">SubNetwork=ONRM_RootMo_R,MeContext=LTE25ERBS00001,ManagedElement=1,ENodeBFunction=1,EUtraNetwork=1,ExternalENodeBFunction=3852,ExternalEUtranCellFDD=3</attr>
    <attr name="anrCreated">false</attr>
    <attr name="isHoAllowed">true</attr>
  </mo>
  <mo fdn="SubNetwork=ONRM_RootMo_R,MeContext=LTE25ERBS00001,ManagedElement=1,ENodeBFunction=1,EUtranCellFDD=LTE25ERBS00001-4,EUtranFreqRelation=1,EUtranCellRelation=25" lastModified="1287619270728" mimName="ERBS_NODE_MODEL" mimVersion="A.9.50.J.9.1">
    <attr name="isRemoveAllowed">false</attr>
    <attr name="neighborCellRef">SubNetwork=ONRM_RootMo_R,MeContext=LTE25ERBS00001,ManagedElement=1,ENodeBFunction=1,EUtraNetwork=1,ExternalENodeBFunction=3852,ExternalEUtranCellFDD=4</attr>
    <attr name="anrCreated">false</attr>
    <attr name="isHoAllowed">true</attr>
  </mo>
  <mo fdn="SubNetwork=ONRM_RootMo_R,MeContext=LTE25ERBS00001,ManagedElement=1,ENodeBFunction=1,EUtranCellFDD=LTE25ERBS00001-4,EUtranFreqRelation=1,EUtranCellRelation=26" lastModified="1287619270735" mimName="ERBS_NODE_MODEL" mimVersion="A.9.50.J.9.1">
    <attr name="isRemoveAllowed">false</attr>
    <attr name="neighborCellRef">SubNetwork=ONRM_RootMo_R,MeContext=LTE25ERBS00001,ManagedElement=1,ENodeBFunction=1,EUtraNetwork=1,ExternalENodeBFunction=3853,ExternalEUtranCellFDD=3</attr>
    <attr name="anrCreated">false</attr>
    <attr name="isHoAllowed">true</attr>
  </mo>
  <mo fdn="SubNetwork=ONRM_RootMo_R,MeContext=LTE25ERBS00001,ManagedElement=1,ENodeBFunction=1,EUtranCellFDD=LTE25ERBS00001-4,EUtranFreqRelation=1,EUtranCellRelation=27" lastModified="1287619270734" mimName="ERBS_NODE_MODEL" mimVersion="A.9.50.J.9.1">
    <attr name="isRemoveAllowed">false</attr>
    <attr name="neighborCellRef">SubNetwork=ONRM_RootMo_R,MeContext=LTE25ERBS00001,ManagedElement=1,ENodeBFunction=1,EUtraNetwork=1,ExternalENodeBFunction=3853,ExternalEUtranCellFDD=4</attr>
    <attr name="anrCreated">false</attr>
    <attr name="isHoAllowed">true</attr>
  </mo>
  <mo fdn="SubNetwork=ONRM_RootMo_R,MeContext=LTE25ERBS00001,ManagedElement=1,ENodeBFunction=1,EUtranCellFDD=LTE25ERBS00001-4,EUtranFreqRelation=1,EUtranCellRelation=28" lastModified="1287619270740" mimName="ERBS_NODE_MODEL" mimVersion="A.9.50.J.9.1">
    <attr name="isRemoveAllowed">false</attr>
    <attr name="neighborCellRef">SubNetwork=ONRM_RootMo_R,MeContext=LTE25ERBS00001,ManagedElement=1,ENodeBFunction=1,EUtraNetwork=1,ExternalENodeBFunction=3854,ExternalEUtranCellFDD=3</attr>
    <attr name="anrCreated">false</attr>
    <attr name="isHoAllowed">true</attr>
  </mo>
  <mo fdn="SubNetwork=ONRM_RootMo_R,MeContext=LTE25ERBS00001,ManagedElement=1,ENodeBFunction=1,EUtranCellFDD=LTE25ERBS00001-4,EUtranFreqRelation=1,EUtranCellRelation=29" lastModified="1287619270737" mimName="ERBS_NODE_MODEL" mimVersion="A.9.50.J.9.1">
    <attr name="isRemoveAllowed">false</attr>
    <attr name="neighborCellRef">SubNetwork=ONRM_RootMo_R,MeContext=LTE25ERBS00001,ManagedElement=1,ENodeBFunction=1,EUtraNetwork=1,ExternalENodeBFunction=3854,ExternalEUtranCellFDD=4</attr>
    <attr name="anrCreated">false</attr>
    <attr name="isHoAllowed">true</attr>
  </mo>
  <mo fdn="SubNetwork=ONRM_RootMo_R,MeContext=LTE25ERBS00001,ManagedElement=1,ENodeBFunction=1,EUtranCellFDD=LTE25ERBS00001-4,EUtranFreqRelation=1,EUtranCellRelation=3" lastModified="1287605728871" mimName="ERBS_NODE_MODEL" mimVersion="A.9.50.J.9.1">
    <attr name="isRemoveAllowed">false</attr>
    <attr name="neighborCellRef">SubNetwork=ONRM_RootMo_R,MeContext=LTE25ERBS00001,ManagedElement=1,ENodeBFunction=1,EUtranCellFDD=LTE25ERBS00001-3</attr>
    <attr name="anrCreated">false</attr>
    <attr name="isHoAllowed">true</attr>
  </mo>
  <mo fdn="SubNetwork=ONRM_RootMo_R,MeContext=LTE25ERBS00001,ManagedElement=1,ENodeBFunction=1,EUtranCellFDD=LTE25ERBS00001-4,EUtranFreqRelation=1,EUtranCellRelation=30" lastModified="1287619270755" mimName="ERBS_NODE_MODEL" mimVersion="A.9.50.J.9.1">
    <attr name="isRemoveAllowed">false</attr>
    <attr name="neighborCellRef">SubNetwork=ONRM_RootMo_R,MeContext=LTE25ERBS00001,ManagedElement=1,ENodeBFunction=1,EUtraNetwork=1,ExternalENodeBFunction=3855,ExternalEUtranCellFDD=3</attr>
    <attr name="anrCreated">false</attr>
    <attr name="isHoAllowed">true</attr>
  </mo>
  <mo fdn="SubNetwork=ONRM_RootMo_R,MeContext=LTE25ERBS00001,ManagedElement=1,ENodeBFunction=1,EUtranCellFDD=LTE25ERBS00001-4,EUtranFreqRelation=1,EUtranCellRelation=31" lastModified="1287619270750" mimName="ERBS_NODE_MODEL" mimVersion="A.9.50.J.9.1">
    <attr name="isRemoveAllowed">false</attr>
    <attr name="neighborCellRef">SubNetwork=ONRM_RootMo_R,MeContext=LTE25ERBS00001,ManagedElement=1,ENodeBFunction=1,EUtraNetwork=1,ExternalENodeBFunction=3855,ExternalEUtranCellFDD=4</attr>
    <attr name="anrCreated">false</attr>
    <attr name="isHoAllowed">true</attr>
  </mo>
  <mo fdn="SubNetwork=ONRM_RootMo_R,MeContext=LTE25ERBS00001,ManagedElement=1,ENodeBFunction=1,EUtranCellFDD=LTE25ERBS00001-4,EUtranFreqRelation=1,EUtranCellRelation=32" lastModified="1287619270748" mimName="ERBS_NODE_MODEL" mimVersion="A.9.50.J.9.1">
    <attr name="isRemoveAllowed">false</attr>
    <attr name="neighborCellRef">SubNetwork=ONRM_RootMo_R,MeContext=LTE25ERBS00001,ManagedElement=1,ENodeBFunction=1,EUtraNetwork=1,ExternalENodeBFunction=3856,ExternalEUtranCellFDD=3</attr>
    <attr name="anrCreated">false</attr>
    <attr name="isHoAllowed">true</attr>
  </mo>
  <mo fdn="SubNetwork=ONRM_RootMo_R,MeContext=LTE25ERBS00001,ManagedElement=1,ENodeBFunction=1,EUtranCellFDD=LTE25ERBS00001-4,EUtranFreqRelation=1,EUtranCellRelation=33" lastModified="1287619270762" mimName="ERBS_NODE_MODEL" mimVersion="A.9.50.J.9.1">
    <attr name="isRemoveAllowed">false</attr>
    <attr name="neighborCellRef">SubNetwork=ONRM_RootMo_R,MeContext=LTE25ERBS00001,ManagedElement=1,ENodeBFunction=1,EUtraNetwork=1,ExternalENodeBFunction=3856,ExternalEUtranCellFDD=4</attr>
    <attr name="anrCreated">false</attr>
    <attr name="isHoAllowed">true</attr>
  </mo>
  <mo fdn="SubNetwork=ONRM_RootMo_R,MeContext=LTE25ERBS00001,ManagedElement=1,ENodeBFunction=1,EUtranCellFDD=LTE25ERBS00001-4,EUtranFreqRelation=1,EUtranCellRelation=4" lastModified="1287619270773" mimName="ERBS_NODE_MODEL" mimVersion="A.9.50.J.9.1">
    <attr name="isRemoveAllowed">false</attr>
    <attr name="neighborCellRef">SubNetwork=ONRM_RootMo_R,MeContext=LTE25ERBS00001,ManagedElement=1,ENodeBFunction=1,EUtraNetwork=1,ExternalENodeBFunction=3842,ExternalEUtranCellFDD=3</attr>
    <attr name="anrCreated">false</attr>
    <attr name="isHoAllowed">true</attr>
  </mo>
  <mo fdn="SubNetwork=ONRM_RootMo_R,MeContext=LTE25ERBS00001,ManagedElement=1,ENodeBFunction=1,EUtranCellFDD=LTE25ERBS00001-4,EUtranFreqRelation=1,EUtranCellRelation=5" lastModified="1287619270777" mimName="ERBS_NODE_MODEL" mimVersion="A.9.50.J.9.1">
    <attr name="isRemoveAllowed">false</attr>
    <attr name="neighborCellRef">SubNetwork=ONRM_RootMo_R,MeContext=LTE25ERBS00001,ManagedElement=1,ENodeBFunction=1,EUtraNetwork=1,ExternalENodeBFunction=3842,ExternalEUtranCellFDD=4</attr>
    <attr name="anrCreated">false</attr>
    <attr name="isHoAllowed">true</attr>
  </mo>
  <mo fdn="SubNetwork=ONRM_RootMo_R,MeContext=LTE25ERBS00001,ManagedElement=1,ENodeBFunction=1,EUtranCellFDD=LTE25ERBS00001-4,EUtranFreqRelation=1,EUtranCellRelation=6" lastModified="1287619270768" mimName="ERBS_NODE_MODEL" mimVersion="A.9.50.J.9.1">
    <attr name="isRemoveAllowed">false</attr>
    <attr name="neighborCellRef">SubNetwork=ONRM_RootMo_R,MeContext=LTE25ERBS00001,ManagedElement=1,ENodeBFunction=1,EUtraNetwork=1,ExternalENodeBFunction=3843,ExternalEUtranCellFDD=3</attr>
    <attr name="anrCreated">false</attr>
    <attr name="isHoAllowed">true</attr>
  </mo>
  <mo fdn="SubNetwork=ONRM_RootMo_R,MeContext=LTE25ERBS00001,ManagedElement=1,ENodeBFunction=1,EUtranCellFDD=LTE25ERBS00001-4,EUtranFreqRelation=1,EUtranCellRelation=7" lastModified="1287619270770" mimName="ERBS_NODE_MODEL" mimVersion="A.9.50.J.9.1">
    <attr name="isRemoveAllowed">false</attr>
    <attr name="neighborCellRef">SubNetwork=ONRM_RootMo_R,MeContext=LTE25ERBS00001,ManagedElement=1,ENodeBFunction=1,EUtraNetwork=1,ExternalENodeBFunction=3843,ExternalEUtranCellFDD=4</attr>
    <attr name="anrCreated">false</attr>
    <attr name="isHoAllowed">true</attr>
  </mo>
  <mo fdn="SubNetwork=ONRM_RootMo_R,MeContext=LTE25ERBS00001,ManagedElement=1,ENodeBFunction=1,EUtranCellFDD=LTE25ERBS00001-4,EUtranFreqRelation=1,EUtranCellRelation=8" lastModified="1287619270763" mimName="ERBS_NODE_MODEL" mimVersion="A.9.50.J.9.1">
    <attr name="isRemoveAllowed">false</attr>
    <attr name="neighborCellRef">SubNetwork=ONRM_RootMo_R,MeContext=LTE25ERBS00001,ManagedElement=1,ENodeBFunction=1,EUtraNetwork=1,ExternalENodeBFunction=3844,ExternalEUtranCellFDD=3</attr>
    <attr name="anrCreated">false</attr>
    <attr name="isHoAllowed">true</attr>
  </mo>
  <mo fdn="SubNetwork=ONRM_RootMo_R,MeContext=LTE25ERBS00001,ManagedElement=1,ENodeBFunction=1,EUtranCellFDD=LTE25ERBS00001-4,EUtranFreqRelation=1,EUtranCellRelation=9" lastModified="1287619270766" mimName="ERBS_NODE_MODEL" mimVersion="A.9.50.J.9.1">
    <attr name="isRemoveAllowed">false</attr>
    <attr name="neighborCellRef">SubNetwork=ONRM_RootMo_R,MeContext=LTE25ERBS00001,ManagedElement=1,ENodeBFunction=1,EUtraNetwork=1,ExternalENodeBFunction=3844,ExternalEUtranCellFDD=4</attr>
    <attr name="anrCreated">false</attr>
    <attr name="isHoAllowed">true</attr>
  </mo>
</model><!-- Generated 139 entries -->