<?xml version="1.0" encoding="UTF-8" standalone="no"?><!-- Generated by nmsadm --><!-- Generated on Thu Oct 28 14:35:47 BST 2010 --><!-- Generated from configuration valid --><!-- Query - Base MO SubNetwork=ONRM_RootMo_R,MeContext=LTE01ERBS00002; Scope 8 --><model>
  <mo fdn="SubNetwork=ONRM_RootMo_R,MeContext=LTE01ERBS00002" lastModified="1288189219367" mimName="ERBS_NODE_MODEL" mimVersion="A.9.50.J.9.1">
    <attr name="MeContextId">LTE01ERBS00002</attr>
    <attr name="neMIMversion">vA.9.40</attr>
    <attr name="siteRef">SubNetwork=ONRM_RootMo_R,Site=LTE01ERBS00002</attr>
    <attr name="userLabel">LTE01ERBS00002</attr>
  </mo>
  <mo fdn="SubNetwork=ONRM_RootMo_R,MeContext=LTE01ERBS00002,ManagedElement=1,ENodeBFunction=1" lastModified="1287501149373" mimName="ERBS_NODE_MODEL" mimVersion="A.9.50.J.9.1">
    <attr name="eNodeBPlmnId">
      <struct>
        <attr name="mcc">310</attr>
        <attr name="mnc">680</attr>
        <attr name="mncLength">2</attr>
      </struct>
    </attr>
    <attr name="eNBId">2</attr>
  </mo>
  <mo fdn="SubNetwork=ONRM_RootMo_R,MeContext=LTE01ERBS00002,ManagedElement=1,ENodeBFunction=1,EUtranCellFDD=LTE01ERBS00002-1" lastModified="1287512064777" mimName="ERBS_NODE_MODEL" mimVersion="A.9.50.J.9.1">
    <attr name="EUtranCellFDDId">LTE01ERBS00002-1</attr>
    <attr name="earfcnul">18000</attr>
    <attr name="cellId">1</attr>
    <attr name="tac">1</attr>
    <attr name="bPlmnList">
      <seq count="1">
        <item>
          <struct>
            <attr name="mcc">310</attr>
            <attr name="mnc">560</attr>
            <attr name="mncLength">2</attr>
          </struct>
        </item>
      </seq>
    </attr>
    <attr name="earfcndl">0</attr>
    <attr name="userLabel">LTE01ERBS00002-1</attr>
  </mo>
  <mo fdn="SubNetwork=ONRM_RootMo_R,MeContext=LTE01ERBS00002,ManagedElement=1,ENodeBFunction=1,EUtranCellFDD=LTE01ERBS00002-1,EUtranFreqRelation=1,EUtranCellRelation=10" lastModified="1287501708939" mimName="ERBS_NODE_MODEL" mimVersion="A.9.50.J.9.1">
    <attr name="isRemoveAllowed">false</attr>
    <attr name="neighborCellRef">SubNetwork=ONRM_RootMo_R,MeContext=LTE01ERBS00002,ManagedElement=1,ENodeBFunction=1,EUtraNetwork=1,ExternalENodeBFunction=5,ExternalEUtranCellFDD=1</attr>
    <attr name="anrCreated">false</attr>
    <attr name="isHoAllowed">true</attr>
  </mo>
  <mo fdn="SubNetwork=ONRM_RootMo_R,MeContext=LTE01ERBS00002,ManagedElement=1,ENodeBFunction=1,EUtranCellFDD=LTE01ERBS00002-1,EUtranFreqRelation=1,EUtranCellRelation=11" lastModified="1287501708939" mimName="ERBS_NODE_MODEL" mimVersion="A.9.50.J.9.1">
    <attr name="isRemoveAllowed">false</attr>
    <attr name="neighborCellRef">SubNetwork=ONRM_RootMo_R,MeContext=LTE01ERBS00002,ManagedElement=1,ENodeBFunction=1,EUtraNetwork=1,ExternalENodeBFunction=5,ExternalEUtranCellFDD=2</attr>
    <attr name="anrCreated">false</attr>
    <attr name="isHoAllowed">true</attr>
  </mo>
  <mo fdn="SubNetwork=ONRM_RootMo_R,MeContext=LTE01ERBS00002,ManagedElement=1,ENodeBFunction=1,EUtranCellFDD=LTE01ERBS00002-1,EUtranFreqRelation=1,EUtranCellRelation=14" lastModified="1287501708933" mimName="ERBS_NODE_MODEL" mimVersion="A.9.50.J.9.1">
    <attr name="isRemoveAllowed">false</attr>
    <attr name="neighborCellRef">SubNetwork=ONRM_RootMo_R,MeContext=LTE01ERBS00002,ManagedElement=1,ENodeBFunction=1,EUtraNetwork=1,ExternalENodeBFunction=7,ExternalEUtranCellFDD=1</attr>
    <attr name="anrCreated">false</attr>
    <attr name="isHoAllowed">true</attr>
  </mo>
  <mo fdn="SubNetwork=ONRM_RootMo_R,MeContext=LTE01ERBS00002,ManagedElement=1,ENodeBFunction=1,EUtranCellFDD=LTE01ERBS00002-1,EUtranFreqRelation=1,EUtranCellRelation=15" lastModified="1287501708943" mimName="ERBS_NODE_MODEL" mimVersion="A.9.50.J.9.1">
    <attr name="isRemoveAllowed">false</attr>
    <attr name="neighborCellRef">SubNetwork=ONRM_RootMo_R,MeContext=LTE01ERBS00002,ManagedElement=1,ENodeBFunction=1,EUtraNetwork=1,ExternalENodeBFunction=7,ExternalEUtranCellFDD=2</attr>
    <attr name="anrCreated">false</attr>
    <attr name="isHoAllowed">true</attr>
  </mo>
  <mo fdn="SubNetwork=ONRM_RootMo_R,MeContext=LTE01ERBS00002,ManagedElement=1,ENodeBFunction=1,EUtranCellFDD=LTE01ERBS00002-1,EUtranFreqRelation=1,EUtranCellRelation=18" lastModified="1287504766513" mimName="ERBS_NODE_MODEL" mimVersion="A.9.50.J.9.1">
    <attr name="isRemoveAllowed">false</attr>
    <attr name="neighborCellRef">SubNetwork=ONRM_RootMo_R,MeContext=LTE01ERBS00002,ManagedElement=1,ENodeBFunction=1,EUtraNetwork=1,ExternalENodeBFunction=9,ExternalEUtranCellFDD=1</attr>
    <attr name="anrCreated">false</attr>
    <attr name="isHoAllowed">true</attr>
  </mo>
  <mo fdn="SubNetwork=ONRM_RootMo_R,MeContext=LTE01ERBS00002,ManagedElement=1,ENodeBFunction=1,EUtranCellFDD=LTE01ERBS00002-1,EUtranFreqRelation=1,EUtranCellRelation=19" lastModified="1287504766502" mimName="ERBS_NODE_MODEL" mimVersion="A.9.50.J.9.1">
    <attr name="isRemoveAllowed">false</attr>
    <attr name="neighborCellRef">SubNetwork=ONRM_RootMo_R,MeContext=LTE01ERBS00002,ManagedElement=1,ENodeBFunction=1,EUtraNetwork=1,ExternalENodeBFunction=9,ExternalEUtranCellFDD=2</attr>
    <attr name="anrCreated">false</attr>
    <attr name="isHoAllowed">true</attr>
  </mo>
  <mo fdn="SubNetwork=ONRM_RootMo_R,MeContext=LTE01ERBS00002,ManagedElement=1,ENodeBFunction=1,EUtranCellFDD=LTE01ERBS00002-1,EUtranFreqRelation=1,EUtranCellRelation=22" lastModified="1287501708936" mimName="ERBS_NODE_MODEL" mimVersion="A.9.50.J.9.1">
    <attr name="isRemoveAllowed">false</attr>
    <attr name="neighborCellRef">SubNetwork=ONRM_RootMo_R,MeContext=LTE01ERBS00002,ManagedElement=1,ENodeBFunction=1,EUtraNetwork=1,ExternalENodeBFunction=11,ExternalEUtranCellFDD=1</attr>
    <attr name="anrCreated">false</attr>
    <attr name="isHoAllowed">true</attr>
  </mo>
  <mo fdn="SubNetwork=ONRM_RootMo_R,MeContext=LTE01ERBS00002,ManagedElement=1,ENodeBFunction=1,EUtranCellFDD=LTE01ERBS00002-1,EUtranFreqRelation=1,EUtranCellRelation=23" lastModified="1287501708934" mimName="ERBS_NODE_MODEL" mimVersion="A.9.50.J.9.1">
    <attr name="isRemoveAllowed">false</attr>
    <attr name="neighborCellRef">SubNetwork=ONRM_RootMo_R,MeContext=LTE01ERBS00002,ManagedElement=1,ENodeBFunction=1,EUtraNetwork=1,ExternalENodeBFunction=11,ExternalEUtranCellFDD=2</attr>
    <attr name="anrCreated">false</attr>
    <attr name="isHoAllowed">true</attr>
  </mo>
  <mo fdn="SubNetwork=ONRM_RootMo_R,MeContext=LTE01ERBS00002,ManagedElement=1,ENodeBFunction=1,EUtranCellFDD=LTE01ERBS00002-1,EUtranFreqRelation=1,EUtranCellRelation=26" lastModified="1287504766517" mimName="ERBS_NODE_MODEL" mimVersion="A.9.50.J.9.1">
    <attr name="isRemoveAllowed">false</attr>
    <attr name="neighborCellRef">SubNetwork=ONRM_RootMo_R,MeContext=LTE01ERBS00002,ManagedElement=1,ENodeBFunction=1,EUtraNetwork=1,ExternalENodeBFunction=13,ExternalEUtranCellFDD=1</attr>
    <attr name="anrCreated">false</attr>
    <attr name="isHoAllowed">true</attr>
  </mo>
  <mo fdn="SubNetwork=ONRM_RootMo_R,MeContext=LTE01ERBS00002,ManagedElement=1,ENodeBFunction=1,EUtranCellFDD=LTE01ERBS00002-1,EUtranFreqRelation=1,EUtranCellRelation=27" lastModified="1287504766515" mimName="ERBS_NODE_MODEL" mimVersion="A.9.50.J.9.1">
    <attr name="isRemoveAllowed">false</attr>
    <attr name="neighborCellRef">SubNetwork=ONRM_RootMo_R,MeContext=LTE01ERBS00002,ManagedElement=1,ENodeBFunction=1,EUtraNetwork=1,ExternalENodeBFunction=13,ExternalEUtranCellFDD=2</attr>
    <attr name="anrCreated">false</attr>
    <attr name="isHoAllowed">true</attr>
  </mo>
  <mo fdn="SubNetwork=ONRM_RootMo_R,MeContext=LTE01ERBS00002,ManagedElement=1,ENodeBFunction=1,EUtranCellFDD=LTE01ERBS00002-1,EUtranFreqRelation=1,EUtranCellRelation=30" lastModified="1287501708938" mimName="ERBS_NODE_MODEL" mimVersion="A.9.50.J.9.1">
    <attr name="isRemoveAllowed">false</attr>
    <attr name="neighborCellRef">SubNetwork=ONRM_RootMo_R,MeContext=LTE01ERBS00002,ManagedElement=1,ENodeBFunction=1,EUtraNetwork=1,ExternalENodeBFunction=15,ExternalEUtranCellFDD=1</attr>
    <attr name="anrCreated">false</attr>
    <attr name="isHoAllowed">true</attr>
  </mo>
  <mo fdn="SubNetwork=ONRM_RootMo_R,MeContext=LTE01ERBS00002,ManagedElement=1,ENodeBFunction=1,EUtranCellFDD=LTE01ERBS00002-1,EUtranFreqRelation=1,EUtranCellRelation=31" lastModified="1287501708937" mimName="ERBS_NODE_MODEL" mimVersion="A.9.50.J.9.1">
    <attr name="isRemoveAllowed">false</attr>
    <attr name="neighborCellRef">SubNetwork=ONRM_RootMo_R,MeContext=LTE01ERBS00002,ManagedElement=1,ENodeBFunction=1,EUtraNetwork=1,ExternalENodeBFunction=15,ExternalEUtranCellFDD=2</attr>
    <attr name="anrCreated">false</attr>
    <attr name="isHoAllowed">true</attr>
  </mo>
  <mo fdn="SubNetwork=ONRM_RootMo_R,MeContext=LTE01ERBS00002,ManagedElement=1,ENodeBFunction=1,EUtranCellFDD=LTE01ERBS00002-1,EUtranFreqRelation=1,EUtranCellRelation=4" lastModified="1287501708943" mimName="ERBS_NODE_MODEL" mimVersion="A.9.50.J.9.1">
    <attr name="isRemoveAllowed">false</attr>
    <attr name="neighborCellRef">SubNetwork=ONRM_RootMo_R,MeContext=LTE01ERBS00002,ManagedElement=1,ENodeBFunction=1,EUtraNetwork=1,ExternalENodeBFunction=1,ExternalEUtranCellFDD=1</attr>
    <attr name="anrCreated">false</attr>
    <attr name="isHoAllowed">true</attr>
  </mo>
  <mo fdn="SubNetwork=ONRM_RootMo_R,MeContext=LTE01ERBS00002,ManagedElement=1,ENodeBFunction=1,EUtranCellFDD=LTE01ERBS00002-1,EUtranFreqRelation=1,EUtranCellRelation=5" lastModified="1287501708944" mimName="ERBS_NODE_MODEL" mimVersion="A.9.50.J.9.1">
    <attr name="isRemoveAllowed">false</attr>
    <attr name="neighborCellRef">SubNetwork=ONRM_RootMo_R,MeContext=LTE01ERBS00002,ManagedElement=1,ENodeBFunction=1,EUtraNetwork=1,ExternalENodeBFunction=1,ExternalEUtranCellFDD=2</attr>
    <attr name="anrCreated">false</attr>
    <attr name="isHoAllowed">true</attr>
  </mo>
  <mo fdn="SubNetwork=ONRM_RootMo_R,MeContext=LTE01ERBS00002,ManagedElement=1,ENodeBFunction=1,EUtranCellFDD=LTE01ERBS00002-1,EUtranFreqRelation=1,EUtranCellRelation=6" lastModified="1287501708940" mimName="ERBS_NODE_MODEL" mimVersion="A.9.50.J.9.1">
    <attr name="isRemoveAllowed">false</attr>
    <attr name="neighborCellRef">SubNetwork=ONRM_RootMo_R,MeContext=LTE01ERBS00002,ManagedElement=1,ENodeBFunction=1,EUtraNetwork=1,ExternalENodeBFunction=3,ExternalEUtranCellFDD=1</attr>
    <attr name="anrCreated">false</attr>
    <attr name="isHoAllowed">true</attr>
  </mo>
  <mo fdn="SubNetwork=ONRM_RootMo_R,MeContext=LTE01ERBS00002,ManagedElement=1,ENodeBFunction=1,EUtranCellFDD=LTE01ERBS00002-1,EUtranFreqRelation=1,EUtranCellRelation=7" lastModified="1287501708942" mimName="ERBS_NODE_MODEL" mimVersion="A.9.50.J.9.1">
    <attr name="isRemoveAllowed">false</attr>
    <attr name="neighborCellRef">SubNetwork=ONRM_RootMo_R,MeContext=LTE01ERBS00002,ManagedElement=1,ENodeBFunction=1,EUtraNetwork=1,ExternalENodeBFunction=3,ExternalEUtranCellFDD=2</attr>
    <attr name="anrCreated">false</attr>
    <attr name="isHoAllowed">true</attr>
  </mo>
  <mo fdn="SubNetwork=ONRM_RootMo_R,MeContext=LTE01ERBS00002,ManagedElement=1,ENodeBFunction=1,EUtranCellFDD=LTE01ERBS00002-1,EUtranFreqRelation=2,EUtranCellRelation=1" lastModified="1287501148335" mimName="ERBS_NODE_MODEL" mimVersion="A.9.50.J.9.1">
    <attr name="isRemoveAllowed">false</attr>
    <attr name="neighborCellRef">SubNetwork=ONRM_RootMo_R,MeContext=LTE01ERBS00002,ManagedElement=1,ENodeBFunction=1,EUtranCellFDD=LTE01ERBS00002-2</attr>
    <attr name="anrCreated">false</attr>
    <attr name="isHoAllowed">true</attr>
  </mo>
  <mo fdn="SubNetwork=ONRM_RootMo_R,MeContext=LTE01ERBS00002,ManagedElement=1,ENodeBFunction=1,EUtranCellFDD=LTE01ERBS00002-1,EUtranFreqRelation=2,EUtranCellRelation=12" lastModified="1287504766486" mimName="ERBS_NODE_MODEL" mimVersion="A.9.50.J.9.1">
    <attr name="isRemoveAllowed">false</attr>
    <attr name="neighborCellRef">SubNetwork=ONRM_RootMo_R,MeContext=LTE01ERBS00002,ManagedElement=1,ENodeBFunction=1,EUtraNetwork=1,ExternalENodeBFunction=6,ExternalEUtranCellFDD=1</attr>
    <attr name="anrCreated">false</attr>
    <attr name="isHoAllowed">true</attr>
  </mo>
  <mo fdn="SubNetwork=ONRM_RootMo_R,MeContext=LTE01ERBS00002,ManagedElement=1,ENodeBFunction=1,EUtranCellFDD=LTE01ERBS00002-1,EUtranFreqRelation=2,EUtranCellRelation=13" lastModified="1287504766481" mimName="ERBS_NODE_MODEL" mimVersion="A.9.50.J.9.1">
    <attr name="isRemoveAllowed">false</attr>
    <attr name="neighborCellRef">SubNetwork=ONRM_RootMo_R,MeContext=LTE01ERBS00002,ManagedElement=1,ENodeBFunction=1,EUtraNetwork=1,ExternalENodeBFunction=6,ExternalEUtranCellFDD=2</attr>
    <attr name="anrCreated">false</attr>
    <attr name="isHoAllowed">true</attr>
  </mo>
  <mo fdn="SubNetwork=ONRM_RootMo_R,MeContext=LTE01ERBS00002,ManagedElement=1,ENodeBFunction=1,EUtranCellFDD=LTE01ERBS00002-1,EUtranFreqRelation=2,EUtranCellRelation=16" lastModified="1287501708930" mimName="ERBS_NODE_MODEL" mimVersion="A.9.50.J.9.1">
    <attr name="isRemoveAllowed">false</attr>
    <attr name="neighborCellRef">SubNetwork=ONRM_RootMo_R,MeContext=LTE01ERBS00002,ManagedElement=1,ENodeBFunction=1,EUtraNetwork=1,ExternalENodeBFunction=8,ExternalEUtranCellFDD=1</attr>
    <attr name="anrCreated">false</attr>
    <attr name="isHoAllowed">true</attr>
  </mo>
  <mo fdn="SubNetwork=ONRM_RootMo_R,MeContext=LTE01ERBS00002,ManagedElement=1,ENodeBFunction=1,EUtranCellFDD=LTE01ERBS00002-1,EUtranFreqRelation=2,EUtranCellRelation=17" lastModified="1287501708929" mimName="ERBS_NODE_MODEL" mimVersion="A.9.50.J.9.1">
    <attr name="isRemoveAllowed">false</attr>
    <attr name="neighborCellRef">SubNetwork=ONRM_RootMo_R,MeContext=LTE01ERBS00002,ManagedElement=1,ENodeBFunction=1,EUtraNetwork=1,ExternalENodeBFunction=8,ExternalEUtranCellFDD=2</attr>
    <attr name="anrCreated">false</attr>
    <attr name="isHoAllowed">true</attr>
  </mo>
  <mo fdn="SubNetwork=ONRM_RootMo_R,MeContext=LTE01ERBS00002,ManagedElement=1,ENodeBFunction=1,EUtranCellFDD=LTE01ERBS00002-1,EUtranFreqRelation=2,EUtranCellRelation=2" lastModified="1287501148325" mimName="ERBS_NODE_MODEL" mimVersion="A.9.50.J.9.1">
    <attr name="isRemoveAllowed">false</attr>
    <attr name="neighborCellRef">SubNetwork=ONRM_RootMo_R,MeContext=LTE01ERBS00002,ManagedElement=1,ENodeBFunction=1,EUtranCellFDD=LTE01ERBS00002-3</attr>
    <attr name="anrCreated">false</attr>
    <attr name="isHoAllowed">true</attr>
  </mo>
  <mo fdn="SubNetwork=ONRM_RootMo_R,MeContext=LTE01ERBS00002,ManagedElement=1,ENodeBFunction=1,EUtranCellFDD=LTE01ERBS00002-1,EUtranFreqRelation=2,EUtranCellRelation=20" lastModified="1287501708925" mimName="ERBS_NODE_MODEL" mimVersion="A.9.50.J.9.1">
    <attr name="isRemoveAllowed">false</attr>
    <attr name="neighborCellRef">SubNetwork=ONRM_RootMo_R,MeContext=LTE01ERBS00002,ManagedElement=1,ENodeBFunction=1,EUtraNetwork=1,ExternalENodeBFunction=10,ExternalEUtranCellFDD=1</attr>
    <attr name="anrCreated">false</attr>
    <attr name="isHoAllowed">true</attr>
  </mo>
  <mo fdn="SubNetwork=ONRM_RootMo_R,MeContext=LTE01ERBS00002,ManagedElement=1,ENodeBFunction=1,EUtranCellFDD=LTE01ERBS00002-1,EUtranFreqRelation=2,EUtranCellRelation=21" lastModified="1287501708910" mimName="ERBS_NODE_MODEL" mimVersion="A.9.50.J.9.1">
    <attr name="isRemoveAllowed">false</attr>
    <attr name="neighborCellRef">SubNetwork=ONRM_RootMo_R,MeContext=LTE01ERBS00002,ManagedElement=1,ENodeBFunction=1,EUtraNetwork=1,ExternalENodeBFunction=10,ExternalEUtranCellFDD=2</attr>
    <attr name="anrCreated">false</attr>
    <attr name="isHoAllowed">true</attr>
  </mo>
  <mo fdn="SubNetwork=ONRM_RootMo_R,MeContext=LTE01ERBS00002,ManagedElement=1,ENodeBFunction=1,EUtranCellFDD=LTE01ERBS00002-1,EUtranFreqRelation=2,EUtranCellRelation=24" lastModified="1287504766488" mimName="ERBS_NODE_MODEL" mimVersion="A.9.50.J.9.1">
    <attr name="isRemoveAllowed">false</attr>
    <attr name="neighborCellRef">SubNetwork=ONRM_RootMo_R,MeContext=LTE01ERBS00002,ManagedElement=1,ENodeBFunction=1,EUtraNetwork=1,ExternalENodeBFunction=12,ExternalEUtranCellFDD=1</attr>
    <attr name="anrCreated">false</attr>
    <attr name="isHoAllowed">true</attr>
  </mo>
  <mo fdn="SubNetwork=ONRM_RootMo_R,MeContext=LTE01ERBS00002,ManagedElement=1,ENodeBFunction=1,EUtranCellFDD=LTE01ERBS00002-1,EUtranFreqRelation=2,EUtranCellRelation=25" lastModified="1287504766483" mimName="ERBS_NODE_MODEL" mimVersion="A.9.50.J.9.1">
    <attr name="isRemoveAllowed">false</attr>
    <attr name="neighborCellRef">SubNetwork=ONRM_RootMo_R,MeContext=LTE01ERBS00002,ManagedElement=1,ENodeBFunction=1,EUtraNetwork=1,ExternalENodeBFunction=12,ExternalEUtranCellFDD=2</attr>
    <attr name="anrCreated">false</attr>
    <attr name="isHoAllowed">true</attr>
  </mo>
  <mo fdn="SubNetwork=ONRM_RootMo_R,MeContext=LTE01ERBS00002,ManagedElement=1,ENodeBFunction=1,EUtranCellFDD=LTE01ERBS00002-1,EUtranFreqRelation=2,EUtranCellRelation=28" lastModified="1287504766496" mimName="ERBS_NODE_MODEL" mimVersion="A.9.50.J.9.1">
    <attr name="isRemoveAllowed">false</attr>
    <attr name="neighborCellRef">SubNetwork=ONRM_RootMo_R,MeContext=LTE01ERBS00002,ManagedElement=1,ENodeBFunction=1,EUtraNetwork=1,ExternalENodeBFunction=14,ExternalEUtranCellFDD=1</attr>
    <attr name="anrCreated">false</attr>
    <attr name="isHoAllowed">true</attr>
  </mo>
  <mo fdn="SubNetwork=ONRM_RootMo_R,MeContext=LTE01ERBS00002,ManagedElement=1,ENodeBFunction=1,EUtranCellFDD=LTE01ERBS00002-1,EUtranFreqRelation=2,EUtranCellRelation=29" lastModified="1287504766493" mimName="ERBS_NODE_MODEL" mimVersion="A.9.50.J.9.1">
    <attr name="isRemoveAllowed">false</attr>
    <attr name="neighborCellRef">SubNetwork=ONRM_RootMo_R,MeContext=LTE01ERBS00002,ManagedElement=1,ENodeBFunction=1,EUtraNetwork=1,ExternalENodeBFunction=14,ExternalEUtranCellFDD=2</attr>
    <attr name="anrCreated">false</attr>
    <attr name="isHoAllowed">true</attr>
  </mo>
  <mo fdn="SubNetwork=ONRM_RootMo_R,MeContext=LTE01ERBS00002,ManagedElement=1,ENodeBFunction=1,EUtranCellFDD=LTE01ERBS00002-1,EUtranFreqRelation=2,EUtranCellRelation=3" lastModified="1287501148316" mimName="ERBS_NODE_MODEL" mimVersion="A.9.50.J.9.1">
    <attr name="isRemoveAllowed">false</attr>
    <attr name="neighborCellRef">SubNetwork=ONRM_RootMo_R,MeContext=LTE01ERBS00002,ManagedElement=1,ENodeBFunction=1,EUtranCellFDD=LTE01ERBS00002-4</attr>
    <attr name="anrCreated">false</attr>
    <attr name="isHoAllowed">true</attr>
  </mo>
  <mo fdn="SubNetwork=ONRM_RootMo_R,MeContext=LTE01ERBS00002,ManagedElement=1,ENodeBFunction=1,EUtranCellFDD=LTE01ERBS00002-1,EUtranFreqRelation=2,EUtranCellRelation=32" lastModified="1287504766478" mimName="ERBS_NODE_MODEL" mimVersion="A.9.50.J.9.1">
    <attr name="isRemoveAllowed">false</attr>
    <attr name="neighborCellRef">SubNetwork=ONRM_RootMo_R,MeContext=LTE01ERBS00002,ManagedElement=1,ENodeBFunction=1,EUtraNetwork=1,ExternalENodeBFunction=16,ExternalEUtranCellFDD=1</attr>
    <attr name="anrCreated">false</attr>
    <attr name="isHoAllowed">true</attr>
  </mo>
  <mo fdn="SubNetwork=ONRM_RootMo_R,MeContext=LTE01ERBS00002,ManagedElement=1,ENodeBFunction=1,EUtranCellFDD=LTE01ERBS00002-1,EUtranFreqRelation=2,EUtranCellRelation=33" lastModified="1287504766491" mimName="ERBS_NODE_MODEL" mimVersion="A.9.50.J.9.1">
    <attr name="isRemoveAllowed">false</attr>
    <attr name="neighborCellRef">SubNetwork=ONRM_RootMo_R,MeContext=LTE01ERBS00002,ManagedElement=1,ENodeBFunction=1,EUtraNetwork=1,ExternalENodeBFunction=16,ExternalEUtranCellFDD=2</attr>
    <attr name="anrCreated">false</attr>
    <attr name="isHoAllowed">true</attr>
  </mo>
  <mo fdn="SubNetwork=ONRM_RootMo_R,MeContext=LTE01ERBS00002,ManagedElement=1,ENodeBFunction=1,EUtranCellFDD=LTE01ERBS00002-1,EUtranFreqRelation=2,EUtranCellRelation=8" lastModified="1287501708927" mimName="ERBS_NODE_MODEL" mimVersion="A.9.50.J.9.1">
    <attr name="isRemoveAllowed">false</attr>
    <attr name="neighborCellRef">SubNetwork=ONRM_RootMo_R,MeContext=LTE01ERBS00002,ManagedElement=1,ENodeBFunction=1,EUtraNetwork=1,ExternalENodeBFunction=4,ExternalEUtranCellFDD=1</attr>
    <attr name="anrCreated">false</attr>
    <attr name="isHoAllowed">true</attr>
  </mo>
  <mo fdn="SubNetwork=ONRM_RootMo_R,MeContext=LTE01ERBS00002,ManagedElement=1,ENodeBFunction=1,EUtranCellFDD=LTE01ERBS00002-1,EUtranFreqRelation=2,EUtranCellRelation=9" lastModified="1287501708928" mimName="ERBS_NODE_MODEL" mimVersion="A.9.50.J.9.1">
    <attr name="isRemoveAllowed">false</attr>
    <attr name="neighborCellRef">SubNetwork=ONRM_RootMo_R,MeContext=LTE01ERBS00002,ManagedElement=1,ENodeBFunction=1,EUtraNetwork=1,ExternalENodeBFunction=4,ExternalEUtranCellFDD=2</attr>
    <attr name="anrCreated">false</attr>
    <attr name="isHoAllowed">true</attr>
  </mo>
  <mo fdn="SubNetwork=ONRM_RootMo_R,MeContext=LTE01ERBS00002,ManagedElement=1,ENodeBFunction=1,EUtranCellFDD=LTE01ERBS00002-2" lastModified="1287512063976" mimName="ERBS_NODE_MODEL" mimVersion="A.9.50.J.9.1">
    <attr name="EUtranCellFDDId">LTE01ERBS00002-2</attr>
    <attr name="earfcnul">18000</attr>
    <attr name="cellId">2</attr>
    <attr name="tac">1</attr>
    <attr name="bPlmnList">
      <seq count="1">
        <item>
          <struct>
            <attr name="mcc">310</attr>
            <attr name="mnc">990</attr>
            <attr name="mncLength">2</attr>
          </struct>
        </item>
      </seq>
    </attr>
    <attr name="earfcndl">0</attr>
    <attr name="userLabel">LTE01ERBS00002-2</attr>
  </mo>
  <mo fdn="SubNetwork=ONRM_RootMo_R,MeContext=LTE01ERBS00002,ManagedElement=1,ENodeBFunction=1,EUtranCellFDD=LTE01ERBS00002-2,EUtranFreqRelation=1,EUtranCellRelation=10" lastModified="1287501708724" mimName="ERBS_NODE_MODEL" mimVersion="A.9.50.J.9.1">
    <attr name="isRemoveAllowed">false</attr>
    <attr name="neighborCellRef">SubNetwork=ONRM_RootMo_R,MeContext=LTE01ERBS00002,ManagedElement=1,ENodeBFunction=1,EUtraNetwork=1,ExternalENodeBFunction=5,ExternalEUtranCellFDD=1</attr>
    <attr name="anrCreated">false</attr>
    <attr name="isHoAllowed">true</attr>
  </mo>
  <mo fdn="SubNetwork=ONRM_RootMo_R,MeContext=LTE01ERBS00002,ManagedElement=1,ENodeBFunction=1,EUtranCellFDD=LTE01ERBS00002-2,EUtranFreqRelation=1,EUtranCellRelation=11" lastModified="1287501708723" mimName="ERBS_NODE_MODEL" mimVersion="A.9.50.J.9.1">
    <attr name="isRemoveAllowed">false</attr>
    <attr name="neighborCellRef">SubNetwork=ONRM_RootMo_R,MeContext=LTE01ERBS00002,ManagedElement=1,ENodeBFunction=1,EUtraNetwork=1,ExternalENodeBFunction=5,ExternalEUtranCellFDD=2</attr>
    <attr name="anrCreated">false</attr>
    <attr name="isHoAllowed">true</attr>
  </mo>
  <mo fdn="SubNetwork=ONRM_RootMo_R,MeContext=LTE01ERBS00002,ManagedElement=1,ENodeBFunction=1,EUtranCellFDD=LTE01ERBS00002-2,EUtranFreqRelation=1,EUtranCellRelation=14" lastModified="1287501708717" mimName="ERBS_NODE_MODEL" mimVersion="A.9.50.J.9.1">
    <attr name="isRemoveAllowed">false</attr>
    <attr name="neighborCellRef">SubNetwork=ONRM_RootMo_R,MeContext=LTE01ERBS00002,ManagedElement=1,ENodeBFunction=1,EUtraNetwork=1,ExternalENodeBFunction=7,ExternalEUtranCellFDD=1</attr>
    <attr name="anrCreated">false</attr>
    <attr name="isHoAllowed">true</attr>
  </mo>
  <mo fdn="SubNetwork=ONRM_RootMo_R,MeContext=LTE01ERBS00002,ManagedElement=1,ENodeBFunction=1,EUtranCellFDD=LTE01ERBS00002-2,EUtranFreqRelation=1,EUtranCellRelation=15" lastModified="1287501708731" mimName="ERBS_NODE_MODEL" mimVersion="A.9.50.J.9.1">
    <attr name="isRemoveAllowed">false</attr>
    <attr name="neighborCellRef">SubNetwork=ONRM_RootMo_R,MeContext=LTE01ERBS00002,ManagedElement=1,ENodeBFunction=1,EUtraNetwork=1,ExternalENodeBFunction=7,ExternalEUtranCellFDD=2</attr>
    <attr name="anrCreated">false</attr>
    <attr name="isHoAllowed">true</attr>
  </mo>
  <mo fdn="SubNetwork=ONRM_RootMo_R,MeContext=LTE01ERBS00002,ManagedElement=1,ENodeBFunction=1,EUtranCellFDD=LTE01ERBS00002-2,EUtranFreqRelation=1,EUtranCellRelation=18" lastModified="1287504763908" mimName="ERBS_NODE_MODEL" mimVersion="A.9.50.J.9.1">
    <attr name="isRemoveAllowed">false</attr>
    <attr name="neighborCellRef">SubNetwork=ONRM_RootMo_R,MeContext=LTE01ERBS00002,ManagedElement=1,ENodeBFunction=1,EUtraNetwork=1,ExternalENodeBFunction=9,ExternalEUtranCellFDD=1</attr>
    <attr name="anrCreated">false</attr>
    <attr name="isHoAllowed">true</attr>
  </mo>
  <mo fdn="SubNetwork=ONRM_RootMo_R,MeContext=LTE01ERBS00002,ManagedElement=1,ENodeBFunction=1,EUtranCellFDD=LTE01ERBS00002-2,EUtranFreqRelation=1,EUtranCellRelation=19" lastModified="1287504763907" mimName="ERBS_NODE_MODEL" mimVersion="A.9.50.J.9.1">
    <attr name="isRemoveAllowed">false</attr>
    <attr name="neighborCellRef">SubNetwork=ONRM_RootMo_R,MeContext=LTE01ERBS00002,ManagedElement=1,ENodeBFunction=1,EUtraNetwork=1,ExternalENodeBFunction=9,ExternalEUtranCellFDD=2</attr>
    <attr name="anrCreated">false</attr>
    <attr name="isHoAllowed">true</attr>
  </mo>
  <mo fdn="SubNetwork=ONRM_RootMo_R,MeContext=LTE01ERBS00002,ManagedElement=1,ENodeBFunction=1,EUtranCellFDD=LTE01ERBS00002-2,EUtranFreqRelation=1,EUtranCellRelation=22" lastModified="1287501708719" mimName="ERBS_NODE_MODEL" mimVersion="A.9.50.J.9.1">
    <attr name="isRemoveAllowed">false</attr>
    <attr name="neighborCellRef">SubNetwork=ONRM_RootMo_R,MeContext=LTE01ERBS00002,ManagedElement=1,ENodeBFunction=1,EUtraNetwork=1,ExternalENodeBFunction=11,ExternalEUtranCellFDD=1</attr>
    <attr name="anrCreated">false</attr>
    <attr name="isHoAllowed">true</attr>
  </mo>
  <mo fdn="SubNetwork=ONRM_RootMo_R,MeContext=LTE01ERBS00002,ManagedElement=1,ENodeBFunction=1,EUtranCellFDD=LTE01ERBS00002-2,EUtranFreqRelation=1,EUtranCellRelation=23" lastModified="1287501708719" mimName="ERBS_NODE_MODEL" mimVersion="A.9.50.J.9.1">
    <attr name="isRemoveAllowed">false</attr>
    <attr name="neighborCellRef">SubNetwork=ONRM_RootMo_R,MeContext=LTE01ERBS00002,ManagedElement=1,ENodeBFunction=1,EUtraNetwork=1,ExternalENodeBFunction=11,ExternalEUtranCellFDD=2</attr>
    <attr name="anrCreated">false</attr>
    <attr name="isHoAllowed">true</attr>
  </mo>
  <mo fdn="SubNetwork=ONRM_RootMo_R,MeContext=LTE01ERBS00002,ManagedElement=1,ENodeBFunction=1,EUtranCellFDD=LTE01ERBS00002-2,EUtranFreqRelation=1,EUtranCellRelation=26" lastModified="1287504763911" mimName="ERBS_NODE_MODEL" mimVersion="A.9.50.J.9.1">
    <attr name="isRemoveAllowed">false</attr>
    <attr name="neighborCellRef">SubNetwork=ONRM_RootMo_R,MeContext=LTE01ERBS00002,ManagedElement=1,ENodeBFunction=1,EUtraNetwork=1,ExternalENodeBFunction=13,ExternalEUtranCellFDD=1</attr>
    <attr name="anrCreated">false</attr>
    <attr name="isHoAllowed">true</attr>
  </mo>
  <mo fdn="SubNetwork=ONRM_RootMo_R,MeContext=LTE01ERBS00002,ManagedElement=1,ENodeBFunction=1,EUtranCellFDD=LTE01ERBS00002-2,EUtranFreqRelation=1,EUtranCellRelation=27" lastModified="1287504763910" mimName="ERBS_NODE_MODEL" mimVersion="A.9.50.J.9.1">
    <attr name="isRemoveAllowed">false</attr>
    <attr name="neighborCellRef">SubNetwork=ONRM_RootMo_R,MeContext=LTE01ERBS00002,ManagedElement=1,ENodeBFunction=1,EUtraNetwork=1,ExternalENodeBFunction=13,ExternalEUtranCellFDD=2</attr>
    <attr name="anrCreated">false</attr>
    <attr name="isHoAllowed">true</attr>
  </mo>
  <mo fdn="SubNetwork=ONRM_RootMo_R,MeContext=LTE01ERBS00002,ManagedElement=1,ENodeBFunction=1,EUtranCellFDD=LTE01ERBS00002-2,EUtranFreqRelation=1,EUtranCellRelation=30" lastModified="1287501708722" mimName="ERBS_NODE_MODEL" mimVersion="A.9.50.J.9.1">
    <attr name="isRemoveAllowed">false</attr>
    <attr name="neighborCellRef">SubNetwork=ONRM_RootMo_R,MeContext=LTE01ERBS00002,ManagedElement=1,ENodeBFunction=1,EUtraNetwork=1,ExternalENodeBFunction=15,ExternalEUtranCellFDD=1</attr>
    <attr name="anrCreated">false</attr>
    <attr name="isHoAllowed">true</attr>
  </mo>
  <mo fdn="SubNetwork=ONRM_RootMo_R,MeContext=LTE01ERBS00002,ManagedElement=1,ENodeBFunction=1,EUtranCellFDD=LTE01ERBS00002-2,EUtranFreqRelation=1,EUtranCellRelation=31" lastModified="1287501708720" mimName="ERBS_NODE_MODEL" mimVersion="A.9.50.J.9.1">
    <attr name="isRemoveAllowed">false</attr>
    <attr name="neighborCellRef">SubNetwork=ONRM_RootMo_R,MeContext=LTE01ERBS00002,ManagedElement=1,ENodeBFunction=1,EUtraNetwork=1,ExternalENodeBFunction=15,ExternalEUtranCellFDD=2</attr>
    <attr name="anrCreated">false</attr>
    <attr name="isHoAllowed">true</attr>
  </mo>
  <mo fdn="SubNetwork=ONRM_RootMo_R,MeContext=LTE01ERBS00002,ManagedElement=1,ENodeBFunction=1,EUtranCellFDD=LTE01ERBS00002-2,EUtranFreqRelation=1,EUtranCellRelation=4" lastModified="1287501708729" mimName="ERBS_NODE_MODEL" mimVersion="A.9.50.J.9.1">
    <attr name="isRemoveAllowed">false</attr>
    <attr name="neighborCellRef">SubNetwork=ONRM_RootMo_R,MeContext=LTE01ERBS00002,ManagedElement=1,ENodeBFunction=1,EUtraNetwork=1,ExternalENodeBFunction=1,ExternalEUtranCellFDD=1</attr>
    <attr name="anrCreated">false</attr>
    <attr name="isHoAllowed">true</attr>
  </mo>
  <mo fdn="SubNetwork=ONRM_RootMo_R,MeContext=LTE01ERBS00002,ManagedElement=1,ENodeBFunction=1,EUtranCellFDD=LTE01ERBS00002-2,EUtranFreqRelation=1,EUtranCellRelation=5" lastModified="1287501708731" mimName="ERBS_NODE_MODEL" mimVersion="A.9.50.J.9.1">
    <attr name="isRemoveAllowed">false</attr>
    <attr name="neighborCellRef">SubNetwork=ONRM_RootMo_R,MeContext=LTE01ERBS00002,ManagedElement=1,ENodeBFunction=1,EUtraNetwork=1,ExternalENodeBFunction=1,ExternalEUtranCellFDD=2</attr>
    <attr name="anrCreated">false</attr>
    <attr name="isHoAllowed">true</attr>
  </mo>
  <mo fdn="SubNetwork=ONRM_RootMo_R,MeContext=LTE01ERBS00002,ManagedElement=1,ENodeBFunction=1,EUtranCellFDD=LTE01ERBS00002-2,EUtranFreqRelation=1,EUtranCellRelation=6" lastModified="1287501708725" mimName="ERBS_NODE_MODEL" mimVersion="A.9.50.J.9.1">
    <attr name="isRemoveAllowed">false</attr>
    <attr name="neighborCellRef">SubNetwork=ONRM_RootMo_R,MeContext=LTE01ERBS00002,ManagedElement=1,ENodeBFunction=1,EUtraNetwork=1,ExternalENodeBFunction=3,ExternalEUtranCellFDD=1</attr>
    <attr name="anrCreated">false</attr>
    <attr name="isHoAllowed">true</attr>
  </mo>
  <mo fdn="SubNetwork=ONRM_RootMo_R,MeContext=LTE01ERBS00002,ManagedElement=1,ENodeBFunction=1,EUtranCellFDD=LTE01ERBS00002-2,EUtranFreqRelation=1,EUtranCellRelation=7" lastModified="1287501708727" mimName="ERBS_NODE_MODEL" mimVersion="A.9.50.J.9.1">
    <attr name="isRemoveAllowed">false</attr>
    <attr name="neighborCellRef">SubNetwork=ONRM_RootMo_R,MeContext=LTE01ERBS00002,ManagedElement=1,ENodeBFunction=1,EUtraNetwork=1,ExternalENodeBFunction=3,ExternalEUtranCellFDD=2</attr>
    <attr name="anrCreated">false</attr>
    <attr name="isHoAllowed">true</attr>
  </mo>
  <mo fdn="SubNetwork=ONRM_RootMo_R,MeContext=LTE01ERBS00002,ManagedElement=1,ENodeBFunction=1,EUtranCellFDD=LTE01ERBS00002-2,EUtranFreqRelation=2,EUtranCellRelation=1" lastModified="1287501147834" mimName="ERBS_NODE_MODEL" mimVersion="A.9.50.J.9.1">
    <attr name="isRemoveAllowed">false</attr>
    <attr name="neighborCellRef">SubNetwork=ONRM_RootMo_R,MeContext=LTE01ERBS00002,ManagedElement=1,ENodeBFunction=1,EUtranCellFDD=LTE01ERBS00002-1</attr>
    <attr name="anrCreated">false</attr>
    <attr name="isHoAllowed">true</attr>
  </mo>
  <mo fdn="SubNetwork=ONRM_RootMo_R,MeContext=LTE01ERBS00002,ManagedElement=1,ENodeBFunction=1,EUtranCellFDD=LTE01ERBS00002-2,EUtranFreqRelation=2,EUtranCellRelation=12" lastModified="1287504763895" mimName="ERBS_NODE_MODEL" mimVersion="A.9.50.J.9.1">
    <attr name="isRemoveAllowed">false</attr>
    <attr name="neighborCellRef">SubNetwork=ONRM_RootMo_R,MeContext=LTE01ERBS00002,ManagedElement=1,ENodeBFunction=1,EUtraNetwork=1,ExternalENodeBFunction=6,ExternalEUtranCellFDD=1</attr>
    <attr name="anrCreated">false</attr>
    <attr name="isHoAllowed">true</attr>
  </mo>
  <mo fdn="SubNetwork=ONRM_RootMo_R,MeContext=LTE01ERBS00002,ManagedElement=1,ENodeBFunction=1,EUtranCellFDD=LTE01ERBS00002-2,EUtranFreqRelation=2,EUtranCellRelation=13" lastModified="1287504763890" mimName="ERBS_NODE_MODEL" mimVersion="A.9.50.J.9.1">
    <attr name="isRemoveAllowed">false</attr>
    <attr name="neighborCellRef">SubNetwork=ONRM_RootMo_R,MeContext=LTE01ERBS00002,ManagedElement=1,ENodeBFunction=1,EUtraNetwork=1,ExternalENodeBFunction=6,ExternalEUtranCellFDD=2</attr>
    <attr name="anrCreated">false</attr>
    <attr name="isHoAllowed">true</attr>
  </mo>
  <mo fdn="SubNetwork=ONRM_RootMo_R,MeContext=LTE01ERBS00002,ManagedElement=1,ENodeBFunction=1,EUtranCellFDD=LTE01ERBS00002-2,EUtranFreqRelation=2,EUtranCellRelation=16" lastModified="1287501708714" mimName="ERBS_NODE_MODEL" mimVersion="A.9.50.J.9.1">
    <attr name="isRemoveAllowed">false</attr>
    <attr name="neighborCellRef">SubNetwork=ONRM_RootMo_R,MeContext=LTE01ERBS00002,ManagedElement=1,ENodeBFunction=1,EUtraNetwork=1,ExternalENodeBFunction=8,ExternalEUtranCellFDD=1</attr>
    <attr name="anrCreated">false</attr>
    <attr name="isHoAllowed">true</attr>
  </mo>
  <mo fdn="SubNetwork=ONRM_RootMo_R,MeContext=LTE01ERBS00002,ManagedElement=1,ENodeBFunction=1,EUtranCellFDD=LTE01ERBS00002-2,EUtranFreqRelation=2,EUtranCellRelation=17" lastModified="1287501708712" mimName="ERBS_NODE_MODEL" mimVersion="A.9.50.J.9.1">
    <attr name="isRemoveAllowed">false</attr>
    <attr name="neighborCellRef">SubNetwork=ONRM_RootMo_R,MeContext=LTE01ERBS00002,ManagedElement=1,ENodeBFunction=1,EUtraNetwork=1,ExternalENodeBFunction=8,ExternalEUtranCellFDD=2</attr>
    <attr name="anrCreated">false</attr>
    <attr name="isHoAllowed">true</attr>
  </mo>
  <mo fdn="SubNetwork=ONRM_RootMo_R,MeContext=LTE01ERBS00002,ManagedElement=1,ENodeBFunction=1,EUtranCellFDD=LTE01ERBS00002-2,EUtranFreqRelation=2,EUtranCellRelation=2" lastModified="1287501147830" mimName="ERBS_NODE_MODEL" mimVersion="A.9.50.J.9.1">
    <attr name="isRemoveAllowed">false</attr>
    <attr name="neighborCellRef">SubNetwork=ONRM_RootMo_R,MeContext=LTE01ERBS00002,ManagedElement=1,ENodeBFunction=1,EUtranCellFDD=LTE01ERBS00002-3</attr>
    <attr name="anrCreated">false</attr>
    <attr name="isHoAllowed">true</attr>
  </mo>
  <mo fdn="SubNetwork=ONRM_RootMo_R,MeContext=LTE01ERBS00002,ManagedElement=1,ENodeBFunction=1,EUtranCellFDD=LTE01ERBS00002-2,EUtranFreqRelation=2,EUtranCellRelation=20" lastModified="1287501708706" mimName="ERBS_NODE_MODEL" mimVersion="A.9.50.J.9.1">
    <attr name="isRemoveAllowed">false</attr>
    <attr name="neighborCellRef">SubNetwork=ONRM_RootMo_R,MeContext=LTE01ERBS00002,ManagedElement=1,ENodeBFunction=1,EUtraNetwork=1,ExternalENodeBFunction=10,ExternalEUtranCellFDD=1</attr>
    <attr name="anrCreated">false</attr>
    <attr name="isHoAllowed">true</attr>
  </mo>
  <mo fdn="SubNetwork=ONRM_RootMo_R,MeContext=LTE01ERBS00002,ManagedElement=1,ENodeBFunction=1,EUtranCellFDD=LTE01ERBS00002-2,EUtranFreqRelation=2,EUtranCellRelation=21" lastModified="1287501708691" mimName="ERBS_NODE_MODEL" mimVersion="A.9.50.J.9.1">
    <attr name="isRemoveAllowed">false</attr>
    <attr name="neighborCellRef">SubNetwork=ONRM_RootMo_R,MeContext=LTE01ERBS00002,ManagedElement=1,ENodeBFunction=1,EUtraNetwork=1,ExternalENodeBFunction=10,ExternalEUtranCellFDD=2</attr>
    <attr name="anrCreated">false</attr>
    <attr name="isHoAllowed">true</attr>
  </mo>
  <mo fdn="SubNetwork=ONRM_RootMo_R,MeContext=LTE01ERBS00002,ManagedElement=1,ENodeBFunction=1,EUtranCellFDD=LTE01ERBS00002-2,EUtranFreqRelation=2,EUtranCellRelation=24" lastModified="1287504763896" mimName="ERBS_NODE_MODEL" mimVersion="A.9.50.J.9.1">
    <attr name="isRemoveAllowed">false</attr>
    <attr name="neighborCellRef">SubNetwork=ONRM_RootMo_R,MeContext=LTE01ERBS00002,ManagedElement=1,ENodeBFunction=1,EUtraNetwork=1,ExternalENodeBFunction=12,ExternalEUtranCellFDD=1</attr>
    <attr name="anrCreated">false</attr>
    <attr name="isHoAllowed">true</attr>
  </mo>
  <mo fdn="SubNetwork=ONRM_RootMo_R,MeContext=LTE01ERBS00002,ManagedElement=1,ENodeBFunction=1,EUtranCellFDD=LTE01ERBS00002-2,EUtranFreqRelation=2,EUtranCellRelation=25" lastModified="1287504763893" mimName="ERBS_NODE_MODEL" mimVersion="A.9.50.J.9.1">
    <attr name="isRemoveAllowed">false</attr>
    <attr name="neighborCellRef">SubNetwork=ONRM_RootMo_R,MeContext=LTE01ERBS00002,ManagedElement=1,ENodeBFunction=1,EUtraNetwork=1,ExternalENodeBFunction=12,ExternalEUtranCellFDD=2</attr>
    <attr name="anrCreated">false</attr>
    <attr name="isHoAllowed">true</attr>
  </mo>
  <mo fdn="SubNetwork=ONRM_RootMo_R,MeContext=LTE01ERBS00002,ManagedElement=1,ENodeBFunction=1,EUtranCellFDD=LTE01ERBS00002-2,EUtranFreqRelation=2,EUtranCellRelation=28" lastModified="1287504763902" mimName="ERBS_NODE_MODEL" mimVersion="A.9.50.J.9.1">
    <attr name="isRemoveAllowed">false</attr>
    <attr name="neighborCellRef">SubNetwork=ONRM_RootMo_R,MeContext=LTE01ERBS00002,ManagedElement=1,ENodeBFunction=1,EUtraNetwork=1,ExternalENodeBFunction=14,ExternalEUtranCellFDD=1</attr>
    <attr name="anrCreated">false</attr>
    <attr name="isHoAllowed">true</attr>
  </mo>
  <mo fdn="SubNetwork=ONRM_RootMo_R,MeContext=LTE01ERBS00002,ManagedElement=1,ENodeBFunction=1,EUtranCellFDD=LTE01ERBS00002-2,EUtranFreqRelation=2,EUtranCellRelation=29" lastModified="1287504763900" mimName="ERBS_NODE_MODEL" mimVersion="A.9.50.J.9.1">
    <attr name="isRemoveAllowed">false</attr>
    <attr name="neighborCellRef">SubNetwork=ONRM_RootMo_R,MeContext=LTE01ERBS00002,ManagedElement=1,ENodeBFunction=1,EUtraNetwork=1,ExternalENodeBFunction=14,ExternalEUtranCellFDD=2</attr>
    <attr name="anrCreated">false</attr>
    <attr name="isHoAllowed">true</attr>
  </mo>
  <mo fdn="SubNetwork=ONRM_RootMo_R,MeContext=LTE01ERBS00002,ManagedElement=1,ENodeBFunction=1,EUtranCellFDD=LTE01ERBS00002-2,EUtranFreqRelation=2,EUtranCellRelation=3" lastModified="1287501147825" mimName="ERBS_NODE_MODEL" mimVersion="A.9.50.J.9.1">
    <attr name="isRemoveAllowed">false</attr>
    <attr name="neighborCellRef">SubNetwork=ONRM_RootMo_R,MeContext=LTE01ERBS00002,ManagedElement=1,ENodeBFunction=1,EUtranCellFDD=LTE01ERBS00002-4</attr>
    <attr name="anrCreated">false</attr>
    <attr name="isHoAllowed">true</attr>
  </mo>
  <mo fdn="SubNetwork=ONRM_RootMo_R,MeContext=LTE01ERBS00002,ManagedElement=1,ENodeBFunction=1,EUtranCellFDD=LTE01ERBS00002-2,EUtranFreqRelation=2,EUtranCellRelation=32" lastModified="1287504763887" mimName="ERBS_NODE_MODEL" mimVersion="A.9.50.J.9.1">
    <attr name="isRemoveAllowed">false</attr>
    <attr name="neighborCellRef">SubNetwork=ONRM_RootMo_R,MeContext=LTE01ERBS00002,ManagedElement=1,ENodeBFunction=1,EUtraNetwork=1,ExternalENodeBFunction=16,ExternalEUtranCellFDD=1</attr>
    <attr name="anrCreated">false</attr>
    <attr name="isHoAllowed">true</attr>
  </mo>
  <mo fdn="SubNetwork=ONRM_RootMo_R,MeContext=LTE01ERBS00002,ManagedElement=1,ENodeBFunction=1,EUtranCellFDD=LTE01ERBS00002-2,EUtranFreqRelation=2,EUtranCellRelation=33" lastModified="1287504763898" mimName="ERBS_NODE_MODEL" mimVersion="A.9.50.J.9.1">
    <attr name="isRemoveAllowed">false</attr>
    <attr name="neighborCellRef">SubNetwork=ONRM_RootMo_R,MeContext=LTE01ERBS00002,ManagedElement=1,ENodeBFunction=1,EUtraNetwork=1,ExternalENodeBFunction=16,ExternalEUtranCellFDD=2</attr>
    <attr name="anrCreated">false</attr>
    <attr name="isHoAllowed">true</attr>
  </mo>
  <mo fdn="SubNetwork=ONRM_RootMo_R,MeContext=LTE01ERBS00002,ManagedElement=1,ENodeBFunction=1,EUtranCellFDD=LTE01ERBS00002-2,EUtranFreqRelation=2,EUtranCellRelation=8" lastModified="1287501708708" mimName="ERBS_NODE_MODEL" mimVersion="A.9.50.J.9.1">
    <attr name="isRemoveAllowed">false</attr>
    <attr name="neighborCellRef">SubNetwork=ONRM_RootMo_R,MeContext=LTE01ERBS00002,ManagedElement=1,ENodeBFunction=1,EUtraNetwork=1,ExternalENodeBFunction=4,ExternalEUtranCellFDD=1</attr>
    <attr name="anrCreated">false</attr>
    <attr name="isHoAllowed">true</attr>
  </mo>
  <mo fdn="SubNetwork=ONRM_RootMo_R,MeContext=LTE01ERBS00002,ManagedElement=1,ENodeBFunction=1,EUtranCellFDD=LTE01ERBS00002-2,EUtranFreqRelation=2,EUtranCellRelation=9" lastModified="1287501708711" mimName="ERBS_NODE_MODEL" mimVersion="A.9.50.J.9.1">
    <attr name="isRemoveAllowed">false</attr>
    <attr name="neighborCellRef">SubNetwork=ONRM_RootMo_R,MeContext=LTE01ERBS00002,ManagedElement=1,ENodeBFunction=1,EUtraNetwork=1,ExternalENodeBFunction=4,ExternalEUtranCellFDD=2</attr>
    <attr name="anrCreated">false</attr>
    <attr name="isHoAllowed">true</attr>
  </mo>
  <mo fdn="SubNetwork=ONRM_RootMo_R,MeContext=LTE01ERBS00002,ManagedElement=1,ENodeBFunction=1,EUtranCellFDD=LTE01ERBS00002-3" lastModified="1287512064430" mimName="ERBS_NODE_MODEL" mimVersion="A.9.50.J.9.1">
    <attr name="EUtranCellFDDId">LTE01ERBS00002-3</attr>
    <attr name="earfcnul">18000</attr>
    <attr name="cellId">3</attr>
    <attr name="tac">1</attr>
    <attr name="bPlmnList">
      <seq count="1">
        <item>
          <struct>
            <attr name="mcc">310</attr>
            <attr name="mnc">380</attr>
            <attr name="mncLength">2</attr>
          </struct>
        </item>
      </seq>
    </attr>
    <attr name="earfcndl">0</attr>
    <attr name="userLabel">LTE01ERBS00002-3</attr>
  </mo>
  <mo fdn="SubNetwork=ONRM_RootMo_R,MeContext=LTE01ERBS00002,ManagedElement=1,ENodeBFunction=1,EUtranCellFDD=LTE01ERBS00002-3,EUtranFreqRelation=1,EUtranCellRelation=10" lastModified="1287501708510" mimName="ERBS_NODE_MODEL" mimVersion="A.9.50.J.9.1">
    <attr name="isRemoveAllowed">false</attr>
    <attr name="neighborCellRef">SubNetwork=ONRM_RootMo_R,MeContext=LTE01ERBS00002,ManagedElement=1,ENodeBFunction=1,EUtraNetwork=1,ExternalENodeBFunction=5,ExternalEUtranCellFDD=3</attr>
    <attr name="anrCreated">false</attr>
    <attr name="isHoAllowed">true</attr>
  </mo>
  <mo fdn="SubNetwork=ONRM_RootMo_R,MeContext=LTE01ERBS00002,ManagedElement=1,ENodeBFunction=1,EUtranCellFDD=LTE01ERBS00002-3,EUtranFreqRelation=1,EUtranCellRelation=11" lastModified="1287501708508" mimName="ERBS_NODE_MODEL" mimVersion="A.9.50.J.9.1">
    <attr name="isRemoveAllowed">false</attr>
    <attr name="neighborCellRef">SubNetwork=ONRM_RootMo_R,MeContext=LTE01ERBS00002,ManagedElement=1,ENodeBFunction=1,EUtraNetwork=1,ExternalENodeBFunction=5,ExternalEUtranCellFDD=4</attr>
    <attr name="anrCreated">false</attr>
    <attr name="isHoAllowed">true</attr>
  </mo>
  <mo fdn="SubNetwork=ONRM_RootMo_R,MeContext=LTE01ERBS00002,ManagedElement=1,ENodeBFunction=1,EUtranCellFDD=LTE01ERBS00002-3,EUtranFreqRelation=1,EUtranCellRelation=14" lastModified="1287501708502" mimName="ERBS_NODE_MODEL" mimVersion="A.9.50.J.9.1">
    <attr name="isRemoveAllowed">false</attr>
    <attr name="neighborCellRef">SubNetwork=ONRM_RootMo_R,MeContext=LTE01ERBS00002,ManagedElement=1,ENodeBFunction=1,EUtraNetwork=1,ExternalENodeBFunction=7,ExternalEUtranCellFDD=3</attr>
    <attr name="anrCreated">false</attr>
    <attr name="isHoAllowed">true</attr>
  </mo>
  <mo fdn="SubNetwork=ONRM_RootMo_R,MeContext=LTE01ERBS00002,ManagedElement=1,ENodeBFunction=1,EUtranCellFDD=LTE01ERBS00002-3,EUtranFreqRelation=1,EUtranCellRelation=15" lastModified="1287501708517" mimName="ERBS_NODE_MODEL" mimVersion="A.9.50.J.9.1">
    <attr name="isRemoveAllowed">false</attr>
    <attr name="neighborCellRef">SubNetwork=ONRM_RootMo_R,MeContext=LTE01ERBS00002,ManagedElement=1,ENodeBFunction=1,EUtraNetwork=1,ExternalENodeBFunction=7,ExternalEUtranCellFDD=4</attr>
    <attr name="anrCreated">false</attr>
    <attr name="isHoAllowed">true</attr>
  </mo>
  <mo fdn="SubNetwork=ONRM_RootMo_R,MeContext=LTE01ERBS00002,ManagedElement=1,ENodeBFunction=1,EUtranCellFDD=LTE01ERBS00002-3,EUtranFreqRelation=1,EUtranCellRelation=18" lastModified="1287504765403" mimName="ERBS_NODE_MODEL" mimVersion="A.9.50.J.9.1">
    <attr name="isRemoveAllowed">false</attr>
    <attr name="neighborCellRef">SubNetwork=ONRM_RootMo_R,MeContext=LTE01ERBS00002,ManagedElement=1,ENodeBFunction=1,EUtraNetwork=1,ExternalENodeBFunction=9,ExternalEUtranCellFDD=3</attr>
    <attr name="anrCreated">false</attr>
    <attr name="isHoAllowed">true</attr>
  </mo>
  <mo fdn="SubNetwork=ONRM_RootMo_R,MeContext=LTE01ERBS00002,ManagedElement=1,ENodeBFunction=1,EUtranCellFDD=LTE01ERBS00002-3,EUtranFreqRelation=1,EUtranCellRelation=19" lastModified="1287504765402" mimName="ERBS_NODE_MODEL" mimVersion="A.9.50.J.9.1">
    <attr name="isRemoveAllowed">false</attr>
    <attr name="neighborCellRef">SubNetwork=ONRM_RootMo_R,MeContext=LTE01ERBS00002,ManagedElement=1,ENodeBFunction=1,EUtraNetwork=1,ExternalENodeBFunction=9,ExternalEUtranCellFDD=4</attr>
    <attr name="anrCreated">false</attr>
    <attr name="isHoAllowed">true</attr>
  </mo>
  <mo fdn="SubNetwork=ONRM_RootMo_R,MeContext=LTE01ERBS00002,ManagedElement=1,ENodeBFunction=1,EUtranCellFDD=LTE01ERBS00002-3,EUtranFreqRelation=1,EUtranCellRelation=22" lastModified="1287501708505" mimName="ERBS_NODE_MODEL" mimVersion="A.9.50.J.9.1">
    <attr name="isRemoveAllowed">false</attr>
    <attr name="neighborCellRef">SubNetwork=ONRM_RootMo_R,MeContext=LTE01ERBS00002,ManagedElement=1,ENodeBFunction=1,EUtraNetwork=1,ExternalENodeBFunction=11,ExternalEUtranCellFDD=3</attr>
    <attr name="anrCreated">false</attr>
    <attr name="isHoAllowed">true</attr>
  </mo>
  <mo fdn="SubNetwork=ONRM_RootMo_R,MeContext=LTE01ERBS00002,ManagedElement=1,ENodeBFunction=1,EUtranCellFDD=LTE01ERBS00002-3,EUtranFreqRelation=1,EUtranCellRelation=23" lastModified="1287501708504" mimName="ERBS_NODE_MODEL" mimVersion="A.9.50.J.9.1">
    <attr name="isRemoveAllowed">false</attr>
    <attr name="neighborCellRef">SubNetwork=ONRM_RootMo_R,MeContext=LTE01ERBS00002,ManagedElement=1,ENodeBFunction=1,EUtraNetwork=1,ExternalENodeBFunction=11,ExternalEUtranCellFDD=4</attr>
    <attr name="anrCreated">false</attr>
    <attr name="isHoAllowed">true</attr>
  </mo>
  <mo fdn="SubNetwork=ONRM_RootMo_R,MeContext=LTE01ERBS00002,ManagedElement=1,ENodeBFunction=1,EUtranCellFDD=LTE01ERBS00002-3,EUtranFreqRelation=1,EUtranCellRelation=26" lastModified="1287504765406" mimName="ERBS_NODE_MODEL" mimVersion="A.9.50.J.9.1">
    <attr name="isRemoveAllowed">false</attr>
    <attr name="neighborCellRef">SubNetwork=ONRM_RootMo_R,MeContext=LTE01ERBS00002,ManagedElement=1,ENodeBFunction=1,EUtraNetwork=1,ExternalENodeBFunction=13,ExternalEUtranCellFDD=3</attr>
    <attr name="anrCreated">false</attr>
    <attr name="isHoAllowed">true</attr>
  </mo>
  <mo fdn="SubNetwork=ONRM_RootMo_R,MeContext=LTE01ERBS00002,ManagedElement=1,ENodeBFunction=1,EUtranCellFDD=LTE01ERBS00002-3,EUtranFreqRelation=1,EUtranCellRelation=27" lastModified="1287504765404" mimName="ERBS_NODE_MODEL" mimVersion="A.9.50.J.9.1">
    <attr name="isRemoveAllowed">false</attr>
    <attr name="neighborCellRef">SubNetwork=ONRM_RootMo_R,MeContext=LTE01ERBS00002,ManagedElement=1,ENodeBFunction=1,EUtraNetwork=1,ExternalENodeBFunction=13,ExternalEUtranCellFDD=4</attr>
    <attr name="anrCreated">false</attr>
    <attr name="isHoAllowed">true</attr>
  </mo>
  <mo fdn="SubNetwork=ONRM_RootMo_R,MeContext=LTE01ERBS00002,ManagedElement=1,ENodeBFunction=1,EUtranCellFDD=LTE01ERBS00002-3,EUtranFreqRelation=1,EUtranCellRelation=30" lastModified="1287501708507" mimName="ERBS_NODE_MODEL" mimVersion="A.9.50.J.9.1">
    <attr name="isRemoveAllowed">false</attr>
    <attr name="neighborCellRef">SubNetwork=ONRM_RootMo_R,MeContext=LTE01ERBS00002,ManagedElement=1,ENodeBFunction=1,EUtraNetwork=1,ExternalENodeBFunction=15,ExternalEUtranCellFDD=3</attr>
    <attr name="anrCreated">false</attr>
    <attr name="isHoAllowed">true</attr>
  </mo>
  <mo fdn="SubNetwork=ONRM_RootMo_R,MeContext=LTE01ERBS00002,ManagedElement=1,ENodeBFunction=1,EUtranCellFDD=LTE01ERBS00002-3,EUtranFreqRelation=1,EUtranCellRelation=31" lastModified="1287501708506" mimName="ERBS_NODE_MODEL" mimVersion="A.9.50.J.9.1">
    <attr name="isRemoveAllowed">false</attr>
    <attr name="neighborCellRef">SubNetwork=ONRM_RootMo_R,MeContext=LTE01ERBS00002,ManagedElement=1,ENodeBFunction=1,EUtraNetwork=1,ExternalENodeBFunction=15,ExternalEUtranCellFDD=4</attr>
    <attr name="anrCreated">false</attr>
    <attr name="isHoAllowed">true</attr>
  </mo>
  <mo fdn="SubNetwork=ONRM_RootMo_R,MeContext=LTE01ERBS00002,ManagedElement=1,ENodeBFunction=1,EUtranCellFDD=LTE01ERBS00002-3,EUtranFreqRelation=1,EUtranCellRelation=4" lastModified="1287501708515" mimName="ERBS_NODE_MODEL" mimVersion="A.9.50.J.9.1">
    <attr name="isRemoveAllowed">false</attr>
    <attr name="neighborCellRef">SubNetwork=ONRM_RootMo_R,MeContext=LTE01ERBS00002,ManagedElement=1,ENodeBFunction=1,EUtraNetwork=1,ExternalENodeBFunction=1,ExternalEUtranCellFDD=3</attr>
    <attr name="anrCreated">false</attr>
    <attr name="isHoAllowed">true</attr>
  </mo>
  <mo fdn="SubNetwork=ONRM_RootMo_R,MeContext=LTE01ERBS00002,ManagedElement=1,ENodeBFunction=1,EUtranCellFDD=LTE01ERBS00002-3,EUtranFreqRelation=1,EUtranCellRelation=5" lastModified="1287501708518" mimName="ERBS_NODE_MODEL" mimVersion="A.9.50.J.9.1">
    <attr name="isRemoveAllowed">false</attr>
    <attr name="neighborCellRef">SubNetwork=ONRM_RootMo_R,MeContext=LTE01ERBS00002,ManagedElement=1,ENodeBFunction=1,EUtraNetwork=1,ExternalENodeBFunction=1,ExternalEUtranCellFDD=4</attr>
    <attr name="anrCreated">false</attr>
    <attr name="isHoAllowed">true</attr>
  </mo>
  <mo fdn="SubNetwork=ONRM_RootMo_R,MeContext=LTE01ERBS00002,ManagedElement=1,ENodeBFunction=1,EUtranCellFDD=LTE01ERBS00002-3,EUtranFreqRelation=1,EUtranCellRelation=6" lastModified="1287501708511" mimName="ERBS_NODE_MODEL" mimVersion="A.9.50.J.9.1">
    <attr name="isRemoveAllowed">false</attr>
    <attr name="neighborCellRef">SubNetwork=ONRM_RootMo_R,MeContext=LTE01ERBS00002,ManagedElement=1,ENodeBFunction=1,EUtraNetwork=1,ExternalENodeBFunction=3,ExternalEUtranCellFDD=3</attr>
    <attr name="anrCreated">false</attr>
    <attr name="isHoAllowed">true</attr>
  </mo>
  <mo fdn="SubNetwork=ONRM_RootMo_R,MeContext=LTE01ERBS00002,ManagedElement=1,ENodeBFunction=1,EUtranCellFDD=LTE01ERBS00002-3,EUtranFreqRelation=1,EUtranCellRelation=7" lastModified="1287501708514" mimName="ERBS_NODE_MODEL" mimVersion="A.9.50.J.9.1">
    <attr name="isRemoveAllowed">false</attr>
    <attr name="neighborCellRef">SubNetwork=ONRM_RootMo_R,MeContext=LTE01ERBS00002,ManagedElement=1,ENodeBFunction=1,EUtraNetwork=1,ExternalENodeBFunction=3,ExternalEUtranCellFDD=4</attr>
    <attr name="anrCreated">false</attr>
    <attr name="isHoAllowed">true</attr>
  </mo>
  <mo fdn="SubNetwork=ONRM_RootMo_R,MeContext=LTE01ERBS00002,ManagedElement=1,ENodeBFunction=1,EUtranCellFDD=LTE01ERBS00002-3,EUtranFreqRelation=2,EUtranCellRelation=1" lastModified="1287501146393" mimName="ERBS_NODE_MODEL" mimVersion="A.9.50.J.9.1">
    <attr name="isRemoveAllowed">false</attr>
    <attr name="neighborCellRef">SubNetwork=ONRM_RootMo_R,MeContext=LTE01ERBS00002,ManagedElement=1,ENodeBFunction=1,EUtranCellFDD=LTE01ERBS00002-1</attr>
    <attr name="anrCreated">false</attr>
    <attr name="isHoAllowed">true</attr>
  </mo>
  <mo fdn="SubNetwork=ONRM_RootMo_R,MeContext=LTE01ERBS00002,ManagedElement=1,ENodeBFunction=1,EUtranCellFDD=LTE01ERBS00002-3,EUtranFreqRelation=2,EUtranCellRelation=12" lastModified="1287504765391" mimName="ERBS_NODE_MODEL" mimVersion="A.9.50.J.9.1">
    <attr name="isRemoveAllowed">false</attr>
    <attr name="neighborCellRef">SubNetwork=ONRM_RootMo_R,MeContext=LTE01ERBS00002,ManagedElement=1,ENodeBFunction=1,EUtraNetwork=1,ExternalENodeBFunction=6,ExternalEUtranCellFDD=3</attr>
    <attr name="anrCreated">false</attr>
    <attr name="isHoAllowed">true</attr>
  </mo>
  <mo fdn="SubNetwork=ONRM_RootMo_R,MeContext=LTE01ERBS00002,ManagedElement=1,ENodeBFunction=1,EUtranCellFDD=LTE01ERBS00002-3,EUtranFreqRelation=2,EUtranCellRelation=13" lastModified="1287504765388" mimName="ERBS_NODE_MODEL" mimVersion="A.9.50.J.9.1">
    <attr name="isRemoveAllowed">false</attr>
    <attr name="neighborCellRef">SubNetwork=ONRM_RootMo_R,MeContext=LTE01ERBS00002,ManagedElement=1,ENodeBFunction=1,EUtraNetwork=1,ExternalENodeBFunction=6,ExternalEUtranCellFDD=4</attr>
    <attr name="anrCreated">false</attr>
    <attr name="isHoAllowed">true</attr>
  </mo>
  <mo fdn="SubNetwork=ONRM_RootMo_R,MeContext=LTE01ERBS00002,ManagedElement=1,ENodeBFunction=1,EUtranCellFDD=LTE01ERBS00002-3,EUtranFreqRelation=2,EUtranCellRelation=16" lastModified="1287501708498" mimName="ERBS_NODE_MODEL" mimVersion="A.9.50.J.9.1">
    <attr name="isRemoveAllowed">false</attr>
    <attr name="neighborCellRef">SubNetwork=ONRM_RootMo_R,MeContext=LTE01ERBS00002,ManagedElement=1,ENodeBFunction=1,EUtraNetwork=1,ExternalENodeBFunction=8,ExternalEUtranCellFDD=3</attr>
    <attr name="anrCreated">false</attr>
    <attr name="isHoAllowed">true</attr>
  </mo>
  <mo fdn="SubNetwork=ONRM_RootMo_R,MeContext=LTE01ERBS00002,ManagedElement=1,ENodeBFunction=1,EUtranCellFDD=LTE01ERBS00002-3,EUtranFreqRelation=2,EUtranCellRelation=17" lastModified="1287501708496" mimName="ERBS_NODE_MODEL" mimVersion="A.9.50.J.9.1">
    <attr name="isRemoveAllowed">false</attr>
    <attr name="neighborCellRef">SubNetwork=ONRM_RootMo_R,MeContext=LTE01ERBS00002,ManagedElement=1,ENodeBFunction=1,EUtraNetwork=1,ExternalENodeBFunction=8,ExternalEUtranCellFDD=4</attr>
    <attr name="anrCreated">false</attr>
    <attr name="isHoAllowed">true</attr>
  </mo>
  <mo fdn="SubNetwork=ONRM_RootMo_R,MeContext=LTE01ERBS00002,ManagedElement=1,ENodeBFunction=1,EUtranCellFDD=LTE01ERBS00002-3,EUtranFreqRelation=2,EUtranCellRelation=2" lastModified="1287501146388" mimName="ERBS_NODE_MODEL" mimVersion="A.9.50.J.9.1">
    <attr name="isRemoveAllowed">false</attr>
    <attr name="neighborCellRef">SubNetwork=ONRM_RootMo_R,MeContext=LTE01ERBS00002,ManagedElement=1,ENodeBFunction=1,EUtranCellFDD=LTE01ERBS00002-2</attr>
    <attr name="anrCreated">false</attr>
    <attr name="isHoAllowed">true</attr>
  </mo>
  <mo fdn="SubNetwork=ONRM_RootMo_R,MeContext=LTE01ERBS00002,ManagedElement=1,ENodeBFunction=1,EUtranCellFDD=LTE01ERBS00002-3,EUtranFreqRelation=2,EUtranCellRelation=20" lastModified="1287501708491" mimName="ERBS_NODE_MODEL" mimVersion="A.9.50.J.9.1">
    <attr name="isRemoveAllowed">false</attr>
    <attr name="neighborCellRef">SubNetwork=ONRM_RootMo_R,MeContext=LTE01ERBS00002,ManagedElement=1,ENodeBFunction=1,EUtraNetwork=1,ExternalENodeBFunction=10,ExternalEUtranCellFDD=3</attr>
    <attr name="anrCreated">false</attr>
    <attr name="isHoAllowed">true</attr>
  </mo>
  <mo fdn="SubNetwork=ONRM_RootMo_R,MeContext=LTE01ERBS00002,ManagedElement=1,ENodeBFunction=1,EUtranCellFDD=LTE01ERBS00002-3,EUtranFreqRelation=2,EUtranCellRelation=21" lastModified="1287501708477" mimName="ERBS_NODE_MODEL" mimVersion="A.9.50.J.9.1">
    <attr name="isRemoveAllowed">false</attr>
    <attr name="neighborCellRef">SubNetwork=ONRM_RootMo_R,MeContext=LTE01ERBS00002,ManagedElement=1,ENodeBFunction=1,EUtraNetwork=1,ExternalENodeBFunction=10,ExternalEUtranCellFDD=4</attr>
    <attr name="anrCreated">false</attr>
    <attr name="isHoAllowed">true</attr>
  </mo>
  <mo fdn="SubNetwork=ONRM_RootMo_R,MeContext=LTE01ERBS00002,ManagedElement=1,ENodeBFunction=1,EUtranCellFDD=LTE01ERBS00002-3,EUtranFreqRelation=2,EUtranCellRelation=24" lastModified="1287504765392" mimName="ERBS_NODE_MODEL" mimVersion="A.9.50.J.9.1">
    <attr name="isRemoveAllowed">false</attr>
    <attr name="neighborCellRef">SubNetwork=ONRM_RootMo_R,MeContext=LTE01ERBS00002,ManagedElement=1,ENodeBFunction=1,EUtraNetwork=1,ExternalENodeBFunction=12,ExternalEUtranCellFDD=3</attr>
    <attr name="anrCreated">false</attr>
    <attr name="isHoAllowed">true</attr>
  </mo>
  <mo fdn="SubNetwork=ONRM_RootMo_R,MeContext=LTE01ERBS00002,ManagedElement=1,ENodeBFunction=1,EUtranCellFDD=LTE01ERBS00002-3,EUtranFreqRelation=2,EUtranCellRelation=25" lastModified="1287504765390" mimName="ERBS_NODE_MODEL" mimVersion="A.9.50.J.9.1">
    <attr name="isRemoveAllowed">false</attr>
    <attr name="neighborCellRef">SubNetwork=ONRM_RootMo_R,MeContext=LTE01ERBS00002,ManagedElement=1,ENodeBFunction=1,EUtraNetwork=1,ExternalENodeBFunction=12,ExternalEUtranCellFDD=4</attr>
    <attr name="anrCreated">false</attr>
    <attr name="isHoAllowed">true</attr>
  </mo>
  <mo fdn="SubNetwork=ONRM_RootMo_R,MeContext=LTE01ERBS00002,ManagedElement=1,ENodeBFunction=1,EUtranCellFDD=LTE01ERBS00002-3,EUtranFreqRelation=2,EUtranCellRelation=28" lastModified="1287504765397" mimName="ERBS_NODE_MODEL" mimVersion="A.9.50.J.9.1">
    <attr name="isRemoveAllowed">false</attr>
    <attr name="neighborCellRef">SubNetwork=ONRM_RootMo_R,MeContext=LTE01ERBS00002,ManagedElement=1,ENodeBFunction=1,EUtraNetwork=1,ExternalENodeBFunction=14,ExternalEUtranCellFDD=3</attr>
    <attr name="anrCreated">false</attr>
    <attr name="isHoAllowed">true</attr>
  </mo>
  <mo fdn="SubNetwork=ONRM_RootMo_R,MeContext=LTE01ERBS00002,ManagedElement=1,ENodeBFunction=1,EUtranCellFDD=LTE01ERBS00002-3,EUtranFreqRelation=2,EUtranCellRelation=29" lastModified="1287504765396" mimName="ERBS_NODE_MODEL" mimVersion="A.9.50.J.9.1">
    <attr name="isRemoveAllowed">false</attr>
    <attr name="neighborCellRef">SubNetwork=ONRM_RootMo_R,MeContext=LTE01ERBS00002,ManagedElement=1,ENodeBFunction=1,EUtraNetwork=1,ExternalENodeBFunction=14,ExternalEUtranCellFDD=4</attr>
    <attr name="anrCreated">false</attr>
    <attr name="isHoAllowed">true</attr>
  </mo>
  <mo fdn="SubNetwork=ONRM_RootMo_R,MeContext=LTE01ERBS00002,ManagedElement=1,ENodeBFunction=1,EUtranCellFDD=LTE01ERBS00002-3,EUtranFreqRelation=2,EUtranCellRelation=3" lastModified="1287501146381" mimName="ERBS_NODE_MODEL" mimVersion="A.9.50.J.9.1">
    <attr name="isRemoveAllowed">false</attr>
    <attr name="neighborCellRef">SubNetwork=ONRM_RootMo_R,MeContext=LTE01ERBS00002,ManagedElement=1,ENodeBFunction=1,EUtranCellFDD=LTE01ERBS00002-4</attr>
    <attr name="anrCreated">false</attr>
    <attr name="isHoAllowed">true</attr>
  </mo>
  <mo fdn="SubNetwork=ONRM_RootMo_R,MeContext=LTE01ERBS00002,ManagedElement=1,ENodeBFunction=1,EUtranCellFDD=LTE01ERBS00002-3,EUtranFreqRelation=2,EUtranCellRelation=32" lastModified="1287504765387" mimName="ERBS_NODE_MODEL" mimVersion="A.9.50.J.9.1">
    <attr name="isRemoveAllowed">false</attr>
    <attr name="neighborCellRef">SubNetwork=ONRM_RootMo_R,MeContext=LTE01ERBS00002,ManagedElement=1,ENodeBFunction=1,EUtraNetwork=1,ExternalENodeBFunction=16,ExternalEUtranCellFDD=3</attr>
    <attr name="anrCreated">false</attr>
    <attr name="isHoAllowed">true</attr>
  </mo>
  <mo fdn="SubNetwork=ONRM_RootMo_R,MeContext=LTE01ERBS00002,ManagedElement=1,ENodeBFunction=1,EUtranCellFDD=LTE01ERBS00002-3,EUtranFreqRelation=2,EUtranCellRelation=33" lastModified="1287504765394" mimName="ERBS_NODE_MODEL" mimVersion="A.9.50.J.9.1">
    <attr name="isRemoveAllowed">false</attr>
    <attr name="neighborCellRef">SubNetwork=ONRM_RootMo_R,MeContext=LTE01ERBS00002,ManagedElement=1,ENodeBFunction=1,EUtraNetwork=1,ExternalENodeBFunction=16,ExternalEUtranCellFDD=4</attr>
    <attr name="anrCreated">false</attr>
    <attr name="isHoAllowed">true</attr>
  </mo>
  <mo fdn="SubNetwork=ONRM_RootMo_R,MeContext=LTE01ERBS00002,ManagedElement=1,ENodeBFunction=1,EUtranCellFDD=LTE01ERBS00002-3,EUtranFreqRelation=2,EUtranCellRelation=8" lastModified="1287501708493" mimName="ERBS_NODE_MODEL" mimVersion="A.9.50.J.9.1">
    <attr name="isRemoveAllowed">false</attr>
    <attr name="neighborCellRef">SubNetwork=ONRM_RootMo_R,MeContext=LTE01ERBS00002,ManagedElement=1,ENodeBFunction=1,EUtraNetwork=1,ExternalENodeBFunction=4,ExternalEUtranCellFDD=3</attr>
    <attr name="anrCreated">false</attr>
    <attr name="isHoAllowed">true</attr>
  </mo>
  <mo fdn="SubNetwork=ONRM_RootMo_R,MeContext=LTE01ERBS00002,ManagedElement=1,ENodeBFunction=1,EUtranCellFDD=LTE01ERBS00002-3,EUtranFreqRelation=2,EUtranCellRelation=9" lastModified="1287501708494" mimName="ERBS_NODE_MODEL" mimVersion="A.9.50.J.9.1">
    <attr name="isRemoveAllowed">false</attr>
    <attr name="neighborCellRef">SubNetwork=ONRM_RootMo_R,MeContext=LTE01ERBS00002,ManagedElement=1,ENodeBFunction=1,EUtraNetwork=1,ExternalENodeBFunction=4,ExternalEUtranCellFDD=4</attr>
    <attr name="anrCreated">false</attr>
    <attr name="isHoAllowed">true</attr>
  </mo>
  <mo fdn="SubNetwork=ONRM_RootMo_R,MeContext=LTE01ERBS00002,ManagedElement=1,ENodeBFunction=1,EUtranCellFDD=LTE01ERBS00002-4" lastModified="1287512075967" mimName="ERBS_NODE_MODEL" mimVersion="A.9.50.J.9.1">
    <attr name="EUtranCellFDDId">LTE01ERBS00002-4</attr>
    <attr name="earfcnul">18000</attr>
    <attr name="cellId">4</attr>
    <attr name="tac">1</attr>
    <attr name="bPlmnList">
      <seq count="1">
        <item>
          <struct>
            <attr name="mcc">310</attr>
            <attr name="mnc">38</attr>
            <attr name="mncLength">2</attr>
          </struct>
        </item>
      </seq>
    </attr>
    <attr name="earfcndl">0</attr>
    <attr name="userLabel">LTE01ERBS00002-4</attr>
  </mo>
  <mo fdn="SubNetwork=ONRM_RootMo_R,MeContext=LTE01ERBS00002,ManagedElement=1,ENodeBFunction=1,EUtranCellFDD=LTE01ERBS00002-4,EUtranFreqRelation=1,EUtranCellRelation=10" lastModified="1287501708303" mimName="ERBS_NODE_MODEL" mimVersion="A.9.50.J.9.1">
    <attr name="isRemoveAllowed">false</attr>
    <attr name="neighborCellRef">SubNetwork=ONRM_RootMo_R,MeContext=LTE01ERBS00002,ManagedElement=1,ENodeBFunction=1,EUtraNetwork=1,ExternalENodeBFunction=5,ExternalEUtranCellFDD=3</attr>
    <attr name="anrCreated">false</attr>
    <attr name="isHoAllowed">true</attr>
  </mo>
  <mo fdn="SubNetwork=ONRM_RootMo_R,MeContext=LTE01ERBS00002,ManagedElement=1,ENodeBFunction=1,EUtranCellFDD=LTE01ERBS00002-4,EUtranFreqRelation=1,EUtranCellRelation=11" lastModified="1287501708302" mimName="ERBS_NODE_MODEL" mimVersion="A.9.50.J.9.1">
    <attr name="isRemoveAllowed">false</attr>
    <attr name="neighborCellRef">SubNetwork=ONRM_RootMo_R,MeContext=LTE01ERBS00002,ManagedElement=1,ENodeBFunction=1,EUtraNetwork=1,ExternalENodeBFunction=5,ExternalEUtranCellFDD=4</attr>
    <attr name="anrCreated">false</attr>
    <attr name="isHoAllowed">true</attr>
  </mo>
  <mo fdn="SubNetwork=ONRM_RootMo_R,MeContext=LTE01ERBS00002,ManagedElement=1,ENodeBFunction=1,EUtranCellFDD=LTE01ERBS00002-4,EUtranFreqRelation=1,EUtranCellRelation=14" lastModified="1287501708297" mimName="ERBS_NODE_MODEL" mimVersion="A.9.50.J.9.1">
    <attr name="isRemoveAllowed">false</attr>
    <attr name="neighborCellRef">SubNetwork=ONRM_RootMo_R,MeContext=LTE01ERBS00002,ManagedElement=1,ENodeBFunction=1,EUtraNetwork=1,ExternalENodeBFunction=7,ExternalEUtranCellFDD=3</attr>
    <attr name="anrCreated">false</attr>
    <attr name="isHoAllowed">true</attr>
  </mo>
  <mo fdn="SubNetwork=ONRM_RootMo_R,MeContext=LTE01ERBS00002,ManagedElement=1,ENodeBFunction=1,EUtranCellFDD=LTE01ERBS00002-4,EUtranFreqRelation=1,EUtranCellRelation=15" lastModified="1287501708307" mimName="ERBS_NODE_MODEL" mimVersion="A.9.50.J.9.1">
    <attr name="isRemoveAllowed">false</attr>
    <attr name="neighborCellRef">SubNetwork=ONRM_RootMo_R,MeContext=LTE01ERBS00002,ManagedElement=1,ENodeBFunction=1,EUtraNetwork=1,ExternalENodeBFunction=7,ExternalEUtranCellFDD=4</attr>
    <attr name="anrCreated">false</attr>
    <attr name="isHoAllowed">true</attr>
  </mo>
  <mo fdn="SubNetwork=ONRM_RootMo_R,MeContext=LTE01ERBS00002,ManagedElement=1,ENodeBFunction=1,EUtranCellFDD=LTE01ERBS00002-4,EUtranFreqRelation=1,EUtranCellRelation=18" lastModified="1287504806849" mimName="ERBS_NODE_MODEL" mimVersion="A.9.50.J.9.1">
    <attr name="isRemoveAllowed">false</attr>
    <attr name="neighborCellRef">SubNetwork=ONRM_RootMo_R,MeContext=LTE01ERBS00002,ManagedElement=1,ENodeBFunction=1,EUtraNetwork=1,ExternalENodeBFunction=9,ExternalEUtranCellFDD=3</attr>
    <attr name="anrCreated">false</attr>
    <attr name="isHoAllowed">true</attr>
  </mo>
  <mo fdn="SubNetwork=ONRM_RootMo_R,MeContext=LTE01ERBS00002,ManagedElement=1,ENodeBFunction=1,EUtranCellFDD=LTE01ERBS00002-4,EUtranFreqRelation=1,EUtranCellRelation=19" lastModified="1287504806848" mimName="ERBS_NODE_MODEL" mimVersion="A.9.50.J.9.1">
    <attr name="isRemoveAllowed">false</attr>
    <attr name="neighborCellRef">SubNetwork=ONRM_RootMo_R,MeContext=LTE01ERBS00002,ManagedElement=1,ENodeBFunction=1,EUtraNetwork=1,ExternalENodeBFunction=9,ExternalEUtranCellFDD=4</attr>
    <attr name="anrCreated">false</attr>
    <attr name="isHoAllowed">true</attr>
  </mo>
  <mo fdn="SubNetwork=ONRM_RootMo_R,MeContext=LTE01ERBS00002,ManagedElement=1,ENodeBFunction=1,EUtranCellFDD=LTE01ERBS00002-4,EUtranFreqRelation=1,EUtranCellRelation=22" lastModified="1287501708299" mimName="ERBS_NODE_MODEL" mimVersion="A.9.50.J.9.1">
    <attr name="isRemoveAllowed">false</attr>
    <attr name="neighborCellRef">SubNetwork=ONRM_RootMo_R,MeContext=LTE01ERBS00002,ManagedElement=1,ENodeBFunction=1,EUtraNetwork=1,ExternalENodeBFunction=11,ExternalEUtranCellFDD=3</attr>
    <attr name="anrCreated">false</attr>
    <attr name="isHoAllowed">true</attr>
  </mo>
  <mo fdn="SubNetwork=ONRM_RootMo_R,MeContext=LTE01ERBS00002,ManagedElement=1,ENodeBFunction=1,EUtranCellFDD=LTE01ERBS00002-4,EUtranFreqRelation=1,EUtranCellRelation=23" lastModified="1287501708298" mimName="ERBS_NODE_MODEL" mimVersion="A.9.50.J.9.1">
    <attr name="isRemoveAllowed">false</attr>
    <attr name="neighborCellRef">SubNetwork=ONRM_RootMo_R,MeContext=LTE01ERBS00002,ManagedElement=1,ENodeBFunction=1,EUtraNetwork=1,ExternalENodeBFunction=11,ExternalEUtranCellFDD=4</attr>
    <attr name="anrCreated">false</attr>
    <attr name="isHoAllowed">true</attr>
  </mo>
  <mo fdn="SubNetwork=ONRM_RootMo_R,MeContext=LTE01ERBS00002,ManagedElement=1,ENodeBFunction=1,EUtranCellFDD=LTE01ERBS00002-4,EUtranFreqRelation=1,EUtranCellRelation=26" lastModified="1287504806852" mimName="ERBS_NODE_MODEL" mimVersion="A.9.50.J.9.1">
    <attr name="isRemoveAllowed">false</attr>
    <attr name="neighborCellRef">SubNetwork=ONRM_RootMo_R,MeContext=LTE01ERBS00002,ManagedElement=1,ENodeBFunction=1,EUtraNetwork=1,ExternalENodeBFunction=13,ExternalEUtranCellFDD=3</attr>
    <attr name="anrCreated">false</attr>
    <attr name="isHoAllowed">true</attr>
  </mo>
  <mo fdn="SubNetwork=ONRM_RootMo_R,MeContext=LTE01ERBS00002,ManagedElement=1,ENodeBFunction=1,EUtranCellFDD=LTE01ERBS00002-4,EUtranFreqRelation=1,EUtranCellRelation=27" lastModified="1287504806851" mimName="ERBS_NODE_MODEL" mimVersion="A.9.50.J.9.1">
    <attr name="isRemoveAllowed">false</attr>
    <attr name="neighborCellRef">SubNetwork=ONRM_RootMo_R,MeContext=LTE01ERBS00002,ManagedElement=1,ENodeBFunction=1,EUtraNetwork=1,ExternalENodeBFunction=13,ExternalEUtranCellFDD=4</attr>
    <attr name="anrCreated">false</attr>
    <attr name="isHoAllowed">true</attr>
  </mo>
  <mo fdn="SubNetwork=ONRM_RootMo_R,MeContext=LTE01ERBS00002,ManagedElement=1,ENodeBFunction=1,EUtranCellFDD=LTE01ERBS00002-4,EUtranFreqRelation=1,EUtranCellRelation=30" lastModified="1287501708301" mimName="ERBS_NODE_MODEL" mimVersion="A.9.50.J.9.1">
    <attr name="isRemoveAllowed">false</attr>
    <attr name="neighborCellRef">SubNetwork=ONRM_RootMo_R,MeContext=LTE01ERBS00002,ManagedElement=1,ENodeBFunction=1,EUtraNetwork=1,ExternalENodeBFunction=15,ExternalEUtranCellFDD=3</attr>
    <attr name="anrCreated">false</attr>
    <attr name="isHoAllowed">true</attr>
  </mo>
  <mo fdn="SubNetwork=ONRM_RootMo_R,MeContext=LTE01ERBS00002,ManagedElement=1,ENodeBFunction=1,EUtranCellFDD=LTE01ERBS00002-4,EUtranFreqRelation=1,EUtranCellRelation=31" lastModified="1287501708300" mimName="ERBS_NODE_MODEL" mimVersion="A.9.50.J.9.1">
    <attr name="isRemoveAllowed">false</attr>
    <attr name="neighborCellRef">SubNetwork=ONRM_RootMo_R,MeContext=LTE01ERBS00002,ManagedElement=1,ENodeBFunction=1,EUtraNetwork=1,ExternalENodeBFunction=15,ExternalEUtranCellFDD=4</attr>
    <attr name="anrCreated">false</attr>
    <attr name="isHoAllowed">true</attr>
  </mo>
  <mo fdn="SubNetwork=ONRM_RootMo_R,MeContext=LTE01ERBS00002,ManagedElement=1,ENodeBFunction=1,EUtranCellFDD=LTE01ERBS00002-4,EUtranFreqRelation=1,EUtranCellRelation=4" lastModified="1287501708306" mimName="ERBS_NODE_MODEL" mimVersion="A.9.50.J.9.1">
    <attr name="isRemoveAllowed">false</attr>
    <attr name="neighborCellRef">SubNetwork=ONRM_RootMo_R,MeContext=LTE01ERBS00002,ManagedElement=1,ENodeBFunction=1,EUtraNetwork=1,ExternalENodeBFunction=1,ExternalEUtranCellFDD=3</attr>
    <attr name="anrCreated">false</attr>
    <attr name="isHoAllowed">true</attr>
  </mo>
  <mo fdn="SubNetwork=ONRM_RootMo_R,MeContext=LTE01ERBS00002,ManagedElement=1,ENodeBFunction=1,EUtranCellFDD=LTE01ERBS00002-4,EUtranFreqRelation=1,EUtranCellRelation=5" lastModified="1287501708308" mimName="ERBS_NODE_MODEL" mimVersion="A.9.50.J.9.1">
    <attr name="isRemoveAllowed">false</attr>
    <attr name="neighborCellRef">SubNetwork=ONRM_RootMo_R,MeContext=LTE01ERBS00002,ManagedElement=1,ENodeBFunction=1,EUtraNetwork=1,ExternalENodeBFunction=1,ExternalEUtranCellFDD=4</attr>
    <attr name="anrCreated">false</attr>
    <attr name="isHoAllowed">true</attr>
  </mo>
  <mo fdn="SubNetwork=ONRM_RootMo_R,MeContext=LTE01ERBS00002,ManagedElement=1,ENodeBFunction=1,EUtranCellFDD=LTE01ERBS00002-4,EUtranFreqRelation=1,EUtranCellRelation=6" lastModified="1287501708304" mimName="ERBS_NODE_MODEL" mimVersion="A.9.50.J.9.1">
    <attr name="isRemoveAllowed">false</attr>
    <attr name="neighborCellRef">SubNetwork=ONRM_RootMo_R,MeContext=LTE01ERBS00002,ManagedElement=1,ENodeBFunction=1,EUtraNetwork=1,ExternalENodeBFunction=3,ExternalEUtranCellFDD=3</attr>
    <attr name="anrCreated">false</attr>
    <attr name="isHoAllowed">true</attr>
  </mo>
  <mo fdn="SubNetwork=ONRM_RootMo_R,MeContext=LTE01ERBS00002,ManagedElement=1,ENodeBFunction=1,EUtranCellFDD=LTE01ERBS00002-4,EUtranFreqRelation=1,EUtranCellRelation=7" lastModified="1287501708305" mimName="ERBS_NODE_MODEL" mimVersion="A.9.50.J.9.1">
    <attr name="isRemoveAllowed">false</attr>
    <attr name="neighborCellRef">SubNetwork=ONRM_RootMo_R,MeContext=LTE01ERBS00002,ManagedElement=1,ENodeBFunction=1,EUtraNetwork=1,ExternalENodeBFunction=3,ExternalEUtranCellFDD=4</attr>
    <attr name="anrCreated">false</attr>
    <attr name="isHoAllowed">true</attr>
  </mo>
  <mo fdn="SubNetwork=ONRM_RootMo_R,MeContext=LTE01ERBS00002,ManagedElement=1,ENodeBFunction=1,EUtranCellFDD=LTE01ERBS00002-4,EUtranFreqRelation=2,EUtranCellRelation=1" lastModified="1287501146293" mimName="ERBS_NODE_MODEL" mimVersion="A.9.50.J.9.1">
    <attr name="isRemoveAllowed">false</attr>
    <attr name="neighborCellRef">SubNetwork=ONRM_RootMo_R,MeContext=LTE01ERBS00002,ManagedElement=1,ENodeBFunction=1,EUtranCellFDD=LTE01ERBS00002-1</attr>
    <attr name="anrCreated">false</attr>
    <attr name="isHoAllowed">true</attr>
  </mo>
  <mo fdn="SubNetwork=ONRM_RootMo_R,MeContext=LTE01ERBS00002,ManagedElement=1,ENodeBFunction=1,EUtranCellFDD=LTE01ERBS00002-4,EUtranFreqRelation=2,EUtranCellRelation=12" lastModified="1287504806837" mimName="ERBS_NODE_MODEL" mimVersion="A.9.50.J.9.1">
    <attr name="isRemoveAllowed">false</attr>
    <attr name="neighborCellRef">SubNetwork=ONRM_RootMo_R,MeContext=LTE01ERBS00002,ManagedElement=1,ENodeBFunction=1,EUtraNetwork=1,ExternalENodeBFunction=6,ExternalEUtranCellFDD=3</attr>
    <attr name="anrCreated">false</attr>
    <attr name="isHoAllowed">true</attr>
  </mo>
  <mo fdn="SubNetwork=ONRM_RootMo_R,MeContext=LTE01ERBS00002,ManagedElement=1,ENodeBFunction=1,EUtranCellFDD=LTE01ERBS00002-4,EUtranFreqRelation=2,EUtranCellRelation=13" lastModified="1287504806834" mimName="ERBS_NODE_MODEL" mimVersion="A.9.50.J.9.1">
    <attr name="isRemoveAllowed">false</attr>
    <attr name="neighborCellRef">SubNetwork=ONRM_RootMo_R,MeContext=LTE01ERBS00002,ManagedElement=1,ENodeBFunction=1,EUtraNetwork=1,ExternalENodeBFunction=6,ExternalEUtranCellFDD=4</attr>
    <attr name="anrCreated">false</attr>
    <attr name="isHoAllowed">true</attr>
  </mo>
  <mo fdn="SubNetwork=ONRM_RootMo_R,MeContext=LTE01ERBS00002,ManagedElement=1,ENodeBFunction=1,EUtranCellFDD=LTE01ERBS00002-4,EUtranFreqRelation=2,EUtranCellRelation=16" lastModified="1287501708294" mimName="ERBS_NODE_MODEL" mimVersion="A.9.50.J.9.1">
    <attr name="isRemoveAllowed">false</attr>
    <attr name="neighborCellRef">SubNetwork=ONRM_RootMo_R,MeContext=LTE01ERBS00002,ManagedElement=1,ENodeBFunction=1,EUtraNetwork=1,ExternalENodeBFunction=8,ExternalEUtranCellFDD=3</attr>
    <attr name="anrCreated">false</attr>
    <attr name="isHoAllowed">true</attr>
  </mo>
  <mo fdn="SubNetwork=ONRM_RootMo_R,MeContext=LTE01ERBS00002,ManagedElement=1,ENodeBFunction=1,EUtranCellFDD=LTE01ERBS00002-4,EUtranFreqRelation=2,EUtranCellRelation=17" lastModified="1287501708293" mimName="ERBS_NODE_MODEL" mimVersion="A.9.50.J.9.1">
    <attr name="isRemoveAllowed">false</attr>
    <attr name="neighborCellRef">SubNetwork=ONRM_RootMo_R,MeContext=LTE01ERBS00002,ManagedElement=1,ENodeBFunction=1,EUtraNetwork=1,ExternalENodeBFunction=8,ExternalEUtranCellFDD=4</attr>
    <attr name="anrCreated">false</attr>
    <attr name="isHoAllowed">true</attr>
  </mo>
  <mo fdn="SubNetwork=ONRM_RootMo_R,MeContext=LTE01ERBS00002,ManagedElement=1,ENodeBFunction=1,EUtranCellFDD=LTE01ERBS00002-4,EUtranFreqRelation=2,EUtranCellRelation=2" lastModified="1287501146226" mimName="ERBS_NODE_MODEL" mimVersion="A.9.50.J.9.1">
    <attr name="isRemoveAllowed">false</attr>
    <attr name="neighborCellRef">SubNetwork=ONRM_RootMo_R,MeContext=LTE01ERBS00002,ManagedElement=1,ENodeBFunction=1,EUtranCellFDD=LTE01ERBS00002-2</attr>
    <attr name="anrCreated">false</attr>
    <attr name="isHoAllowed">true</attr>
  </mo>
  <mo fdn="SubNetwork=ONRM_RootMo_R,MeContext=LTE01ERBS00002,ManagedElement=1,ENodeBFunction=1,EUtranCellFDD=LTE01ERBS00002-4,EUtranFreqRelation=2,EUtranCellRelation=20" lastModified="1287501708289" mimName="ERBS_NODE_MODEL" mimVersion="A.9.50.J.9.1">
    <attr name="isRemoveAllowed">false</attr>
    <attr name="neighborCellRef">SubNetwork=ONRM_RootMo_R,MeContext=LTE01ERBS00002,ManagedElement=1,ENodeBFunction=1,EUtraNetwork=1,ExternalENodeBFunction=10,ExternalEUtranCellFDD=3</attr>
    <attr name="anrCreated">false</attr>
    <attr name="isHoAllowed">true</attr>
  </mo>
  <mo fdn="SubNetwork=ONRM_RootMo_R,MeContext=LTE01ERBS00002,ManagedElement=1,ENodeBFunction=1,EUtranCellFDD=LTE01ERBS00002-4,EUtranFreqRelation=2,EUtranCellRelation=21" lastModified="1287501708276" mimName="ERBS_NODE_MODEL" mimVersion="A.9.50.J.9.1">
    <attr name="isRemoveAllowed">false</attr>
    <attr name="neighborCellRef">SubNetwork=ONRM_RootMo_R,MeContext=LTE01ERBS00002,ManagedElement=1,ENodeBFunction=1,EUtraNetwork=1,ExternalENodeBFunction=10,ExternalEUtranCellFDD=4</attr>
    <attr name="anrCreated">false</attr>
    <attr name="isHoAllowed">true</attr>
  </mo>
  <mo fdn="SubNetwork=ONRM_RootMo_R,MeContext=LTE01ERBS00002,ManagedElement=1,ENodeBFunction=1,EUtranCellFDD=LTE01ERBS00002-4,EUtranFreqRelation=2,EUtranCellRelation=24" lastModified="1287504806838" mimName="ERBS_NODE_MODEL" mimVersion="A.9.50.J.9.1">
    <attr name="isRemoveAllowed">false</attr>
    <attr name="neighborCellRef">SubNetwork=ONRM_RootMo_R,MeContext=LTE01ERBS00002,ManagedElement=1,ENodeBFunction=1,EUtraNetwork=1,ExternalENodeBFunction=12,ExternalEUtranCellFDD=3</attr>
    <attr name="anrCreated">false</attr>
    <attr name="isHoAllowed">true</attr>
  </mo>
  <mo fdn="SubNetwork=ONRM_RootMo_R,MeContext=LTE01ERBS00002,ManagedElement=1,ENodeBFunction=1,EUtranCellFDD=LTE01ERBS00002-4,EUtranFreqRelation=2,EUtranCellRelation=25" lastModified="1287504806835" mimName="ERBS_NODE_MODEL" mimVersion="A.9.50.J.9.1">
    <attr name="isRemoveAllowed">false</attr>
    <attr name="neighborCellRef">SubNetwork=ONRM_RootMo_R,MeContext=LTE01ERBS00002,ManagedElement=1,ENodeBFunction=1,EUtraNetwork=1,ExternalENodeBFunction=12,ExternalEUtranCellFDD=4</attr>
    <attr name="anrCreated">false</attr>
    <attr name="isHoAllowed">true</attr>
  </mo>
  <mo fdn="SubNetwork=ONRM_RootMo_R,MeContext=LTE01ERBS00002,ManagedElement=1,ENodeBFunction=1,EUtranCellFDD=LTE01ERBS00002-4,EUtranFreqRelation=2,EUtranCellRelation=28" lastModified="1287504806843" mimName="ERBS_NODE_MODEL" mimVersion="A.9.50.J.9.1">
    <attr name="isRemoveAllowed">false</attr>
    <attr name="neighborCellRef">SubNetwork=ONRM_RootMo_R,MeContext=LTE01ERBS00002,ManagedElement=1,ENodeBFunction=1,EUtraNetwork=1,ExternalENodeBFunction=14,ExternalEUtranCellFDD=3</attr>
    <attr name="anrCreated">false</attr>
    <attr name="isHoAllowed">true</attr>
  </mo>
  <mo fdn="SubNetwork=ONRM_RootMo_R,MeContext=LTE01ERBS00002,ManagedElement=1,ENodeBFunction=1,EUtranCellFDD=LTE01ERBS00002-4,EUtranFreqRelation=2,EUtranCellRelation=29" lastModified="1287504806842" mimName="ERBS_NODE_MODEL" mimVersion="A.9.50.J.9.1">
    <attr name="isRemoveAllowed">false</attr>
    <attr name="neighborCellRef">SubNetwork=ONRM_RootMo_R,MeContext=LTE01ERBS00002,ManagedElement=1,ENodeBFunction=1,EUtraNetwork=1,ExternalENodeBFunction=14,ExternalEUtranCellFDD=4</attr>
    <attr name="anrCreated">false</attr>
    <attr name="isHoAllowed">true</attr>
  </mo>
  <mo fdn="SubNetwork=ONRM_RootMo_R,MeContext=LTE01ERBS00002,ManagedElement=1,ENodeBFunction=1,EUtranCellFDD=LTE01ERBS00002-4,EUtranFreqRelation=2,EUtranCellRelation=3" lastModified="1287501145687" mimName="ERBS_NODE_MODEL" mimVersion="A.9.50.J.9.1">
    <attr name="isRemoveAllowed">false</attr>
    <attr name="neighborCellRef">SubNetwork=ONRM_RootMo_R,MeContext=LTE01ERBS00002,ManagedElement=1,ENodeBFunction=1,EUtranCellFDD=LTE01ERBS00002-3</attr>
    <attr name="anrCreated">false</attr>
    <attr name="isHoAllowed">true</attr>
  </mo>
  <mo fdn="SubNetwork=ONRM_RootMo_R,MeContext=LTE01ERBS00002,ManagedElement=1,ENodeBFunction=1,EUtranCellFDD=LTE01ERBS00002-4,EUtranFreqRelation=2,EUtranCellRelation=32" lastModified="1287504806832" mimName="ERBS_NODE_MODEL" mimVersion="A.9.50.J.9.1">
    <attr name="isRemoveAllowed">false</attr>
    <attr name="neighborCellRef">SubNetwork=ONRM_RootMo_R,MeContext=LTE01ERBS00002,ManagedElement=1,ENodeBFunction=1,EUtraNetwork=1,ExternalENodeBFunction=16,ExternalEUtranCellFDD=3</attr>
    <attr name="anrCreated">false</attr>
    <attr name="isHoAllowed">true</attr>
  </mo>
  <mo fdn="SubNetwork=ONRM_RootMo_R,MeContext=LTE01ERBS00002,ManagedElement=1,ENodeBFunction=1,EUtranCellFDD=LTE01ERBS00002-4,EUtranFreqRelation=2,EUtranCellRelation=33" lastModified="1287504806840" mimName="ERBS_NODE_MODEL" mimVersion="A.9.50.J.9.1">
    <attr name="isRemoveAllowed">false</attr>
    <attr name="neighborCellRef">SubNetwork=ONRM_RootMo_R,MeContext=LTE01ERBS00002,ManagedElement=1,ENodeBFunction=1,EUtraNetwork=1,ExternalENodeBFunction=16,ExternalEUtranCellFDD=4</attr>
    <attr name="anrCreated">false</attr>
    <attr name="isHoAllowed">true</attr>
  </mo>
  <mo fdn="SubNetwork=ONRM_RootMo_R,MeContext=LTE01ERBS00002,ManagedElement=1,ENodeBFunction=1,EUtranCellFDD=LTE01ERBS00002-4,EUtranFreqRelation=2,EUtranCellRelation=8" lastModified="1287501708291" mimName="ERBS_NODE_MODEL" mimVersion="A.9.50.J.9.1">
    <attr name="isRemoveAllowed">false</attr>
    <attr name="neighborCellRef">SubNetwork=ONRM_RootMo_R,MeContext=LTE01ERBS00002,ManagedElement=1,ENodeBFunction=1,EUtraNetwork=1,ExternalENodeBFunction=4,ExternalEUtranCellFDD=3</attr>
    <attr name="anrCreated">false</attr>
    <attr name="isHoAllowed">true</attr>
  </mo>
  <mo fdn="SubNetwork=ONRM_RootMo_R,MeContext=LTE01ERBS00002,ManagedElement=1,ENodeBFunction=1,EUtranCellFDD=LTE01ERBS00002-4,EUtranFreqRelation=2,EUtranCellRelation=9" lastModified="1287501708292" mimName="ERBS_NODE_MODEL" mimVersion="A.9.50.J.9.1">
    <attr name="isRemoveAllowed">false</attr>
    <attr name="neighborCellRef">SubNetwork=ONRM_RootMo_R,MeContext=LTE01ERBS00002,ManagedElement=1,ENodeBFunction=1,EUtraNetwork=1,ExternalENodeBFunction=4,ExternalEUtranCellFDD=4</attr>
    <attr name="anrCreated">false</attr>
    <attr name="isHoAllowed">true</attr>
  </mo>
</model><!-- Generated 139 entries -->