<?xml version="1.0" encoding="UTF-8" standalone="no"?><!-- Generated by nmsadm --><!-- Generated on Thu Oct 28 14:35:44 BST 2010 --><!-- Generated from configuration valid --><!-- Query - Base MO SubNetwork=ONRM_RootMo_R,MeContext=LTE01ERBS00001; Scope 8 --><model>
  <mo fdn="SubNetwork=ONRM_RootMo_R,MeContext=LTE01ERBS00001" lastModified="1288254435548" mimName="ERBS_NODE_MODEL" mimVersion="A.9.50.J.9.1">
    <attr name="MeContextId">LTE01ERBS00001</attr>
    <attr name="neMIMversion">vA.9.40</attr>
    <attr name="siteRef">SubNetwork=ONRM_RootMo_R,Site=LTE01ERBS00001</attr>
    <attr name="userLabel">LTE01ERBS00001</attr>
  </mo>
  <mo fdn="SubNetwork=ONRM_RootMo_R,MeContext=LTE01ERBS00001,ManagedElement=1,ENodeBFunction=1" lastModified="1287501126445" mimName="ERBS_NODE_MODEL" mimVersion="A.9.50.J.9.1">
    <attr name="eNodeBPlmnId">
      <struct>
        <attr name="mcc">310</attr>
        <attr name="mnc">410</attr>
        <attr name="mncLength">2</attr>
      </struct>
    </attr>
    <attr name="eNBId">1</attr>
  </mo>
  <mo fdn="Subnetwork=ONRM_RootMo,MeContext=LTE01ERBS00009,ManagedElement=1,ENodeBFunction=1" lastModified="1287512064543" mimName="ERBS_NODE_MODEL" mimVersion="A.9.50.J.9.1">
    <attr name="EUtranCellFDDId">LTE01ERBS00001-1</attr>
    <attr name="earfcnul">18000</attr>
    <attr name="cellId">1</attr>
    <attr name="tac">1</attr>
    <attr name="bPlmnList">
      <seq count="1">
        <item>
          <struct>
            <attr name="mcc">310</attr>
            <attr name="mnc">38</attr>
            <attr name="mncLength">2</attr>
          </struct>
        </item>
      </seq>
    </attr>
    <attr name="earfcndl">0</attr>
    <attr name="userLabel">LTE01ERBS00001-1</attr>
  </mo>
  <mo fdn="SubNetwork=ONRM_RootMo_R,MeContext=LTE01ERBS00001,ManagedElement=1,ENodeBFunction=1,EUtranCellFDD=LTE01ERBS00001-1,EUtranFreqRelation=1,EUtranCellRelation=1" lastModified="1287501119129" mimName="ERBS_NODE_MODEL" mimVersion="A.9.50.J.9.1">
    <attr name="isRemoveAllowed">false</attr>
    <attr name="neighborCellRef">SubNetwork=ONRM_RootMo_R,MeContext=LTE01ERBS00001,ManagedElement=1,ENodeBFunction=1,EUtranCellFDD=LTE01ERBS00001-2</attr>
    <attr name="anrCreated">false</attr>
    <attr name="isHoAllowed">true</attr>
  </mo>
  <mo fdn="SubNetwork=ONRM_RootMo_R,MeContext=LTE01ERBS00001,ManagedElement=1,ENodeBFunction=1,EUtranCellFDD=LTE01ERBS00001-1,EUtranFreqRelation=1,EUtranCellRelation=10" lastModified="1287504765714" mimName="ERBS_NODE_MODEL" mimVersion="A.9.50.J.9.1">
    <attr name="isRemoveAllowed">false</attr>
    <attr name="neighborCellRef">SubNetwork=ONRM_RootMo_R,MeContext=LTE01ERBS00001,ManagedElement=1,ENodeBFunction=1,EUtraNetwork=1,ExternalENodeBFunction=5,ExternalEUtranCellFDD=1</attr>
    <attr name="anrCreated">false</attr>
    <attr name="isHoAllowed">true</attr>
  </mo>
  <mo fdn="SubNetwork=ONRM_RootMo_R,MeContext=LTE01ERBS00001,ManagedElement=1,ENodeBFunction=1,EUtranCellFDD=LTE01ERBS00001-1,EUtranFreqRelation=1,EUtranCellRelation=11" lastModified="1287504765713" mimName="ERBS_NODE_MODEL" mimVersion="A.9.50.J.9.1">
    <attr name="isRemoveAllowed">false</attr>
    <attr name="neighborCellRef">SubNetwork=ONRM_RootMo_R,MeContext=LTE01ERBS00001,ManagedElement=1,ENodeBFunction=1,EUtraNetwork=1,ExternalENodeBFunction=5,ExternalEUtranCellFDD=2</attr>
    <attr name="anrCreated">false</attr>
    <attr name="isHoAllowed">true</attr>
  </mo>
  <mo fdn="SubNetwork=ONRM_RootMo_R,MeContext=LTE01ERBS00001,ManagedElement=1,ENodeBFunction=1,EUtranCellFDD=LTE01ERBS00001-1,EUtranFreqRelation=1,EUtranCellRelation=14" lastModified="1287504765709" mimName="ERBS_NODE_MODEL" mimVersion="A.9.50.J.9.1">
    <attr name="isRemoveAllowed">false</attr>
    <attr name="neighborCellRef">SubNetwork=ONRM_RootMo_R,MeContext=LTE01ERBS00001,ManagedElement=1,ENodeBFunction=1,EUtraNetwork=1,ExternalENodeBFunction=7,ExternalEUtranCellFDD=1</attr>
    <attr name="anrCreated">false</attr>
    <attr name="isHoAllowed">true</attr>
  </mo>
  <mo fdn="SubNetwork=ONRM_RootMo_R,MeContext=LTE01ERBS00001,ManagedElement=1,ENodeBFunction=1,EUtranCellFDD=LTE01ERBS00001-1,EUtranFreqRelation=1,EUtranCellRelation=15" lastModified="1287504765719" mimName="ERBS_NODE_MODEL" mimVersion="A.9.50.J.9.1">
    <attr name="isRemoveAllowed">false</attr>
    <attr name="neighborCellRef">SubNetwork=ONRM_RootMo_R,MeContext=LTE01ERBS00001,ManagedElement=1,ENodeBFunction=1,EUtraNetwork=1,ExternalENodeBFunction=7,ExternalEUtranCellFDD=2</attr>
    <attr name="anrCreated">false</attr>
    <attr name="isHoAllowed">true</attr>
  </mo>
  <mo fdn="SubNetwork=ONRM_RootMo_R,MeContext=LTE01ERBS00001,ManagedElement=1,ENodeBFunction=1,EUtranCellFDD=LTE01ERBS00001-1,EUtranFreqRelation=1,EUtranCellRelation=18" lastModified="1287504765717" mimName="ERBS_NODE_MODEL" mimVersion="A.9.50.J.9.1">
    <attr name="isRemoveAllowed">false</attr>
    <attr name="neighborCellRef">SubNetwork=ONRM_RootMo_R,MeContext=LTE01ERBS00001,ManagedElement=1,ENodeBFunction=1,EUtraNetwork=1,ExternalENodeBFunction=9,ExternalEUtranCellFDD=1</attr>
    <attr name="anrCreated">false</attr>
    <attr name="isHoAllowed">true</attr>
  </mo>
  <mo fdn="SubNetwork=ONRM_RootMo_R,MeContext=LTE01ERBS00001,ManagedElement=1,ENodeBFunction=1,EUtranCellFDD=LTE01ERBS00001-1,EUtranFreqRelation=1,EUtranCellRelation=19" lastModified="1287504765715" mimName="ERBS_NODE_MODEL" mimVersion="A.9.50.J.9.1">
    <attr name="isRemoveAllowed">false</attr>
    <attr name="neighborCellRef">SubNetwork=ONRM_RootMo_R,MeContext=LTE01ERBS00001,ManagedElement=1,ENodeBFunction=1,EUtraNetwork=1,ExternalENodeBFunction=9,ExternalEUtranCellFDD=2</attr>
    <attr name="anrCreated">false</attr>
    <attr name="isHoAllowed">true</attr>
  </mo>
  <mo fdn="SubNetwork=ONRM_RootMo_R,MeContext=LTE01ERBS00001,ManagedElement=1,ENodeBFunction=1,EUtranCellFDD=LTE01ERBS00001-1,EUtranFreqRelation=1,EUtranCellRelation=2" lastModified="1287501118906" mimName="ERBS_NODE_MODEL" mimVersion="A.9.50.J.9.1">
    <attr name="isRemoveAllowed">false</attr>
    <attr name="neighborCellRef">SubNetwork=ONRM_RootMo_R,MeContext=LTE01ERBS00001,ManagedElement=1,ENodeBFunction=1,EUtranCellFDD=LTE01ERBS00001-3</attr>
    <attr name="anrCreated">false</attr>
    <attr name="isHoAllowed">true</attr>
  </mo>
  <mo fdn="SubNetwork=ONRM_RootMo_R,MeContext=LTE01ERBS00001,ManagedElement=1,ENodeBFunction=1,EUtranCellFDD=LTE01ERBS00001-1,EUtranFreqRelation=1,EUtranCellRelation=22" lastModified="1287504765710" mimName="ERBS_NODE_MODEL" mimVersion="A.9.50.J.9.1">
    <attr name="isRemoveAllowed">false</attr>
    <attr name="neighborCellRef">SubNetwork=ONRM_RootMo_R,MeContext=LTE01ERBS00001,ManagedElement=1,ENodeBFunction=1,EUtraNetwork=1,ExternalENodeBFunction=11,ExternalEUtranCellFDD=1</attr>
    <attr name="anrCreated">false</attr>
    <attr name="isHoAllowed">true</attr>
  </mo>
  <mo fdn="SubNetwork=ONRM_RootMo_R,MeContext=LTE01ERBS00001,ManagedElement=1,ENodeBFunction=1,EUtranCellFDD=LTE01ERBS00001-1,EUtranFreqRelation=1,EUtranCellRelation=23" lastModified="1287504765708" mimName="ERBS_NODE_MODEL" mimVersion="A.9.50.J.9.1">
    <attr name="isRemoveAllowed">false</attr>
    <attr name="neighborCellRef">SubNetwork=ONRM_RootMo_R,MeContext=LTE01ERBS00001,ManagedElement=1,ENodeBFunction=1,EUtraNetwork=1,ExternalENodeBFunction=11,ExternalEUtranCellFDD=2</attr>
    <attr name="anrCreated">false</attr>
    <attr name="isHoAllowed">true</attr>
  </mo>
  <mo fdn="SubNetwork=ONRM_RootMo_R,MeContext=LTE01ERBS00001,ManagedElement=1,ENodeBFunction=1,EUtranCellFDD=LTE01ERBS00001-1,EUtranFreqRelation=1,EUtranCellRelation=26" lastModified="1287504765718" mimName="ERBS_NODE_MODEL" mimVersion="A.9.50.J.9.1">
    <attr name="isRemoveAllowed">false</attr>
    <attr name="neighborCellRef">SubNetwork=ONRM_RootMo_R,MeContext=LTE01ERBS00001,ManagedElement=1,ENodeBFunction=1,EUtraNetwork=1,ExternalENodeBFunction=13,ExternalEUtranCellFDD=1</attr>
    <attr name="anrCreated">false</attr>
    <attr name="isHoAllowed">true</attr>
  </mo>
  <mo fdn="SubNetwork=ONRM_RootMo_R,MeContext=LTE01ERBS00001,ManagedElement=1,ENodeBFunction=1,EUtranCellFDD=LTE01ERBS00001-1,EUtranFreqRelation=1,EUtranCellRelation=27" lastModified="1287504765716" mimName="ERBS_NODE_MODEL" mimVersion="A.9.50.J.9.1">
    <attr name="isRemoveAllowed">false</attr>
    <attr name="neighborCellRef">SubNetwork=ONRM_RootMo_R,MeContext=LTE01ERBS00001,ManagedElement=1,ENodeBFunction=1,EUtraNetwork=1,ExternalENodeBFunction=13,ExternalEUtranCellFDD=2</attr>
    <attr name="anrCreated">false</attr>
    <attr name="isHoAllowed">true</attr>
  </mo>
  <mo fdn="SubNetwork=ONRM_RootMo_R,MeContext=LTE01ERBS00001,ManagedElement=1,ENodeBFunction=1,EUtranCellFDD=LTE01ERBS00001-1,EUtranFreqRelation=1,EUtranCellRelation=3" lastModified="1287501118833" mimName="ERBS_NODE_MODEL" mimVersion="A.9.50.J.9.1">
    <attr name="isRemoveAllowed">false</attr>
    <attr name="neighborCellRef">SubNetwork=ONRM_RootMo_R,MeContext=LTE01ERBS00001,ManagedElement=1,ENodeBFunction=1,EUtranCellFDD=LTE01ERBS00001-4</attr>
    <attr name="anrCreated">false</attr>
    <attr name="isHoAllowed">true</attr>
  </mo>
  <mo fdn="SubNetwork=ONRM_RootMo_R,MeContext=LTE01ERBS00001,ManagedElement=1,ENodeBFunction=1,EUtranCellFDD=LTE01ERBS00001-1,EUtranFreqRelation=1,EUtranCellRelation=30" lastModified="1287504765712" mimName="ERBS_NODE_MODEL" mimVersion="A.9.50.J.9.1">
    <attr name="isRemoveAllowed">false</attr>
    <attr name="neighborCellRef">SubNetwork=ONRM_RootMo_R,MeContext=LTE01ERBS00001,ManagedElement=1,ENodeBFunction=1,EUtraNetwork=1,ExternalENodeBFunction=15,ExternalEUtranCellFDD=1</attr>
    <attr name="anrCreated">false</attr>
    <attr name="isHoAllowed">true</attr>
  </mo>
  <mo fdn="SubNetwork=ONRM_RootMo_R,MeContext=LTE01ERBS00001,ManagedElement=1,ENodeBFunction=1,EUtranCellFDD=LTE01ERBS00001-1,EUtranFreqRelation=1,EUtranCellRelation=31" lastModified="1287504765711" mimName="ERBS_NODE_MODEL" mimVersion="A.9.50.J.9.1">
    <attr name="isRemoveAllowed">false</attr>
    <attr name="neighborCellRef">SubNetwork=ONRM_RootMo_R,MeContext=LTE01ERBS00001,ManagedElement=1,ENodeBFunction=1,EUtraNetwork=1,ExternalENodeBFunction=15,ExternalEUtranCellFDD=2</attr>
    <attr name="anrCreated">false</attr>
    <attr name="isHoAllowed">true</attr>
  </mo>
  <mo fdn="SubNetwork=ONRM_RootMo_R,MeContext=LTE01ERBS00001,ManagedElement=1,ENodeBFunction=1,EUtranCellFDD=LTE01ERBS00001-1,EUtranFreqRelation=1,EUtranCellRelation=6" lastModified="1287501709673" mimName="ERBS_NODE_MODEL" mimVersion="A.9.50.J.9.1">
    <attr name="isRemoveAllowed">false</attr>
    <attr name="neighborCellRef">SubNetwork=ONRM_RootMo_R,MeContext=LTE01ERBS00001,ManagedElement=1,ENodeBFunction=1,EUtraNetwork=1,ExternalENodeBFunction=3,ExternalEUtranCellFDD=1</attr>
    <attr name="anrCreated">false</attr>
    <attr name="isHoAllowed">true</attr>
  </mo>
  <mo fdn="SubNetwork=ONRM_RootMo_R,MeContext=LTE01ERBS00001,ManagedElement=1,ENodeBFunction=1,EUtranCellFDD=LTE01ERBS00001-1,EUtranFreqRelation=1,EUtranCellRelation=7" lastModified="1287501709686" mimName="ERBS_NODE_MODEL" mimVersion="A.9.50.J.9.1">
    <attr name="isRemoveAllowed">false</attr>
    <attr name="neighborCellRef">SubNetwork=ONRM_RootMo_R,MeContext=LTE01ERBS00001,ManagedElement=1,ENodeBFunction=1,EUtraNetwork=1,ExternalENodeBFunction=3,ExternalEUtranCellFDD=2</attr>
    <attr name="anrCreated">false</attr>
    <attr name="isHoAllowed">true</attr>
  </mo>
  <mo fdn="SubNetwork=ONRM_RootMo_R,MeContext=LTE01ERBS00001,ManagedElement=1,ENodeBFunction=1,EUtranCellFDD=LTE01ERBS00001-1,EUtranFreqRelation=2,EUtranCellRelation=12" lastModified="1287504765682" mimName="ERBS_NODE_MODEL" mimVersion="A.9.50.J.9.1">
    <attr name="isRemoveAllowed">false</attr>
    <attr name="neighborCellRef">SubNetwork=ONRM_RootMo_R,MeContext=LTE01ERBS00001,ManagedElement=1,ENodeBFunction=1,EUtraNetwork=1,ExternalENodeBFunction=6,ExternalEUtranCellFDD=1</attr>
    <attr name="anrCreated">false</attr>
    <attr name="isHoAllowed">true</attr>
  </mo>
  <mo fdn="SubNetwork=ONRM_RootMo_R,MeContext=LTE01ERBS00001,ManagedElement=1,ENodeBFunction=1,EUtranCellFDD=LTE01ERBS00001-1,EUtranFreqRelation=2,EUtranCellRelation=13" lastModified="1287504765680" mimName="ERBS_NODE_MODEL" mimVersion="A.9.50.J.9.1">
    <attr name="isRemoveAllowed">false</attr>
    <attr name="neighborCellRef">SubNetwork=ONRM_RootMo_R,MeContext=LTE01ERBS00001,ManagedElement=1,ENodeBFunction=1,EUtraNetwork=1,ExternalENodeBFunction=6,ExternalEUtranCellFDD=2</attr>
    <attr name="anrCreated">false</attr>
    <attr name="isHoAllowed">true</attr>
  </mo>
  <mo fdn="SubNetwork=ONRM_RootMo_R,MeContext=LTE01ERBS00001,ManagedElement=1,ENodeBFunction=1,EUtranCellFDD=LTE01ERBS00001-1,EUtranFreqRelation=2,EUtranCellRelation=16" lastModified="1287504765702" mimName="ERBS_NODE_MODEL" mimVersion="A.9.50.J.9.1">
    <attr name="isRemoveAllowed">false</attr>
    <attr name="neighborCellRef">SubNetwork=ONRM_RootMo_R,MeContext=LTE01ERBS00001,ManagedElement=1,ENodeBFunction=1,EUtraNetwork=1,ExternalENodeBFunction=8,ExternalEUtranCellFDD=1</attr>
    <attr name="anrCreated">false</attr>
    <attr name="isHoAllowed">true</attr>
  </mo>
  <mo fdn="SubNetwork=ONRM_RootMo_R,MeContext=LTE01ERBS00001,ManagedElement=1,ENodeBFunction=1,EUtranCellFDD=LTE01ERBS00001-1,EUtranFreqRelation=2,EUtranCellRelation=17" lastModified="1287504765701" mimName="ERBS_NODE_MODEL" mimVersion="A.9.50.J.9.1">
    <attr name="isRemoveAllowed">false</attr>
    <attr name="neighborCellRef">SubNetwork=ONRM_RootMo_R,MeContext=LTE01ERBS00001,ManagedElement=1,ENodeBFunction=1,EUtraNetwork=1,ExternalENodeBFunction=8,ExternalEUtranCellFDD=2</attr>
    <attr name="anrCreated">false</attr>
    <attr name="isHoAllowed">true</attr>
  </mo>
  <mo fdn="SubNetwork=ONRM_RootMo_R,MeContext=LTE01ERBS00001,ManagedElement=1,ENodeBFunction=1,EUtranCellFDD=LTE01ERBS00001-1,EUtranFreqRelation=2,EUtranCellRelation=20" lastModified="1287504765693" mimName="ERBS_NODE_MODEL" mimVersion="A.9.50.J.9.1">
    <attr name="isRemoveAllowed">false</attr>
    <attr name="neighborCellRef">SubNetwork=ONRM_RootMo_R,MeContext=LTE01ERBS00001,ManagedElement=1,ENodeBFunction=1,EUtraNetwork=1,ExternalENodeBFunction=10,ExternalEUtranCellFDD=1</attr>
    <attr name="anrCreated">false</attr>
    <attr name="isHoAllowed">true</attr>
  </mo>
  <mo fdn="SubNetwork=ONRM_RootMo_R,MeContext=LTE01ERBS00001,ManagedElement=1,ENodeBFunction=1,EUtranCellFDD=LTE01ERBS00001-1,EUtranFreqRelation=2,EUtranCellRelation=21" lastModified="1287504765691" mimName="ERBS_NODE_MODEL" mimVersion="A.9.50.J.9.1">
    <attr name="isRemoveAllowed">false</attr>
    <attr name="neighborCellRef">SubNetwork=ONRM_RootMo_R,MeContext=LTE01ERBS00001,ManagedElement=1,ENodeBFunction=1,EUtraNetwork=1,ExternalENodeBFunction=10,ExternalEUtranCellFDD=2</attr>
    <attr name="anrCreated">false</attr>
    <attr name="isHoAllowed">true</attr>
  </mo>
  <mo fdn="SubNetwork=ONRM_RootMo_R,MeContext=LTE01ERBS00001,ManagedElement=1,ENodeBFunction=1,EUtranCellFDD=LTE01ERBS00001-1,EUtranFreqRelation=2,EUtranCellRelation=24" lastModified="1287504765689" mimName="ERBS_NODE_MODEL" mimVersion="A.9.50.J.9.1">
    <attr name="isRemoveAllowed">false</attr>
    <attr name="neighborCellRef">SubNetwork=ONRM_RootMo_R,MeContext=LTE01ERBS00001,ManagedElement=1,ENodeBFunction=1,EUtraNetwork=1,ExternalENodeBFunction=12,ExternalEUtranCellFDD=1</attr>
    <attr name="anrCreated">false</attr>
    <attr name="isHoAllowed">true</attr>
  </mo>
  <mo fdn="SubNetwork=ONRM_RootMo_R,MeContext=LTE01ERBS00001,ManagedElement=1,ENodeBFunction=1,EUtranCellFDD=LTE01ERBS00001-1,EUtranFreqRelation=2,EUtranCellRelation=25" lastModified="1287504765686" mimName="ERBS_NODE_MODEL" mimVersion="A.9.50.J.9.1">
    <attr name="isRemoveAllowed">false</attr>
    <attr name="neighborCellRef">SubNetwork=ONRM_RootMo_R,MeContext=LTE01ERBS00001,ManagedElement=1,ENodeBFunction=1,EUtraNetwork=1,ExternalENodeBFunction=12,ExternalEUtranCellFDD=2</attr>
    <attr name="anrCreated">false</attr>
    <attr name="isHoAllowed">true</attr>
  </mo>
  <mo fdn="SubNetwork=ONRM_RootMo_R,MeContext=LTE01ERBS00001,ManagedElement=1,ENodeBFunction=1,EUtranCellFDD=LTE01ERBS00001-1,EUtranFreqRelation=2,EUtranCellRelation=28" lastModified="1287504765704" mimName="ERBS_NODE_MODEL" mimVersion="A.9.50.J.9.1">
    <attr name="isRemoveAllowed">false</attr>
    <attr name="neighborCellRef">SubNetwork=ONRM_RootMo_R,MeContext=LTE01ERBS00001,ManagedElement=1,ENodeBFunction=1,EUtraNetwork=1,ExternalENodeBFunction=14,ExternalEUtranCellFDD=1</attr>
    <attr name="anrCreated">false</attr>
    <attr name="isHoAllowed">true</attr>
  </mo>
  <mo fdn="SubNetwork=ONRM_RootMo_R,MeContext=LTE01ERBS00001,ManagedElement=1,ENodeBFunction=1,EUtranCellFDD=LTE01ERBS00001-1,EUtranFreqRelation=2,EUtranCellRelation=29" lastModified="1287504765703" mimName="ERBS_NODE_MODEL" mimVersion="A.9.50.J.9.1">
    <attr name="isRemoveAllowed">false</attr>
    <attr name="neighborCellRef">SubNetwork=ONRM_RootMo_R,MeContext=LTE01ERBS00001,ManagedElement=1,ENodeBFunction=1,EUtraNetwork=1,ExternalENodeBFunction=14,ExternalEUtranCellFDD=2</attr>
    <attr name="anrCreated">false</attr>
    <attr name="isHoAllowed">true</attr>
  </mo>
  <mo fdn="SubNetwork=ONRM_RootMo_R,MeContext=LTE01ERBS00001,ManagedElement=1,ENodeBFunction=1,EUtranCellFDD=LTE01ERBS00001-1,EUtranFreqRelation=2,EUtranCellRelation=32" lastModified="1287504765678" mimName="ERBS_NODE_MODEL" mimVersion="A.9.50.J.9.1">
    <attr name="isRemoveAllowed">false</attr>
    <attr name="neighborCellRef">SubNetwork=ONRM_RootMo_R,MeContext=LTE01ERBS00001,ManagedElement=1,ENodeBFunction=1,EUtraNetwork=1,ExternalENodeBFunction=16,ExternalEUtranCellFDD=1</attr>
    <attr name="anrCreated">false</attr>
    <attr name="isHoAllowed">true</attr>
  </mo>
  <mo fdn="SubNetwork=ONRM_RootMo_R,MeContext=LTE01ERBS00001,ManagedElement=1,ENodeBFunction=1,EUtranCellFDD=LTE01ERBS00001-1,EUtranFreqRelation=2,EUtranCellRelation=33" lastModified="1287504765697" mimName="ERBS_NODE_MODEL" mimVersion="A.9.50.J.9.1">
    <attr name="isRemoveAllowed">false</attr>
    <attr name="neighborCellRef">SubNetwork=ONRM_RootMo_R,MeContext=LTE01ERBS00001,ManagedElement=1,ENodeBFunction=1,EUtraNetwork=1,ExternalENodeBFunction=16,ExternalEUtranCellFDD=2</attr>
    <attr name="anrCreated">false</attr>
    <attr name="isHoAllowed">true</attr>
  </mo>
  <mo fdn="SubNetwork=ONRM_RootMo_R,MeContext=LTE01ERBS00001,ManagedElement=1,ENodeBFunction=1,EUtranCellFDD=LTE01ERBS00001-1,EUtranFreqRelation=2,EUtranCellRelation=4" lastModified="1287504765702" mimName="ERBS_NODE_MODEL" mimVersion="A.9.50.J.9.1">
    <attr name="isRemoveAllowed">false</attr>
    <attr name="neighborCellRef">SubNetwork=ONRM_RootMo_R,MeContext=LTE01ERBS00001,ManagedElement=1,ENodeBFunction=1,EUtraNetwork=1,ExternalENodeBFunction=2,ExternalEUtranCellFDD=1</attr>
    <attr name="anrCreated">false</attr>
    <attr name="isHoAllowed">true</attr>
  </mo>
  <mo fdn="SubNetwork=ONRM_RootMo_R,MeContext=LTE01ERBS00001,ManagedElement=1,ENodeBFunction=1,EUtranCellFDD=LTE01ERBS00001-1,EUtranFreqRelation=2,EUtranCellRelation=5" lastModified="1287504765705" mimName="ERBS_NODE_MODEL" mimVersion="A.9.50.J.9.1">
    <attr name="isRemoveAllowed">false</attr>
    <attr name="neighborCellRef">SubNetwork=ONRM_RootMo_R,MeContext=LTE01ERBS00001,ManagedElement=1,ENodeBFunction=1,EUtraNetwork=1,ExternalENodeBFunction=2,ExternalEUtranCellFDD=2</attr>
    <attr name="anrCreated">false</attr>
    <attr name="isHoAllowed">true</attr>
  </mo>
  <mo fdn="SubNetwork=ONRM_RootMo_R,MeContext=LTE01ERBS00001,ManagedElement=1,ENodeBFunction=1,EUtranCellFDD=LTE01ERBS00001-1,EUtranFreqRelation=2,EUtranCellRelation=8" lastModified="1287504765698" mimName="ERBS_NODE_MODEL" mimVersion="A.9.50.J.9.1">
    <attr name="isRemoveAllowed">false</attr>
    <attr name="neighborCellRef">SubNetwork=ONRM_RootMo_R,MeContext=LTE01ERBS00001,ManagedElement=1,ENodeBFunction=1,EUtraNetwork=1,ExternalENodeBFunction=4,ExternalEUtranCellFDD=1</attr>
    <attr name="anrCreated">false</attr>
    <attr name="isHoAllowed">true</attr>
  </mo>
  <mo fdn="SubNetwork=ONRM_RootMo_R,MeContext=LTE01ERBS00001,ManagedElement=1,ENodeBFunction=1,EUtranCellFDD=LTE01ERBS00001-1,EUtranFreqRelation=2,EUtranCellRelation=9" lastModified="1287504765700" mimName="ERBS_NODE_MODEL" mimVersion="A.9.50.J.9.1">
    <attr name="isRemoveAllowed">false</attr>
    <attr name="neighborCellRef">SubNetwork=ONRM_RootMo_R,MeContext=LTE01ERBS00001,ManagedElement=1,ENodeBFunction=1,EUtraNetwork=1,ExternalENodeBFunction=4,ExternalEUtranCellFDD=2</attr>
    <attr name="anrCreated">false</attr>
    <attr name="isHoAllowed">true</attr>
  </mo>
  <mo fdn="SubNetwork=ONRM_RootMo_R,MeContext=LTE01ERBS00001,ManagedElement=1,ENodeBFunction=1,EUtranCellFDD=LTE01ERBS00001-2" lastModified="1287512064654" mimName="ERBS_NODE_MODEL" mimVersion="A.9.50.J.9.1">
    <attr name="EUtranCellFDDId">LTE01ERBS00001-2</attr>
    <attr name="earfcnul">18000</attr>
    <attr name="cellId">2</attr>
    <attr name="tac">1</attr>
    <attr name="bPlmnList">
      <seq count="1">
        <item>
          <struct>
            <attr name="mcc">310</attr>
            <attr name="mnc">990</attr>
            <attr name="mncLength">2</attr>
          </struct>
        </item>
      </seq>
    </attr>
    <attr name="earfcndl">0</attr>
    <attr name="userLabel">LTE01ERBS00001-2</attr>
  </mo>
  <mo fdn="SubNetwork=ONRM_RootMo_R,MeContext=LTE01ERBS00001,ManagedElement=1,ENodeBFunction=1,EUtranCellFDD=LTE01ERBS00001-2,EUtranFreqRelation=1,EUtranCellRelation=1" lastModified="1287501116129" mimName="ERBS_NODE_MODEL" mimVersion="A.9.50.J.9.1">
    <attr name="isRemoveAllowed">false</attr>
    <attr name="neighborCellRef">SubNetwork=ONRM_RootMo_R,MeContext=LTE01ERBS00001,ManagedElement=1,ENodeBFunction=1,EUtranCellFDD=LTE01ERBS00001-1</attr>
    <attr name="anrCreated">false</attr>
    <attr name="isHoAllowed">true</attr>
  </mo>
  <mo fdn="SubNetwork=ONRM_RootMo_R,MeContext=LTE01ERBS00001,ManagedElement=1,ENodeBFunction=1,EUtranCellFDD=LTE01ERBS00001-2,EUtranFreqRelation=1,EUtranCellRelation=10" lastModified="1287504766132" mimName="ERBS_NODE_MODEL" mimVersion="A.9.50.J.9.1">
    <attr name="isRemoveAllowed">false</attr>
    <attr name="neighborCellRef">SubNetwork=ONRM_RootMo_R,MeContext=LTE01ERBS00001,ManagedElement=1,ENodeBFunction=1,EUtraNetwork=1,ExternalENodeBFunction=5,ExternalEUtranCellFDD=1</attr>
    <attr name="anrCreated">false</attr>
    <attr name="isHoAllowed">true</attr>
  </mo>
  <mo fdn="SubNetwork=ONRM_RootMo_R,MeContext=LTE01ERBS00001,ManagedElement=1,ENodeBFunction=1,EUtranCellFDD=LTE01ERBS00001-2,EUtranFreqRelation=1,EUtranCellRelation=11" lastModified="1287504766131" mimName="ERBS_NODE_MODEL" mimVersion="A.9.50.J.9.1">
    <attr name="isRemoveAllowed">false</attr>
    <attr name="neighborCellRef">SubNetwork=ONRM_RootMo_R,MeContext=LTE01ERBS00001,ManagedElement=1,ENodeBFunction=1,EUtraNetwork=1,ExternalENodeBFunction=5,ExternalEUtranCellFDD=2</attr>
    <attr name="anrCreated">false</attr>
    <attr name="isHoAllowed">true</attr>
  </mo>
  <mo fdn="SubNetwork=ONRM_RootMo_R,MeContext=LTE01ERBS00001,ManagedElement=1,ENodeBFunction=1,EUtranCellFDD=LTE01ERBS00001-2,EUtranFreqRelation=1,EUtranCellRelation=14" lastModified="1287504766124" mimName="ERBS_NODE_MODEL" mimVersion="A.9.50.J.9.1">
    <attr name="isRemoveAllowed">false</attr>
    <attr name="neighborCellRef">SubNetwork=ONRM_RootMo_R,MeContext=LTE01ERBS00001,ManagedElement=1,ENodeBFunction=1,EUtraNetwork=1,ExternalENodeBFunction=7,ExternalEUtranCellFDD=1</attr>
    <attr name="anrCreated">false</attr>
    <attr name="isHoAllowed">true</attr>
  </mo>
  <mo fdn="SubNetwork=ONRM_RootMo_R,MeContext=LTE01ERBS00001,ManagedElement=1,ENodeBFunction=1,EUtranCellFDD=LTE01ERBS00001-2,EUtranFreqRelation=1,EUtranCellRelation=15" lastModified="1287504766138" mimName="ERBS_NODE_MODEL" mimVersion="A.9.50.J.9.1">
    <attr name="isRemoveAllowed">false</attr>
    <attr name="neighborCellRef">SubNetwork=ONRM_RootMo_R,MeContext=LTE01ERBS00001,ManagedElement=1,ENodeBFunction=1,EUtraNetwork=1,ExternalENodeBFunction=7,ExternalEUtranCellFDD=2</attr>
    <attr name="anrCreated">false</attr>
    <attr name="isHoAllowed">true</attr>
  </mo>
  <mo fdn="SubNetwork=ONRM_RootMo_R,MeContext=LTE01ERBS00001,ManagedElement=1,ENodeBFunction=1,EUtranCellFDD=LTE01ERBS00001-2,EUtranFreqRelation=1,EUtranCellRelation=18" lastModified="1287504766135" mimName="ERBS_NODE_MODEL" mimVersion="A.9.50.J.9.1">
    <attr name="isRemoveAllowed">false</attr>
    <attr name="neighborCellRef">SubNetwork=ONRM_RootMo_R,MeContext=LTE01ERBS00001,ManagedElement=1,ENodeBFunction=1,EUtraNetwork=1,ExternalENodeBFunction=9,ExternalEUtranCellFDD=1</attr>
    <attr name="anrCreated">false</attr>
    <attr name="isHoAllowed">true</attr>
  </mo>
  <mo fdn="SubNetwork=ONRM_RootMo_R,MeContext=LTE01ERBS00001,ManagedElement=1,ENodeBFunction=1,EUtranCellFDD=LTE01ERBS00001-2,EUtranFreqRelation=1,EUtranCellRelation=19" lastModified="1287504766133" mimName="ERBS_NODE_MODEL" mimVersion="A.9.50.J.9.1">
    <attr name="isRemoveAllowed">false</attr>
    <attr name="neighborCellRef">SubNetwork=ONRM_RootMo_R,MeContext=LTE01ERBS00001,ManagedElement=1,ENodeBFunction=1,EUtraNetwork=1,ExternalENodeBFunction=9,ExternalEUtranCellFDD=2</attr>
    <attr name="anrCreated">false</attr>
    <attr name="isHoAllowed">true</attr>
  </mo>
  <mo fdn="SubNetwork=ONRM_RootMo_R,MeContext=LTE01ERBS00001,ManagedElement=1,ENodeBFunction=1,EUtranCellFDD=LTE01ERBS00001-2,EUtranFreqRelation=1,EUtranCellRelation=2" lastModified="1287501116025" mimName="ERBS_NODE_MODEL" mimVersion="A.9.50.J.9.1">
    <attr name="isRemoveAllowed">false</attr>
    <attr name="neighborCellRef">SubNetwork=ONRM_RootMo_R,MeContext=LTE01ERBS00001,ManagedElement=1,ENodeBFunction=1,EUtranCellFDD=LTE01ERBS00001-3</attr>
    <attr name="anrCreated">false</attr>
    <attr name="isHoAllowed">true</attr>
  </mo>
  <mo fdn="SubNetwork=ONRM_RootMo_R,MeContext=LTE01ERBS00001,ManagedElement=1,ENodeBFunction=1,EUtranCellFDD=LTE01ERBS00001-2,EUtranFreqRelation=1,EUtranCellRelation=22" lastModified="1287504766126" mimName="ERBS_NODE_MODEL" mimVersion="A.9.50.J.9.1">
    <attr name="isRemoveAllowed">false</attr>
    <attr name="neighborCellRef">SubNetwork=ONRM_RootMo_R,MeContext=LTE01ERBS00001,ManagedElement=1,ENodeBFunction=1,EUtraNetwork=1,ExternalENodeBFunction=11,ExternalEUtranCellFDD=1</attr>
    <attr name="anrCreated">false</attr>
    <attr name="isHoAllowed">true</attr>
  </mo>
  <mo fdn="SubNetwork=ONRM_RootMo_R,MeContext=LTE01ERBS00001,ManagedElement=1,ENodeBFunction=1,EUtranCellFDD=LTE01ERBS00001-2,EUtranFreqRelation=1,EUtranCellRelation=23" lastModified="1287504766121" mimName="ERBS_NODE_MODEL" mimVersion="A.9.50.J.9.1">
    <attr name="isRemoveAllowed">false</attr>
    <attr name="neighborCellRef">SubNetwork=ONRM_RootMo_R,MeContext=LTE01ERBS00001,ManagedElement=1,ENodeBFunction=1,EUtraNetwork=1,ExternalENodeBFunction=11,ExternalEUtranCellFDD=2</attr>
    <attr name="anrCreated">false</attr>
    <attr name="isHoAllowed">true</attr>
  </mo>
  <mo fdn="SubNetwork=ONRM_RootMo_R,MeContext=LTE01ERBS00001,ManagedElement=1,ENodeBFunction=1,EUtranCellFDD=LTE01ERBS00001-2,EUtranFreqRelation=1,EUtranCellRelation=26" lastModified="1287504766137" mimName="ERBS_NODE_MODEL" mimVersion="A.9.50.J.9.1">
    <attr name="isRemoveAllowed">false</attr>
    <attr name="neighborCellRef">SubNetwork=ONRM_RootMo_R,MeContext=LTE01ERBS00001,ManagedElement=1,ENodeBFunction=1,EUtraNetwork=1,ExternalENodeBFunction=13,ExternalEUtranCellFDD=1</attr>
    <attr name="anrCreated">false</attr>
    <attr name="isHoAllowed">true</attr>
  </mo>
  <mo fdn="SubNetwork=ONRM_RootMo_R,MeContext=LTE01ERBS00001,ManagedElement=1,ENodeBFunction=1,EUtranCellFDD=LTE01ERBS00001-2,EUtranFreqRelation=1,EUtranCellRelation=27" lastModified="1287504766134" mimName="ERBS_NODE_MODEL" mimVersion="A.9.50.J.9.1">
    <attr name="isRemoveAllowed">false</attr>
    <attr name="neighborCellRef">SubNetwork=ONRM_RootMo_R,MeContext=LTE01ERBS00001,ManagedElement=1,ENodeBFunction=1,EUtraNetwork=1,ExternalENodeBFunction=13,ExternalEUtranCellFDD=2</attr>
    <attr name="anrCreated">false</attr>
    <attr name="isHoAllowed">true</attr>
  </mo>
  <mo fdn="SubNetwork=ONRM_RootMo_R,MeContext=LTE01ERBS00001,ManagedElement=1,ENodeBFunction=1,EUtranCellFDD=LTE01ERBS00001-2,EUtranFreqRelation=1,EUtranCellRelation=3" lastModified="1287501115899" mimName="ERBS_NODE_MODEL" mimVersion="A.9.50.J.9.1">
    <attr name="isRemoveAllowed">false</attr>
    <attr name="neighborCellRef">SubNetwork=ONRM_RootMo_R,MeContext=LTE01ERBS00001,ManagedElement=1,ENodeBFunction=1,EUtranCellFDD=LTE01ERBS00001-4</attr>
    <attr name="anrCreated">false</attr>
    <attr name="isHoAllowed">true</attr>
  </mo>
  <mo fdn="SubNetwork=ONRM_RootMo_R,MeContext=LTE01ERBS00001,ManagedElement=1,ENodeBFunction=1,EUtranCellFDD=LTE01ERBS00001-2,EUtranFreqRelation=1,EUtranCellRelation=30" lastModified="1287504766130" mimName="ERBS_NODE_MODEL" mimVersion="A.9.50.J.9.1">
    <attr name="isRemoveAllowed">false</attr>
    <attr name="neighborCellRef">SubNetwork=ONRM_RootMo_R,MeContext=LTE01ERBS00001,ManagedElement=1,ENodeBFunction=1,EUtraNetwork=1,ExternalENodeBFunction=15,ExternalEUtranCellFDD=1</attr>
    <attr name="anrCreated">false</attr>
    <attr name="isHoAllowed">true</attr>
  </mo>
  <mo fdn="SubNetwork=ONRM_RootMo_R,MeContext=LTE01ERBS00001,ManagedElement=1,ENodeBFunction=1,EUtranCellFDD=LTE01ERBS00001-2,EUtranFreqRelation=1,EUtranCellRelation=31" lastModified="1287504766128" mimName="ERBS_NODE_MODEL" mimVersion="A.9.50.J.9.1">
    <attr name="isRemoveAllowed">false</attr>
    <attr name="neighborCellRef">SubNetwork=ONRM_RootMo_R,MeContext=LTE01ERBS00001,ManagedElement=1,ENodeBFunction=1,EUtraNetwork=1,ExternalENodeBFunction=15,ExternalEUtranCellFDD=2</attr>
    <attr name="anrCreated">false</attr>
    <attr name="isHoAllowed">true</attr>
  </mo>
  <mo fdn="SubNetwork=ONRM_RootMo_R,MeContext=LTE01ERBS00001,ManagedElement=1,ENodeBFunction=1,EUtranCellFDD=LTE01ERBS00001-2,EUtranFreqRelation=1,EUtranCellRelation=6" lastModified="1287501709501" mimName="ERBS_NODE_MODEL" mimVersion="A.9.50.J.9.1">
    <attr name="isRemoveAllowed">false</attr>
    <attr name="neighborCellRef">SubNetwork=ONRM_RootMo_R,MeContext=LTE01ERBS00001,ManagedElement=1,ENodeBFunction=1,EUtraNetwork=1,ExternalENodeBFunction=3,ExternalEUtranCellFDD=1</attr>
    <attr name="anrCreated">false</attr>
    <attr name="isHoAllowed">true</attr>
  </mo>
  <mo fdn="SubNetwork=ONRM_RootMo_R,MeContext=LTE01ERBS00001,ManagedElement=1,ENodeBFunction=1,EUtranCellFDD=LTE01ERBS00001-2,EUtranFreqRelation=1,EUtranCellRelation=7" lastModified="1287501709512" mimName="ERBS_NODE_MODEL" mimVersion="A.9.50.J.9.1">
    <attr name="isRemoveAllowed">false</attr>
    <attr name="neighborCellRef">SubNetwork=ONRM_RootMo_R,MeContext=LTE01ERBS00001,ManagedElement=1,ENodeBFunction=1,EUtraNetwork=1,ExternalENodeBFunction=3,ExternalEUtranCellFDD=2</attr>
    <attr name="anrCreated">false</attr>
    <attr name="isHoAllowed">true</attr>
  </mo>
  <mo fdn="SubNetwork=ONRM_RootMo_R,MeContext=LTE01ERBS00001,ManagedElement=1,ENodeBFunction=1,EUtranCellFDD=LTE01ERBS00001-2,EUtranFreqRelation=2,EUtranCellRelation=12" lastModified="1287504766086" mimName="ERBS_NODE_MODEL" mimVersion="A.9.50.J.9.1">
    <attr name="isRemoveAllowed">false</attr>
    <attr name="neighborCellRef">SubNetwork=ONRM_RootMo_R,MeContext=LTE01ERBS00001,ManagedElement=1,ENodeBFunction=1,EUtraNetwork=1,ExternalENodeBFunction=6,ExternalEUtranCellFDD=1</attr>
    <attr name="anrCreated">false</attr>
    <attr name="isHoAllowed">true</attr>
  </mo>
  <mo fdn="SubNetwork=ONRM_RootMo_R,MeContext=LTE01ERBS00001,ManagedElement=1,ENodeBFunction=1,EUtranCellFDD=LTE01ERBS00001-2,EUtranFreqRelation=2,EUtranCellRelation=13" lastModified="1287504766084" mimName="ERBS_NODE_MODEL" mimVersion="A.9.50.J.9.1">
    <attr name="isRemoveAllowed">false</attr>
    <attr name="neighborCellRef">SubNetwork=ONRM_RootMo_R,MeContext=LTE01ERBS00001,ManagedElement=1,ENodeBFunction=1,EUtraNetwork=1,ExternalENodeBFunction=6,ExternalEUtranCellFDD=2</attr>
    <attr name="anrCreated">false</attr>
    <attr name="isHoAllowed">true</attr>
  </mo>
  <mo fdn="SubNetwork=ONRM_RootMo_R,MeContext=LTE01ERBS00001,ManagedElement=1,ENodeBFunction=1,EUtranCellFDD=LTE01ERBS00001-2,EUtranFreqRelation=2,EUtranCellRelation=16" lastModified="1287504766104" mimName="ERBS_NODE_MODEL" mimVersion="A.9.50.J.9.1">
    <attr name="isRemoveAllowed">false</attr>
    <attr name="neighborCellRef">SubNetwork=ONRM_RootMo_R,MeContext=LTE01ERBS00001,ManagedElement=1,ENodeBFunction=1,EUtraNetwork=1,ExternalENodeBFunction=8,ExternalEUtranCellFDD=1</attr>
    <attr name="anrCreated">false</attr>
    <attr name="isHoAllowed">true</attr>
  </mo>
  <mo fdn="SubNetwork=ONRM_RootMo_R,MeContext=LTE01ERBS00001,ManagedElement=1,ENodeBFunction=1,EUtranCellFDD=LTE01ERBS00001-2,EUtranFreqRelation=2,EUtranCellRelation=17" lastModified="1287504766099" mimName="ERBS_NODE_MODEL" mimVersion="A.9.50.J.9.1">
    <attr name="isRemoveAllowed">false</attr>
    <attr name="neighborCellRef">SubNetwork=ONRM_RootMo_R,MeContext=LTE01ERBS00001,ManagedElement=1,ENodeBFunction=1,EUtraNetwork=1,ExternalENodeBFunction=8,ExternalEUtranCellFDD=2</attr>
    <attr name="anrCreated">false</attr>
    <attr name="isHoAllowed">true</attr>
  </mo>
  <mo fdn="SubNetwork=ONRM_RootMo_R,MeContext=LTE01ERBS00001,ManagedElement=1,ENodeBFunction=1,EUtranCellFDD=LTE01ERBS00001-2,EUtranFreqRelation=2,EUtranCellRelation=20" lastModified="1287504766093" mimName="ERBS_NODE_MODEL" mimVersion="A.9.50.J.9.1">
    <attr name="isRemoveAllowed">false</attr>
    <attr name="neighborCellRef">SubNetwork=ONRM_RootMo_R,MeContext=LTE01ERBS00001,ManagedElement=1,ENodeBFunction=1,EUtraNetwork=1,ExternalENodeBFunction=10,ExternalEUtranCellFDD=1</attr>
    <attr name="anrCreated">false</attr>
    <attr name="isHoAllowed">true</attr>
  </mo>
  <mo fdn="SubNetwork=ONRM_RootMo_R,MeContext=LTE01ERBS00001,ManagedElement=1,ENodeBFunction=1,EUtranCellFDD=LTE01ERBS00001-2,EUtranFreqRelation=2,EUtranCellRelation=21" lastModified="1287504766090" mimName="ERBS_NODE_MODEL" mimVersion="A.9.50.J.9.1">
    <attr name="isRemoveAllowed">false</attr>
    <attr name="neighborCellRef">SubNetwork=ONRM_RootMo_R,MeContext=LTE01ERBS00001,ManagedElement=1,ENodeBFunction=1,EUtraNetwork=1,ExternalENodeBFunction=10,ExternalEUtranCellFDD=2</attr>
    <attr name="anrCreated">false</attr>
    <attr name="isHoAllowed">true</attr>
  </mo>
  <mo fdn="SubNetwork=ONRM_RootMo_R,MeContext=LTE01ERBS00001,ManagedElement=1,ENodeBFunction=1,EUtranCellFDD=LTE01ERBS00001-2,EUtranFreqRelation=2,EUtranCellRelation=24" lastModified="1287504766088" mimName="ERBS_NODE_MODEL" mimVersion="A.9.50.J.9.1">
    <attr name="isRemoveAllowed">false</attr>
    <attr name="neighborCellRef">SubNetwork=ONRM_RootMo_R,MeContext=LTE01ERBS00001,ManagedElement=1,ENodeBFunction=1,EUtraNetwork=1,ExternalENodeBFunction=12,ExternalEUtranCellFDD=1</attr>
    <attr name="anrCreated">false</attr>
    <attr name="isHoAllowed">true</attr>
  </mo>
  <mo fdn="SubNetwork=ONRM_RootMo_R,MeContext=LTE01ERBS00001,ManagedElement=1,ENodeBFunction=1,EUtranCellFDD=LTE01ERBS00001-2,EUtranFreqRelation=2,EUtranCellRelation=25" lastModified="1287504766087" mimName="ERBS_NODE_MODEL" mimVersion="A.9.50.J.9.1">
    <attr name="isRemoveAllowed">false</attr>
    <attr name="neighborCellRef">SubNetwork=ONRM_RootMo_R,MeContext=LTE01ERBS00001,ManagedElement=1,ENodeBFunction=1,EUtraNetwork=1,ExternalENodeBFunction=12,ExternalEUtranCellFDD=2</attr>
    <attr name="anrCreated">false</attr>
    <attr name="isHoAllowed">true</attr>
  </mo>
  <mo fdn="SubNetwork=ONRM_RootMo_R,MeContext=LTE01ERBS00001,ManagedElement=1,ENodeBFunction=1,EUtranCellFDD=LTE01ERBS00001-2,EUtranFreqRelation=2,EUtranCellRelation=28" lastModified="1287504766113" mimName="ERBS_NODE_MODEL" mimVersion="A.9.50.J.9.1">
    <attr name="isRemoveAllowed">false</attr>
    <attr name="neighborCellRef">SubNetwork=ONRM_RootMo_R,MeContext=LTE01ERBS00001,ManagedElement=1,ENodeBFunction=1,EUtraNetwork=1,ExternalENodeBFunction=14,ExternalEUtranCellFDD=1</attr>
    <attr name="anrCreated">false</attr>
    <attr name="isHoAllowed">true</attr>
  </mo>
  <mo fdn="SubNetwork=ONRM_RootMo_R,MeContext=LTE01ERBS00001,ManagedElement=1,ENodeBFunction=1,EUtranCellFDD=LTE01ERBS00001-2,EUtranFreqRelation=2,EUtranCellRelation=29" lastModified="1287504766109" mimName="ERBS_NODE_MODEL" mimVersion="A.9.50.J.9.1">
    <attr name="isRemoveAllowed">false</attr>
    <attr name="neighborCellRef">SubNetwork=ONRM_RootMo_R,MeContext=LTE01ERBS00001,ManagedElement=1,ENodeBFunction=1,EUtraNetwork=1,ExternalENodeBFunction=14,ExternalEUtranCellFDD=2</attr>
    <attr name="anrCreated">false</attr>
    <attr name="isHoAllowed">true</attr>
  </mo>
  <mo fdn="SubNetwork=ONRM_RootMo_R,MeContext=LTE01ERBS00001,ManagedElement=1,ENodeBFunction=1,EUtranCellFDD=LTE01ERBS00001-2,EUtranFreqRelation=2,EUtranCellRelation=32" lastModified="1287504766018" mimName="ERBS_NODE_MODEL" mimVersion="A.9.50.J.9.1">
    <attr name="isRemoveAllowed">false</attr>
    <attr name="neighborCellRef">SubNetwork=ONRM_RootMo_R,MeContext=LTE01ERBS00001,ManagedElement=1,ENodeBFunction=1,EUtraNetwork=1,ExternalENodeBFunction=16,ExternalEUtranCellFDD=1</attr>
    <attr name="anrCreated">false</attr>
    <attr name="isHoAllowed">true</attr>
  </mo>
  <mo fdn="SubNetwork=ONRM_RootMo_R,MeContext=LTE01ERBS00001,ManagedElement=1,ENodeBFunction=1,EUtranCellFDD=LTE01ERBS00001-2,EUtranFreqRelation=2,EUtranCellRelation=33" lastModified="1287504766095" mimName="ERBS_NODE_MODEL" mimVersion="A.9.50.J.9.1">
    <attr name="isRemoveAllowed">false</attr>
    <attr name="neighborCellRef">SubNetwork=ONRM_RootMo_R,MeContext=LTE01ERBS00001,ManagedElement=1,ENodeBFunction=1,EUtraNetwork=1,ExternalENodeBFunction=16,ExternalEUtranCellFDD=2</attr>
    <attr name="anrCreated">false</attr>
    <attr name="isHoAllowed">true</attr>
  </mo>
  <mo fdn="SubNetwork=ONRM_RootMo_R,MeContext=LTE01ERBS00001,ManagedElement=1,ENodeBFunction=1,EUtranCellFDD=LTE01ERBS00001-2,EUtranFreqRelation=2,EUtranCellRelation=4" lastModified="1287504766101" mimName="ERBS_NODE_MODEL" mimVersion="A.9.50.J.9.1">
    <attr name="isRemoveAllowed">false</attr>
    <attr name="neighborCellRef">SubNetwork=ONRM_RootMo_R,MeContext=LTE01ERBS00001,ManagedElement=1,ENodeBFunction=1,EUtraNetwork=1,ExternalENodeBFunction=2,ExternalEUtranCellFDD=1</attr>
    <attr name="anrCreated">false</attr>
    <attr name="isHoAllowed">true</attr>
  </mo>
  <mo fdn="SubNetwork=ONRM_RootMo_R,MeContext=LTE01ERBS00001,ManagedElement=1,ENodeBFunction=1,EUtranCellFDD=LTE01ERBS00001-2,EUtranFreqRelation=2,EUtranCellRelation=5" lastModified="1287504766116" mimName="ERBS_NODE_MODEL" mimVersion="A.9.50.J.9.1">
    <attr name="isRemoveAllowed">false</attr>
    <attr name="neighborCellRef">SubNetwork=ONRM_RootMo_R,MeContext=LTE01ERBS00001,ManagedElement=1,ENodeBFunction=1,EUtraNetwork=1,ExternalENodeBFunction=2,ExternalEUtranCellFDD=2</attr>
    <attr name="anrCreated">false</attr>
    <attr name="isHoAllowed">true</attr>
  </mo>
  <mo fdn="SubNetwork=ONRM_RootMo_R,MeContext=LTE01ERBS00001,ManagedElement=1,ENodeBFunction=1,EUtranCellFDD=LTE01ERBS00001-2,EUtranFreqRelation=2,EUtranCellRelation=8" lastModified="1287504766096" mimName="ERBS_NODE_MODEL" mimVersion="A.9.50.J.9.1">
    <attr name="isRemoveAllowed">false</attr>
    <attr name="neighborCellRef">SubNetwork=ONRM_RootMo_R,MeContext=LTE01ERBS00001,ManagedElement=1,ENodeBFunction=1,EUtraNetwork=1,ExternalENodeBFunction=4,ExternalEUtranCellFDD=1</attr>
    <attr name="anrCreated">false</attr>
    <attr name="isHoAllowed">true</attr>
  </mo>
  <mo fdn="SubNetwork=ONRM_RootMo_R,MeContext=LTE01ERBS00001,ManagedElement=1,ENodeBFunction=1,EUtranCellFDD=LTE01ERBS00001-2,EUtranFreqRelation=2,EUtranCellRelation=9" lastModified="1287504766098" mimName="ERBS_NODE_MODEL" mimVersion="A.9.50.J.9.1">
    <attr name="isRemoveAllowed">false</attr>
    <attr name="neighborCellRef">SubNetwork=ONRM_RootMo_R,MeContext=LTE01ERBS00001,ManagedElement=1,ENodeBFunction=1,EUtraNetwork=1,ExternalENodeBFunction=4,ExternalEUtranCellFDD=2</attr>
    <attr name="anrCreated">false</attr>
    <attr name="isHoAllowed">true</attr>
  </mo>
  <mo fdn="SubNetwork=ONRM_RootMo_R,MeContext=LTE01ERBS00001,ManagedElement=1,ENodeBFunction=1,EUtranCellFDD=LTE01ERBS00001-3" lastModified="1287512063852" mimName="ERBS_NODE_MODEL" mimVersion="A.9.50.J.9.1">
    <attr name="EUtranCellFDDId">LTE01ERBS00001-3</attr>
    <attr name="earfcnul">18000</attr>
    <attr name="cellId">3</attr>
    <attr name="tac">1</attr>
    <attr name="bPlmnList">
      <seq count="1">
        <item>
          <struct>
            <attr name="mcc">310</attr>
            <attr name="mnc">560</attr>
            <attr name="mncLength">2</attr>
          </struct>
        </item>
      </seq>
    </attr>
    <attr name="earfcndl">0</attr>
    <attr name="userLabel">LTE01ERBS00001-3</attr>
  </mo>
  <mo fdn="SubNetwork=ONRM_RootMo_R,MeContext=LTE01ERBS00001,ManagedElement=1,ENodeBFunction=1,EUtranCellFDD=LTE01ERBS00001-3,EUtranFreqRelation=1,EUtranCellRelation=1" lastModified="1287501114901" mimName="ERBS_NODE_MODEL" mimVersion="A.9.50.J.9.1">
    <attr name="isRemoveAllowed">false</attr>
    <attr name="neighborCellRef">SubNetwork=ONRM_RootMo_R,MeContext=LTE01ERBS00001,ManagedElement=1,ENodeBFunction=1,EUtranCellFDD=LTE01ERBS00001-1</attr>
    <attr name="anrCreated">false</attr>
    <attr name="isHoAllowed">true</attr>
  </mo>
  <mo fdn="SubNetwork=ONRM_RootMo_R,MeContext=LTE01ERBS00001,ManagedElement=1,ENodeBFunction=1,EUtranCellFDD=LTE01ERBS00001-3,EUtranFreqRelation=1,EUtranCellRelation=10" lastModified="1287504763531" mimName="ERBS_NODE_MODEL" mimVersion="A.9.50.J.9.1">
    <attr name="isRemoveAllowed">false</attr>
    <attr name="neighborCellRef">SubNetwork=ONRM_RootMo_R,MeContext=LTE01ERBS00001,ManagedElement=1,ENodeBFunction=1,EUtraNetwork=1,ExternalENodeBFunction=5,ExternalEUtranCellFDD=3</attr>
    <attr name="anrCreated">false</attr>
    <attr name="isHoAllowed">true</attr>
  </mo>
  <mo fdn="SubNetwork=ONRM_RootMo_R,MeContext=LTE01ERBS00001,ManagedElement=1,ENodeBFunction=1,EUtranCellFDD=LTE01ERBS00001-3,EUtranFreqRelation=1,EUtranCellRelation=11" lastModified="1287504763530" mimName="ERBS_NODE_MODEL" mimVersion="A.9.50.J.9.1">
    <attr name="isRemoveAllowed">false</attr>
    <attr name="neighborCellRef">SubNetwork=ONRM_RootMo_R,MeContext=LTE01ERBS00001,ManagedElement=1,ENodeBFunction=1,EUtraNetwork=1,ExternalENodeBFunction=5,ExternalEUtranCellFDD=4</attr>
    <attr name="anrCreated">false</attr>
    <attr name="isHoAllowed">true</attr>
  </mo>
  <mo fdn="SubNetwork=ONRM_RootMo_R,MeContext=LTE01ERBS00001,ManagedElement=1,ENodeBFunction=1,EUtranCellFDD=LTE01ERBS00001-3,EUtranFreqRelation=1,EUtranCellRelation=14" lastModified="1287504763525" mimName="ERBS_NODE_MODEL" mimVersion="A.9.50.J.9.1">
    <attr name="isRemoveAllowed">false</attr>
    <attr name="neighborCellRef">SubNetwork=ONRM_RootMo_R,MeContext=LTE01ERBS00001,ManagedElement=1,ENodeBFunction=1,EUtraNetwork=1,ExternalENodeBFunction=7,ExternalEUtranCellFDD=3</attr>
    <attr name="anrCreated">false</attr>
    <attr name="isHoAllowed">true</attr>
  </mo>
  <mo fdn="SubNetwork=ONRM_RootMo_R,MeContext=LTE01ERBS00001,ManagedElement=1,ENodeBFunction=1,EUtranCellFDD=LTE01ERBS00001-3,EUtranFreqRelation=1,EUtranCellRelation=15" lastModified="1287504763535" mimName="ERBS_NODE_MODEL" mimVersion="A.9.50.J.9.1">
    <attr name="isRemoveAllowed">false</attr>
    <attr name="neighborCellRef">SubNetwork=ONRM_RootMo_R,MeContext=LTE01ERBS00001,ManagedElement=1,ENodeBFunction=1,EUtraNetwork=1,ExternalENodeBFunction=7,ExternalEUtranCellFDD=4</attr>
    <attr name="anrCreated">false</attr>
    <attr name="isHoAllowed">true</attr>
  </mo>
  <mo fdn="SubNetwork=ONRM_RootMo_R,MeContext=LTE01ERBS00001,ManagedElement=1,ENodeBFunction=1,EUtranCellFDD=LTE01ERBS00001-3,EUtranFreqRelation=1,EUtranCellRelation=18" lastModified="1287504763533" mimName="ERBS_NODE_MODEL" mimVersion="A.9.50.J.9.1">
    <attr name="isRemoveAllowed">false</attr>
    <attr name="neighborCellRef">SubNetwork=ONRM_RootMo_R,MeContext=LTE01ERBS00001,ManagedElement=1,ENodeBFunction=1,EUtraNetwork=1,ExternalENodeBFunction=9,ExternalEUtranCellFDD=3</attr>
    <attr name="anrCreated">false</attr>
    <attr name="isHoAllowed">true</attr>
  </mo>
  <mo fdn="SubNetwork=ONRM_RootMo_R,MeContext=LTE01ERBS00001,ManagedElement=1,ENodeBFunction=1,EUtranCellFDD=LTE01ERBS00001-3,EUtranFreqRelation=1,EUtranCellRelation=19" lastModified="1287504763531" mimName="ERBS_NODE_MODEL" mimVersion="A.9.50.J.9.1">
    <attr name="isRemoveAllowed">false</attr>
    <attr name="neighborCellRef">SubNetwork=ONRM_RootMo_R,MeContext=LTE01ERBS00001,ManagedElement=1,ENodeBFunction=1,EUtraNetwork=1,ExternalENodeBFunction=9,ExternalEUtranCellFDD=4</attr>
    <attr name="anrCreated">false</attr>
    <attr name="isHoAllowed">true</attr>
  </mo>
  <mo fdn="SubNetwork=ONRM_RootMo_R,MeContext=LTE01ERBS00001,ManagedElement=1,ENodeBFunction=1,EUtranCellFDD=LTE01ERBS00001-3,EUtranFreqRelation=1,EUtranCellRelation=2" lastModified="1287501114823" mimName="ERBS_NODE_MODEL" mimVersion="A.9.50.J.9.1">
    <attr name="isRemoveAllowed">false</attr>
    <attr name="neighborCellRef">SubNetwork=ONRM_RootMo_R,MeContext=LTE01ERBS00001,ManagedElement=1,ENodeBFunction=1,EUtranCellFDD=LTE01ERBS00001-2</attr>
    <attr name="anrCreated">false</attr>
    <attr name="isHoAllowed">true</attr>
  </mo>
  <mo fdn="SubNetwork=ONRM_RootMo_R,MeContext=LTE01ERBS00001,ManagedElement=1,ENodeBFunction=1,EUtranCellFDD=LTE01ERBS00001-3,EUtranFreqRelation=1,EUtranCellRelation=22" lastModified="1287504763526" mimName="ERBS_NODE_MODEL" mimVersion="A.9.50.J.9.1">
    <attr name="isRemoveAllowed">false</attr>
    <attr name="neighborCellRef">SubNetwork=ONRM_RootMo_R,MeContext=LTE01ERBS00001,ManagedElement=1,ENodeBFunction=1,EUtraNetwork=1,ExternalENodeBFunction=11,ExternalEUtranCellFDD=3</attr>
    <attr name="anrCreated">false</attr>
    <attr name="isHoAllowed">true</attr>
  </mo>
  <mo fdn="SubNetwork=ONRM_RootMo_R,MeContext=LTE01ERBS00001,ManagedElement=1,ENodeBFunction=1,EUtranCellFDD=LTE01ERBS00001-3,EUtranFreqRelation=1,EUtranCellRelation=23" lastModified="1287504763522" mimName="ERBS_NODE_MODEL" mimVersion="A.9.50.J.9.1">
    <attr name="isRemoveAllowed">false</attr>
    <attr name="neighborCellRef">SubNetwork=ONRM_RootMo_R,MeContext=LTE01ERBS00001,ManagedElement=1,ENodeBFunction=1,EUtraNetwork=1,ExternalENodeBFunction=11,ExternalEUtranCellFDD=4</attr>
    <attr name="anrCreated">false</attr>
    <attr name="isHoAllowed">true</attr>
  </mo>
  <mo fdn="SubNetwork=ONRM_RootMo_R,MeContext=LTE01ERBS00001,ManagedElement=1,ENodeBFunction=1,EUtranCellFDD=LTE01ERBS00001-3,EUtranFreqRelation=1,EUtranCellRelation=26" lastModified="1287504763534" mimName="ERBS_NODE_MODEL" mimVersion="A.9.50.J.9.1">
    <attr name="isRemoveAllowed">false</attr>
    <attr name="neighborCellRef">SubNetwork=ONRM_RootMo_R,MeContext=LTE01ERBS00001,ManagedElement=1,ENodeBFunction=1,EUtraNetwork=1,ExternalENodeBFunction=13,ExternalEUtranCellFDD=3</attr>
    <attr name="anrCreated">false</attr>
    <attr name="isHoAllowed">true</attr>
  </mo>
  <mo fdn="SubNetwork=ONRM_RootMo_R,MeContext=LTE01ERBS00001,ManagedElement=1,ENodeBFunction=1,EUtranCellFDD=LTE01ERBS00001-3,EUtranFreqRelation=1,EUtranCellRelation=27" lastModified="1287504763532" mimName="ERBS_NODE_MODEL" mimVersion="A.9.50.J.9.1">
    <attr name="isRemoveAllowed">false</attr>
    <attr name="neighborCellRef">SubNetwork=ONRM_RootMo_R,MeContext=LTE01ERBS00001,ManagedElement=1,ENodeBFunction=1,EUtraNetwork=1,ExternalENodeBFunction=13,ExternalEUtranCellFDD=4</attr>
    <attr name="anrCreated">false</attr>
    <attr name="isHoAllowed">true</attr>
  </mo>
  <mo fdn="SubNetwork=ONRM_RootMo_R,MeContext=LTE01ERBS00001,ManagedElement=1,ENodeBFunction=1,EUtranCellFDD=LTE01ERBS00001-3,EUtranFreqRelation=1,EUtranCellRelation=3" lastModified="1287501113738" mimName="ERBS_NODE_MODEL" mimVersion="A.9.50.J.9.1">
    <attr name="isRemoveAllowed">false</attr>
    <attr name="neighborCellRef">SubNetwork=ONRM_RootMo_R,MeContext=LTE01ERBS00001,ManagedElement=1,ENodeBFunction=1,EUtranCellFDD=LTE01ERBS00001-4</attr>
    <attr name="anrCreated">false</attr>
    <attr name="isHoAllowed">true</attr>
  </mo>
  <mo fdn="SubNetwork=ONRM_RootMo_R,MeContext=LTE01ERBS00001,ManagedElement=1,ENodeBFunction=1,EUtranCellFDD=LTE01ERBS00001-3,EUtranFreqRelation=1,EUtranCellRelation=30" lastModified="1287504763529" mimName="ERBS_NODE_MODEL" mimVersion="A.9.50.J.9.1">
    <attr name="isRemoveAllowed">false</attr>
    <attr name="neighborCellRef">SubNetwork=ONRM_RootMo_R,MeContext=LTE01ERBS00001,ManagedElement=1,ENodeBFunction=1,EUtraNetwork=1,ExternalENodeBFunction=15,ExternalEUtranCellFDD=3</attr>
    <attr name="anrCreated">false</attr>
    <attr name="isHoAllowed">true</attr>
  </mo>
  <mo fdn="SubNetwork=ONRM_RootMo_R,MeContext=LTE01ERBS00001,ManagedElement=1,ENodeBFunction=1,EUtranCellFDD=LTE01ERBS00001-3,EUtranFreqRelation=1,EUtranCellRelation=31" lastModified="1287504763527" mimName="ERBS_NODE_MODEL" mimVersion="A.9.50.J.9.1">
    <attr name="isRemoveAllowed">false</attr>
    <attr name="neighborCellRef">SubNetwork=ONRM_RootMo_R,MeContext=LTE01ERBS00001,ManagedElement=1,ENodeBFunction=1,EUtraNetwork=1,ExternalENodeBFunction=15,ExternalEUtranCellFDD=4</attr>
    <attr name="anrCreated">false</attr>
    <attr name="isHoAllowed">true</attr>
  </mo>
  <mo fdn="SubNetwork=ONRM_RootMo_R,MeContext=LTE01ERBS00001,ManagedElement=1,ENodeBFunction=1,EUtranCellFDD=LTE01ERBS00001-3,EUtranFreqRelation=1,EUtranCellRelation=6" lastModified="1287501709331" mimName="ERBS_NODE_MODEL" mimVersion="A.9.50.J.9.1">
    <attr name="isRemoveAllowed">false</attr>
    <attr name="neighborCellRef">SubNetwork=ONRM_RootMo_R,MeContext=LTE01ERBS00001,ManagedElement=1,ENodeBFunction=1,EUtraNetwork=1,ExternalENodeBFunction=3,ExternalEUtranCellFDD=3</attr>
    <attr name="anrCreated">false</attr>
    <attr name="isHoAllowed">true</attr>
  </mo>
  <mo fdn="SubNetwork=ONRM_RootMo_R,MeContext=LTE01ERBS00001,ManagedElement=1,ENodeBFunction=1,EUtranCellFDD=LTE01ERBS00001-3,EUtranFreqRelation=1,EUtranCellRelation=7" lastModified="1287501709344" mimName="ERBS_NODE_MODEL" mimVersion="A.9.50.J.9.1">
    <attr name="isRemoveAllowed">false</attr>
    <attr name="neighborCellRef">SubNetwork=ONRM_RootMo_R,MeContext=LTE01ERBS00001,ManagedElement=1,ENodeBFunction=1,EUtraNetwork=1,ExternalENodeBFunction=3,ExternalEUtranCellFDD=4</attr>
    <attr name="anrCreated">false</attr>
    <attr name="isHoAllowed">true</attr>
  </mo>
  <mo fdn="SubNetwork=ONRM_RootMo_R,MeContext=LTE01ERBS00001,ManagedElement=1,ENodeBFunction=1,EUtranCellFDD=LTE01ERBS00001-3,EUtranFreqRelation=2,EUtranCellRelation=12" lastModified="1287504763498" mimName="ERBS_NODE_MODEL" mimVersion="A.9.50.J.9.1">
    <attr name="isRemoveAllowed">false</attr>
    <attr name="neighborCellRef">SubNetwork=ONRM_RootMo_R,MeContext=LTE01ERBS00001,ManagedElement=1,ENodeBFunction=1,EUtraNetwork=1,ExternalENodeBFunction=6,ExternalEUtranCellFDD=3</attr>
    <attr name="anrCreated">false</attr>
    <attr name="isHoAllowed">true</attr>
  </mo>
  <mo fdn="SubNetwork=ONRM_RootMo_R,MeContext=LTE01ERBS00001,ManagedElement=1,ENodeBFunction=1,EUtranCellFDD=LTE01ERBS00001-3,EUtranFreqRelation=2,EUtranCellRelation=13" lastModified="1287504763496" mimName="ERBS_NODE_MODEL" mimVersion="A.9.50.J.9.1">
    <attr name="isRemoveAllowed">false</attr>
    <attr name="neighborCellRef">SubNetwork=ONRM_RootMo_R,MeContext=LTE01ERBS00001,ManagedElement=1,ENodeBFunction=1,EUtraNetwork=1,ExternalENodeBFunction=6,ExternalEUtranCellFDD=4</attr>
    <attr name="anrCreated">false</attr>
    <attr name="isHoAllowed">true</attr>
  </mo>
  <mo fdn="SubNetwork=ONRM_RootMo_R,MeContext=LTE01ERBS00001,ManagedElement=1,ENodeBFunction=1,EUtranCellFDD=LTE01ERBS00001-3,EUtranFreqRelation=2,EUtranCellRelation=16" lastModified="1287504763511" mimName="ERBS_NODE_MODEL" mimVersion="A.9.50.J.9.1">
    <attr name="isRemoveAllowed">false</attr>
    <attr name="neighborCellRef">SubNetwork=ONRM_RootMo_R,MeContext=LTE01ERBS00001,ManagedElement=1,ENodeBFunction=1,EUtraNetwork=1,ExternalENodeBFunction=8,ExternalEUtranCellFDD=3</attr>
    <attr name="anrCreated">false</attr>
    <attr name="isHoAllowed">true</attr>
  </mo>
  <mo fdn="SubNetwork=ONRM_RootMo_R,MeContext=LTE01ERBS00001,ManagedElement=1,ENodeBFunction=1,EUtranCellFDD=LTE01ERBS00001-3,EUtranFreqRelation=2,EUtranCellRelation=17" lastModified="1287504763507" mimName="ERBS_NODE_MODEL" mimVersion="A.9.50.J.9.1">
    <attr name="isRemoveAllowed">false</attr>
    <attr name="neighborCellRef">SubNetwork=ONRM_RootMo_R,MeContext=LTE01ERBS00001,ManagedElement=1,ENodeBFunction=1,EUtraNetwork=1,ExternalENodeBFunction=8,ExternalEUtranCellFDD=4</attr>
    <attr name="anrCreated">false</attr>
    <attr name="isHoAllowed">true</attr>
  </mo>
  <mo fdn="SubNetwork=ONRM_RootMo_R,MeContext=LTE01ERBS00001,ManagedElement=1,ENodeBFunction=1,EUtranCellFDD=LTE01ERBS00001-3,EUtranFreqRelation=2,EUtranCellRelation=20" lastModified="1287504763502" mimName="ERBS_NODE_MODEL" mimVersion="A.9.50.J.9.1">
    <attr name="isRemoveAllowed">false</attr>
    <attr name="neighborCellRef">SubNetwork=ONRM_RootMo_R,MeContext=LTE01ERBS00001,ManagedElement=1,ENodeBFunction=1,EUtraNetwork=1,ExternalENodeBFunction=10,ExternalEUtranCellFDD=3</attr>
    <attr name="anrCreated">false</attr>
    <attr name="isHoAllowed">true</attr>
  </mo>
  <mo fdn="SubNetwork=ONRM_RootMo_R,MeContext=LTE01ERBS00001,ManagedElement=1,ENodeBFunction=1,EUtranCellFDD=LTE01ERBS00001-3,EUtranFreqRelation=2,EUtranCellRelation=21" lastModified="1287504763501" mimName="ERBS_NODE_MODEL" mimVersion="A.9.50.J.9.1">
    <attr name="isRemoveAllowed">false</attr>
    <attr name="neighborCellRef">SubNetwork=ONRM_RootMo_R,MeContext=LTE01ERBS00001,ManagedElement=1,ENodeBFunction=1,EUtraNetwork=1,ExternalENodeBFunction=10,ExternalEUtranCellFDD=4</attr>
    <attr name="anrCreated">false</attr>
    <attr name="isHoAllowed">true</attr>
  </mo>
  <mo fdn="SubNetwork=ONRM_RootMo_R,MeContext=LTE01ERBS00001,ManagedElement=1,ENodeBFunction=1,EUtranCellFDD=LTE01ERBS00001-3,EUtranFreqRelation=2,EUtranCellRelation=24" lastModified="1287504763500" mimName="ERBS_NODE_MODEL" mimVersion="A.9.50.J.9.1">
    <attr name="isRemoveAllowed">false</attr>
    <attr name="neighborCellRef">SubNetwork=ONRM_RootMo_R,MeContext=LTE01ERBS00001,ManagedElement=1,ENodeBFunction=1,EUtraNetwork=1,ExternalENodeBFunction=12,ExternalEUtranCellFDD=3</attr>
    <attr name="anrCreated">false</attr>
    <attr name="isHoAllowed">true</attr>
  </mo>
  <mo fdn="SubNetwork=ONRM_RootMo_R,MeContext=LTE01ERBS00001,ManagedElement=1,ENodeBFunction=1,EUtranCellFDD=LTE01ERBS00001-3,EUtranFreqRelation=2,EUtranCellRelation=25" lastModified="1287504763499" mimName="ERBS_NODE_MODEL" mimVersion="A.9.50.J.9.1">
    <attr name="isRemoveAllowed">false</attr>
    <attr name="neighborCellRef">SubNetwork=ONRM_RootMo_R,MeContext=LTE01ERBS00001,ManagedElement=1,ENodeBFunction=1,EUtraNetwork=1,ExternalENodeBFunction=12,ExternalEUtranCellFDD=4</attr>
    <attr name="anrCreated">false</attr>
    <attr name="isHoAllowed">true</attr>
  </mo>
  <mo fdn="SubNetwork=ONRM_RootMo_R,MeContext=LTE01ERBS00001,ManagedElement=1,ENodeBFunction=1,EUtranCellFDD=LTE01ERBS00001-3,EUtranFreqRelation=2,EUtranCellRelation=28" lastModified="1287504763515" mimName="ERBS_NODE_MODEL" mimVersion="A.9.50.J.9.1">
    <attr name="isRemoveAllowed">false</attr>
    <attr name="neighborCellRef">SubNetwork=ONRM_RootMo_R,MeContext=LTE01ERBS00001,ManagedElement=1,ENodeBFunction=1,EUtraNetwork=1,ExternalENodeBFunction=14,ExternalEUtranCellFDD=3</attr>
    <attr name="anrCreated">false</attr>
    <attr name="isHoAllowed">true</attr>
  </mo>
  <mo fdn="SubNetwork=ONRM_RootMo_R,MeContext=LTE01ERBS00001,ManagedElement=1,ENodeBFunction=1,EUtranCellFDD=LTE01ERBS00001-3,EUtranFreqRelation=2,EUtranCellRelation=29" lastModified="1287504763513" mimName="ERBS_NODE_MODEL" mimVersion="A.9.50.J.9.1">
    <attr name="isRemoveAllowed">false</attr>
    <attr name="neighborCellRef">SubNetwork=ONRM_RootMo_R,MeContext=LTE01ERBS00001,ManagedElement=1,ENodeBFunction=1,EUtraNetwork=1,ExternalENodeBFunction=14,ExternalEUtranCellFDD=4</attr>
    <attr name="anrCreated">false</attr>
    <attr name="isHoAllowed">true</attr>
  </mo>
  <mo fdn="SubNetwork=ONRM_RootMo_R,MeContext=LTE01ERBS00001,ManagedElement=1,ENodeBFunction=1,EUtranCellFDD=LTE01ERBS00001-3,EUtranFreqRelation=2,EUtranCellRelation=32" lastModified="1287504763494" mimName="ERBS_NODE_MODEL" mimVersion="A.9.50.J.9.1">
    <attr name="isRemoveAllowed">false</attr>
    <attr name="neighborCellRef">SubNetwork=ONRM_RootMo_R,MeContext=LTE01ERBS00001,ManagedElement=1,ENodeBFunction=1,EUtraNetwork=1,ExternalENodeBFunction=16,ExternalEUtranCellFDD=3</attr>
    <attr name="anrCreated">false</attr>
    <attr name="isHoAllowed">true</attr>
  </mo>
  <mo fdn="SubNetwork=ONRM_RootMo_R,MeContext=LTE01ERBS00001,ManagedElement=1,ENodeBFunction=1,EUtranCellFDD=LTE01ERBS00001-3,EUtranFreqRelation=2,EUtranCellRelation=33" lastModified="1287504763504" mimName="ERBS_NODE_MODEL" mimVersion="A.9.50.J.9.1">
    <attr name="isRemoveAllowed">false</attr>
    <attr name="neighborCellRef">SubNetwork=ONRM_RootMo_R,MeContext=LTE01ERBS00001,ManagedElement=1,ENodeBFunction=1,EUtraNetwork=1,ExternalENodeBFunction=16,ExternalEUtranCellFDD=4</attr>
    <attr name="anrCreated">false</attr>
    <attr name="isHoAllowed">true</attr>
  </mo>
  <mo fdn="SubNetwork=ONRM_RootMo_R,MeContext=LTE01ERBS00001,ManagedElement=1,ENodeBFunction=1,EUtranCellFDD=LTE01ERBS00001-3,EUtranFreqRelation=2,EUtranCellRelation=4" lastModified="1287504763508" mimName="ERBS_NODE_MODEL" mimVersion="A.9.50.J.9.1">
    <attr name="isRemoveAllowed">false</attr>
    <attr name="neighborCellRef">SubNetwork=ONRM_RootMo_R,MeContext=LTE01ERBS00001,ManagedElement=1,ENodeBFunction=1,EUtraNetwork=1,ExternalENodeBFunction=2,ExternalEUtranCellFDD=3</attr>
    <attr name="anrCreated">false</attr>
    <attr name="isHoAllowed">true</attr>
  </mo>
  <mo fdn="SubNetwork=ONRM_RootMo_R,MeContext=LTE01ERBS00001,ManagedElement=1,ENodeBFunction=1,EUtranCellFDD=LTE01ERBS00001-3,EUtranFreqRelation=2,EUtranCellRelation=5" lastModified="1287504763517" mimName="ERBS_NODE_MODEL" mimVersion="A.9.50.J.9.1">
    <attr name="isRemoveAllowed">false</attr>
    <attr name="neighborCellRef">SubNetwork=ONRM_RootMo_R,MeContext=LTE01ERBS00001,ManagedElement=1,ENodeBFunction=1,EUtraNetwork=1,ExternalENodeBFunction=2,ExternalEUtranCellFDD=4</attr>
    <attr name="anrCreated">false</attr>
    <attr name="isHoAllowed">true</attr>
  </mo>
  <mo fdn="SubNetwork=ONRM_RootMo_R,MeContext=LTE01ERBS00001,ManagedElement=1,ENodeBFunction=1,EUtranCellFDD=LTE01ERBS00001-3,EUtranFreqRelation=2,EUtranCellRelation=8" lastModified="1287504763505" mimName="ERBS_NODE_MODEL" mimVersion="A.9.50.J.9.1">
    <attr name="isRemoveAllowed">false</attr>
    <attr name="neighborCellRef">SubNetwork=ONRM_RootMo_R,MeContext=LTE01ERBS00001,ManagedElement=1,ENodeBFunction=1,EUtraNetwork=1,ExternalENodeBFunction=4,ExternalEUtranCellFDD=3</attr>
    <attr name="anrCreated">false</attr>
    <attr name="isHoAllowed">true</attr>
  </mo>
  <mo fdn="SubNetwork=ONRM_RootMo_R,MeContext=LTE01ERBS00001,ManagedElement=1,ENodeBFunction=1,EUtranCellFDD=LTE01ERBS00001-3,EUtranFreqRelation=2,EUtranCellRelation=9" lastModified="1287504763506" mimName="ERBS_NODE_MODEL" mimVersion="A.9.50.J.9.1">
    <attr name="isRemoveAllowed">false</attr>
    <attr name="neighborCellRef">SubNetwork=ONRM_RootMo_R,MeContext=LTE01ERBS00001,ManagedElement=1,ENodeBFunction=1,EUtraNetwork=1,ExternalENodeBFunction=4,ExternalEUtranCellFDD=4</attr>
    <attr name="anrCreated">false</attr>
    <attr name="isHoAllowed">true</attr>
  </mo>
  <mo fdn="SubNetwork=ONRM_RootMo_R,MeContext=LTE01ERBS00001,ManagedElement=1,ENodeBFunction=1,EUtranCellFDD=LTE01ERBS00001-4" lastModified="1287512064202" mimName="ERBS_NODE_MODEL" mimVersion="A.9.50.J.9.1">
    <attr name="EUtranCellFDDId">LTE01ERBS00001-4</attr>
    <attr name="earfcnul">18000</attr>
    <attr name="cellId">4</attr>
    <attr name="tac">1</attr>
    <attr name="bPlmnList">
      <seq count="1">
        <item>
          <struct>
            <attr name="mcc">310</attr>
            <attr name="mnc">560</attr>
            <attr name="mncLength">2</attr>
          </struct>
        </item>
      </seq>
    </attr>
    <attr name="earfcndl">0</attr>
    <attr name="userLabel">LTE01ERBS00001-4</attr>
  </mo>
  <mo fdn="SubNetwork=ONRM_RootMo_R,MeContext=LTE01ERBS00001,ManagedElement=1,ENodeBFunction=1,EUtranCellFDD=LTE01ERBS00001-4,EUtranFreqRelation=1,EUtranCellRelation=1" lastModified="1287501111924" mimName="ERBS_NODE_MODEL" mimVersion="A.9.50.J.9.1">
    <attr name="isRemoveAllowed">false</attr>
    <attr name="neighborCellRef">SubNetwork=ONRM_RootMo_R,MeContext=LTE01ERBS00001,ManagedElement=1,ENodeBFunction=1,EUtranCellFDD=LTE01ERBS00001-1</attr>
    <attr name="anrCreated">false</attr>
    <attr name="isHoAllowed">true</attr>
  </mo>
  <mo fdn="SubNetwork=ONRM_RootMo_R,MeContext=LTE01ERBS00001,ManagedElement=1,ENodeBFunction=1,EUtranCellFDD=LTE01ERBS00001-4,EUtranFreqRelation=1,EUtranCellRelation=10" lastModified="1287504764647" mimName="ERBS_NODE_MODEL" mimVersion="A.9.50.J.9.1">
    <attr name="isRemoveAllowed">false</attr>
    <attr name="neighborCellRef">SubNetwork=ONRM_RootMo_R,MeContext=LTE01ERBS00001,ManagedElement=1,ENodeBFunction=1,EUtraNetwork=1,ExternalENodeBFunction=5,ExternalEUtranCellFDD=3</attr>
    <attr name="anrCreated">false</attr>
    <attr name="isHoAllowed">true</attr>
  </mo>
  <mo fdn="SubNetwork=ONRM_RootMo_R,MeContext=LTE01ERBS00001,ManagedElement=1,ENodeBFunction=1,EUtranCellFDD=LTE01ERBS00001-4,EUtranFreqRelation=1,EUtranCellRelation=11" lastModified="1287504764645" mimName="ERBS_NODE_MODEL" mimVersion="A.9.50.J.9.1">
    <attr name="isRemoveAllowed">false</attr>
    <attr name="neighborCellRef">SubNetwork=ONRM_RootMo_R,MeContext=LTE01ERBS00001,ManagedElement=1,ENodeBFunction=1,EUtraNetwork=1,ExternalENodeBFunction=5,ExternalEUtranCellFDD=4</attr>
    <attr name="anrCreated">false</attr>
    <attr name="isHoAllowed">true</attr>
  </mo>
  <mo fdn="SubNetwork=ONRM_RootMo_R,MeContext=LTE01ERBS00001,ManagedElement=1,ENodeBFunction=1,EUtranCellFDD=LTE01ERBS00001-4,EUtranFreqRelation=1,EUtranCellRelation=14" lastModified="1287504764640" mimName="ERBS_NODE_MODEL" mimVersion="A.9.50.J.9.1">
    <attr name="isRemoveAllowed">false</attr>
    <attr name="neighborCellRef">SubNetwork=ONRM_RootMo_R,MeContext=LTE01ERBS00001,ManagedElement=1,ENodeBFunction=1,EUtraNetwork=1,ExternalENodeBFunction=7,ExternalEUtranCellFDD=3</attr>
    <attr name="anrCreated">false</attr>
    <attr name="isHoAllowed">true</attr>
  </mo>
  <mo fdn="SubNetwork=ONRM_RootMo_R,MeContext=LTE01ERBS00001,ManagedElement=1,ENodeBFunction=1,EUtranCellFDD=LTE01ERBS00001-4,EUtranFreqRelation=1,EUtranCellRelation=15" lastModified="1287504764655" mimName="ERBS_NODE_MODEL" mimVersion="A.9.50.J.9.1">
    <attr name="isRemoveAllowed">false</attr>
    <attr name="neighborCellRef">SubNetwork=ONRM_RootMo_R,MeContext=LTE01ERBS00001,ManagedElement=1,ENodeBFunction=1,EUtraNetwork=1,ExternalENodeBFunction=7,ExternalEUtranCellFDD=4</attr>
    <attr name="anrCreated">false</attr>
    <attr name="isHoAllowed">true</attr>
  </mo>
  <mo fdn="SubNetwork=ONRM_RootMo_R,MeContext=LTE01ERBS00001,ManagedElement=1,ENodeBFunction=1,EUtranCellFDD=LTE01ERBS00001-4,EUtranFreqRelation=1,EUtranCellRelation=18" lastModified="1287504764651" mimName="ERBS_NODE_MODEL" mimVersion="A.9.50.J.9.1">
    <attr name="isRemoveAllowed">false</attr>
    <attr name="neighborCellRef">SubNetwork=ONRM_RootMo_R,MeContext=LTE01ERBS00001,ManagedElement=1,ENodeBFunction=1,EUtraNetwork=1,ExternalENodeBFunction=9,ExternalEUtranCellFDD=3</attr>
    <attr name="anrCreated">false</attr>
    <attr name="isHoAllowed">true</attr>
  </mo>
  <mo fdn="SubNetwork=ONRM_RootMo_R,MeContext=LTE01ERBS00001,ManagedElement=1,ENodeBFunction=1,EUtranCellFDD=LTE01ERBS00001-4,EUtranFreqRelation=1,EUtranCellRelation=19" lastModified="1287504764648" mimName="ERBS_NODE_MODEL" mimVersion="A.9.50.J.9.1">
    <attr name="isRemoveAllowed">false</attr>
    <attr name="neighborCellRef">SubNetwork=ONRM_RootMo_R,MeContext=LTE01ERBS00001,ManagedElement=1,ENodeBFunction=1,EUtraNetwork=1,ExternalENodeBFunction=9,ExternalEUtranCellFDD=4</attr>
    <attr name="anrCreated">false</attr>
    <attr name="isHoAllowed">true</attr>
  </mo>
  <mo fdn="SubNetwork=ONRM_RootMo_R,MeContext=LTE01ERBS00001,ManagedElement=1,ENodeBFunction=1,EUtranCellFDD=LTE01ERBS00001-4,EUtranFreqRelation=1,EUtranCellRelation=2" lastModified="1287501111785" mimName="ERBS_NODE_MODEL" mimVersion="A.9.50.J.9.1">
    <attr name="isRemoveAllowed">false</attr>
    <attr name="neighborCellRef">SubNetwork=ONRM_RootMo_R,MeContext=LTE01ERBS00001,ManagedElement=1,ENodeBFunction=1,EUtranCellFDD=LTE01ERBS00001-2</attr>
    <attr name="anrCreated">false</attr>
    <attr name="isHoAllowed">true</attr>
  </mo>
  <mo fdn="SubNetwork=ONRM_RootMo_R,MeContext=LTE01ERBS00001,ManagedElement=1,ENodeBFunction=1,EUtranCellFDD=LTE01ERBS00001-4,EUtranFreqRelation=1,EUtranCellRelation=22" lastModified="1287504764641" mimName="ERBS_NODE_MODEL" mimVersion="A.9.50.J.9.1">
    <attr name="isRemoveAllowed">false</attr>
    <attr name="neighborCellRef">SubNetwork=ONRM_RootMo_R,MeContext=LTE01ERBS00001,ManagedElement=1,ENodeBFunction=1,EUtraNetwork=1,ExternalENodeBFunction=11,ExternalEUtranCellFDD=3</attr>
    <attr name="anrCreated">false</attr>
    <attr name="isHoAllowed">true</attr>
  </mo>
  <mo fdn="SubNetwork=ONRM_RootMo_R,MeContext=LTE01ERBS00001,ManagedElement=1,ENodeBFunction=1,EUtranCellFDD=LTE01ERBS00001-4,EUtranFreqRelation=1,EUtranCellRelation=23" lastModified="1287504764638" mimName="ERBS_NODE_MODEL" mimVersion="A.9.50.J.9.1">
    <attr name="isRemoveAllowed">false</attr>
    <attr name="neighborCellRef">SubNetwork=ONRM_RootMo_R,MeContext=LTE01ERBS00001,ManagedElement=1,ENodeBFunction=1,EUtraNetwork=1,ExternalENodeBFunction=11,ExternalEUtranCellFDD=4</attr>
    <attr name="anrCreated">false</attr>
    <attr name="isHoAllowed">true</attr>
  </mo>
  <mo fdn="SubNetwork=ONRM_RootMo_R,MeContext=LTE01ERBS00001,ManagedElement=1,ENodeBFunction=1,EUtranCellFDD=LTE01ERBS00001-4,EUtranFreqRelation=1,EUtranCellRelation=26" lastModified="1287504764653" mimName="ERBS_NODE_MODEL" mimVersion="A.9.50.J.9.1">
    <attr name="isRemoveAllowed">false</attr>
    <attr name="neighborCellRef">SubNetwork=ONRM_RootMo_R,MeContext=LTE01ERBS00001,ManagedElement=1,ENodeBFunction=1,EUtraNetwork=1,ExternalENodeBFunction=13,ExternalEUtranCellFDD=3</attr>
    <attr name="anrCreated">false</attr>
    <attr name="isHoAllowed">true</attr>
  </mo>
  <mo fdn="SubNetwork=ONRM_RootMo_R,MeContext=LTE01ERBS00001,ManagedElement=1,ENodeBFunction=1,EUtranCellFDD=LTE01ERBS00001-4,EUtranFreqRelation=1,EUtranCellRelation=27" lastModified="1287504764649" mimName="ERBS_NODE_MODEL" mimVersion="A.9.50.J.9.1">
    <attr name="isRemoveAllowed">false</attr>
    <attr name="neighborCellRef">SubNetwork=ONRM_RootMo_R,MeContext=LTE01ERBS00001,ManagedElement=1,ENodeBFunction=1,EUtraNetwork=1,ExternalENodeBFunction=13,ExternalEUtranCellFDD=4</attr>
    <attr name="anrCreated">false</attr>
    <attr name="isHoAllowed">true</attr>
  </mo>
  <mo fdn="SubNetwork=ONRM_RootMo_R,MeContext=LTE01ERBS00001,ManagedElement=1,ENodeBFunction=1,EUtranCellFDD=LTE01ERBS00001-4,EUtranFreqRelation=1,EUtranCellRelation=3" lastModified="1287501111669" mimName="ERBS_NODE_MODEL" mimVersion="A.9.50.J.9.1">
    <attr name="isRemoveAllowed">false</attr>
    <attr name="neighborCellRef">SubNetwork=ONRM_RootMo_R,MeContext=LTE01ERBS00001,ManagedElement=1,ENodeBFunction=1,EUtranCellFDD=LTE01ERBS00001-3</attr>
    <attr name="anrCreated">false</attr>
    <attr name="isHoAllowed">true</attr>
  </mo>
  <mo fdn="SubNetwork=ONRM_RootMo_R,MeContext=LTE01ERBS00001,ManagedElement=1,ENodeBFunction=1,EUtranCellFDD=LTE01ERBS00001-4,EUtranFreqRelation=1,EUtranCellRelation=30" lastModified="1287504764643" mimName="ERBS_NODE_MODEL" mimVersion="A.9.50.J.9.1">
    <attr name="isRemoveAllowed">false</attr>
    <attr name="neighborCellRef">SubNetwork=ONRM_RootMo_R,MeContext=LTE01ERBS00001,ManagedElement=1,ENodeBFunction=1,EUtraNetwork=1,ExternalENodeBFunction=15,ExternalEUtranCellFDD=3</attr>
    <attr name="anrCreated">false</attr>
    <attr name="isHoAllowed">true</attr>
  </mo>
  <mo fdn="SubNetwork=ONRM_RootMo_R,MeContext=LTE01ERBS00001,ManagedElement=1,ENodeBFunction=1,EUtranCellFDD=LTE01ERBS00001-4,EUtranFreqRelation=1,EUtranCellRelation=31" lastModified="1287504764642" mimName="ERBS_NODE_MODEL" mimVersion="A.9.50.J.9.1">
    <attr name="isRemoveAllowed">false</attr>
    <attr name="neighborCellRef">SubNetwork=ONRM_RootMo_R,MeContext=LTE01ERBS00001,ManagedElement=1,ENodeBFunction=1,EUtraNetwork=1,ExternalENodeBFunction=15,ExternalEUtranCellFDD=4</attr>
    <attr name="anrCreated">false</attr>
    <attr name="isHoAllowed">true</attr>
  </mo>
  <mo fdn="SubNetwork=ONRM_RootMo_R,MeContext=LTE01ERBS00001,ManagedElement=1,ENodeBFunction=1,EUtranCellFDD=LTE01ERBS00001-4,EUtranFreqRelation=1,EUtranCellRelation=6" lastModified="1287501709156" mimName="ERBS_NODE_MODEL" mimVersion="A.9.50.J.9.1">
    <attr name="isRemoveAllowed">false</attr>
    <attr name="neighborCellRef">SubNetwork=ONRM_RootMo_R,MeContext=LTE01ERBS00001,ManagedElement=1,ENodeBFunction=1,EUtraNetwork=1,ExternalENodeBFunction=3,ExternalEUtranCellFDD=3</attr>
    <attr name="anrCreated">false</attr>
    <attr name="isHoAllowed">true</attr>
  </mo>
  <mo fdn="SubNetwork=ONRM_RootMo_R,MeContext=LTE01ERBS00001,ManagedElement=1,ENodeBFunction=1,EUtranCellFDD=LTE01ERBS00001-4,EUtranFreqRelation=1,EUtranCellRelation=7" lastModified="1287501709170" mimName="ERBS_NODE_MODEL" mimVersion="A.9.50.J.9.1">
    <attr name="isRemoveAllowed">false</attr>
    <attr name="neighborCellRef">SubNetwork=ONRM_RootMo_R,MeContext=LTE01ERBS00001,ManagedElement=1,ENodeBFunction=1,EUtraNetwork=1,ExternalENodeBFunction=3,ExternalEUtranCellFDD=4</attr>
    <attr name="anrCreated">false</attr>
    <attr name="isHoAllowed">true</attr>
  </mo>
  <mo fdn="SubNetwork=ONRM_RootMo_R,MeContext=LTE01ERBS00001,ManagedElement=1,ENodeBFunction=1,EUtranCellFDD=LTE01ERBS00001-4,EUtranFreqRelation=2,EUtranCellRelation=12" lastModified="1287504764615" mimName="ERBS_NODE_MODEL" mimVersion="A.9.50.J.9.1">
    <attr name="isRemoveAllowed">false</attr>
    <attr name="neighborCellRef">SubNetwork=ONRM_RootMo_R,MeContext=LTE01ERBS00001,ManagedElement=1,ENodeBFunction=1,EUtraNetwork=1,ExternalENodeBFunction=6,ExternalEUtranCellFDD=3</attr>
    <attr name="anrCreated">false</attr>
    <attr name="isHoAllowed">true</attr>
  </mo>
  <mo fdn="SubNetwork=ONRM_RootMo_R,MeContext=LTE01ERBS00001,ManagedElement=1,ENodeBFunction=1,EUtranCellFDD=LTE01ERBS00001-4,EUtranFreqRelation=2,EUtranCellRelation=13" lastModified="1287504764614" mimName="ERBS_NODE_MODEL" mimVersion="A.9.50.J.9.1">
    <attr name="isRemoveAllowed">false</attr>
    <attr name="neighborCellRef">SubNetwork=ONRM_RootMo_R,MeContext=LTE01ERBS00001,ManagedElement=1,ENodeBFunction=1,EUtraNetwork=1,ExternalENodeBFunction=6,ExternalEUtranCellFDD=4</attr>
    <attr name="anrCreated">false</attr>
    <attr name="isHoAllowed">true</attr>
  </mo>
  <mo fdn="SubNetwork=ONRM_RootMo_R,MeContext=LTE01ERBS00001,ManagedElement=1,ENodeBFunction=1,EUtranCellFDD=LTE01ERBS00001-4,EUtranFreqRelation=2,EUtranCellRelation=16" lastModified="1287504764631" mimName="ERBS_NODE_MODEL" mimVersion="A.9.50.J.9.1">
    <attr name="isRemoveAllowed">false</attr>
    <attr name="neighborCellRef">SubNetwork=ONRM_RootMo_R,MeContext=LTE01ERBS00001,ManagedElement=1,ENodeBFunction=1,EUtraNetwork=1,ExternalENodeBFunction=8,ExternalEUtranCellFDD=3</attr>
    <attr name="anrCreated">false</attr>
    <attr name="isHoAllowed">true</attr>
  </mo>
  <mo fdn="SubNetwork=ONRM_RootMo_R,MeContext=LTE01ERBS00001,ManagedElement=1,ENodeBFunction=1,EUtranCellFDD=LTE01ERBS00001-4,EUtranFreqRelation=2,EUtranCellRelation=17" lastModified="1287504764628" mimName="ERBS_NODE_MODEL" mimVersion="A.9.50.J.9.1">
    <attr name="isRemoveAllowed">false</attr>
    <attr name="neighborCellRef">SubNetwork=ONRM_RootMo_R,MeContext=LTE01ERBS00001,ManagedElement=1,ENodeBFunction=1,EUtraNetwork=1,ExternalENodeBFunction=8,ExternalEUtranCellFDD=4</attr>
    <attr name="anrCreated">false</attr>
    <attr name="isHoAllowed">true</attr>
  </mo>
  <mo fdn="SubNetwork=ONRM_RootMo_R,MeContext=LTE01ERBS00001,ManagedElement=1,ENodeBFunction=1,EUtranCellFDD=LTE01ERBS00001-4,EUtranFreqRelation=2,EUtranCellRelation=20" lastModified="1287504764622" mimName="ERBS_NODE_MODEL" mimVersion="A.9.50.J.9.1">
    <attr name="isRemoveAllowed">false</attr>
    <attr name="neighborCellRef">SubNetwork=ONRM_RootMo_R,MeContext=LTE01ERBS00001,ManagedElement=1,ENodeBFunction=1,EUtraNetwork=1,ExternalENodeBFunction=10,ExternalEUtranCellFDD=3</attr>
    <attr name="anrCreated">false</attr>
    <attr name="isHoAllowed">true</attr>
  </mo>
  <mo fdn="SubNetwork=ONRM_RootMo_R,MeContext=LTE01ERBS00001,ManagedElement=1,ENodeBFunction=1,EUtranCellFDD=LTE01ERBS00001-4,EUtranFreqRelation=2,EUtranCellRelation=21" lastModified="1287504764621" mimName="ERBS_NODE_MODEL" mimVersion="A.9.50.J.9.1">
    <attr name="isRemoveAllowed">false</attr>
    <attr name="neighborCellRef">SubNetwork=ONRM_RootMo_R,MeContext=LTE01ERBS00001,ManagedElement=1,ENodeBFunction=1,EUtraNetwork=1,ExternalENodeBFunction=10,ExternalEUtranCellFDD=4</attr>
    <attr name="anrCreated">false</attr>
    <attr name="isHoAllowed">true</attr>
  </mo>
  <mo fdn="SubNetwork=ONRM_RootMo_R,MeContext=LTE01ERBS00001,ManagedElement=1,ENodeBFunction=1,EUtranCellFDD=LTE01ERBS00001-4,EUtranFreqRelation=2,EUtranCellRelation=24" lastModified="1287504764619" mimName="ERBS_NODE_MODEL" mimVersion="A.9.50.J.9.1">
    <attr name="isRemoveAllowed">false</attr>
    <attr name="neighborCellRef">SubNetwork=ONRM_RootMo_R,MeContext=LTE01ERBS00001,ManagedElement=1,ENodeBFunction=1,EUtraNetwork=1,ExternalENodeBFunction=12,ExternalEUtranCellFDD=3</attr>
    <attr name="anrCreated">false</attr>
    <attr name="isHoAllowed">true</attr>
  </mo>
  <mo fdn="SubNetwork=ONRM_RootMo_R,MeContext=LTE01ERBS00001,ManagedElement=1,ENodeBFunction=1,EUtranCellFDD=LTE01ERBS00001-4,EUtranFreqRelation=2,EUtranCellRelation=25" lastModified="1287504764617" mimName="ERBS_NODE_MODEL" mimVersion="A.9.50.J.9.1">
    <attr name="isRemoveAllowed">false</attr>
    <attr name="neighborCellRef">SubNetwork=ONRM_RootMo_R,MeContext=LTE01ERBS00001,ManagedElement=1,ENodeBFunction=1,EUtraNetwork=1,ExternalENodeBFunction=12,ExternalEUtranCellFDD=4</attr>
    <attr name="anrCreated">false</attr>
    <attr name="isHoAllowed">true</attr>
  </mo>
  <mo fdn="SubNetwork=ONRM_RootMo_R,MeContext=LTE01ERBS00001,ManagedElement=1,ENodeBFunction=1,EUtranCellFDD=LTE01ERBS00001-4,EUtranFreqRelation=2,EUtranCellRelation=28" lastModified="1287504764635" mimName="ERBS_NODE_MODEL" mimVersion="A.9.50.J.9.1">
    <attr name="isRemoveAllowed">false</attr>
    <attr name="neighborCellRef">SubNetwork=ONRM_RootMo_R,MeContext=LTE01ERBS00001,ManagedElement=1,ENodeBFunction=1,EUtraNetwork=1,ExternalENodeBFunction=14,ExternalEUtranCellFDD=3</attr>
    <attr name="anrCreated">false</attr>
    <attr name="isHoAllowed">true</attr>
  </mo>
  <mo fdn="SubNetwork=ONRM_RootMo_R,MeContext=LTE01ERBS00001,ManagedElement=1,ENodeBFunction=1,EUtranCellFDD=LTE01ERBS00001-4,EUtranFreqRelation=2,EUtranCellRelation=29" lastModified="1287504764632" mimName="ERBS_NODE_MODEL" mimVersion="A.9.50.J.9.1">
    <attr name="isRemoveAllowed">false</attr>
    <attr name="neighborCellRef">SubNetwork=ONRM_RootMo_R,MeContext=LTE01ERBS00001,ManagedElement=1,ENodeBFunction=1,EUtraNetwork=1,ExternalENodeBFunction=14,ExternalEUtranCellFDD=4</attr>
    <attr name="anrCreated">false</attr>
    <attr name="isHoAllowed">true</attr>
  </mo>
  <mo fdn="SubNetwork=ONRM_RootMo_R,MeContext=LTE01ERBS00001,ManagedElement=1,ENodeBFunction=1,EUtranCellFDD=LTE01ERBS00001-4,EUtranFreqRelation=2,EUtranCellRelation=32" lastModified="1287504764612" mimName="ERBS_NODE_MODEL" mimVersion="A.9.50.J.9.1">
    <attr name="isRemoveAllowed">false</attr>
    <attr name="neighborCellRef">SubNetwork=ONRM_RootMo_R,MeContext=LTE01ERBS00001,ManagedElement=1,ENodeBFunction=1,EUtraNetwork=1,ExternalENodeBFunction=16,ExternalEUtranCellFDD=3</attr>
    <attr name="anrCreated">false</attr>
    <attr name="isHoAllowed">true</attr>
  </mo>
  <mo fdn="SubNetwork=ONRM_RootMo_R,MeContext=LTE01ERBS00001,ManagedElement=1,ENodeBFunction=1,EUtranCellFDD=LTE01ERBS00001-4,EUtranFreqRelation=2,EUtranCellRelation=33" lastModified="1287504764624" mimName="ERBS_NODE_MODEL" mimVersion="A.9.50.J.9.1">
    <attr name="isRemoveAllowed">false</attr>
    <attr name="neighborCellRef">SubNetwork=ONRM_RootMo_R,MeContext=LTE01ERBS00001,ManagedElement=1,ENodeBFunction=1,EUtraNetwork=1,ExternalENodeBFunction=16,ExternalEUtranCellFDD=4</attr>
    <attr name="anrCreated">false</attr>
    <attr name="isHoAllowed">true</attr>
  </mo>
  <mo fdn="SubNetwork=ONRM_RootMo_R,MeContext=LTE01ERBS00001,ManagedElement=1,ENodeBFunction=1,EUtranCellFDD=LTE01ERBS00001-4,EUtranFreqRelation=2,EUtranCellRelation=4" lastModified="1287504764630" mimName="ERBS_NODE_MODEL" mimVersion="A.9.50.J.9.1">
    <attr name="isRemoveAllowed">false</attr>
    <attr name="neighborCellRef">SubNetwork=ONRM_RootMo_R,MeContext=LTE01ERBS00001,ManagedElement=1,ENodeBFunction=1,EUtraNetwork=1,ExternalENodeBFunction=2,ExternalEUtranCellFDD=3</attr>
    <attr name="anrCreated">false</attr>
    <attr name="isHoAllowed">true</attr>
  </mo>
  <mo fdn="SubNetwork=ONRM_RootMo_R,MeContext=LTE01ERBS00001,ManagedElement=1,ENodeBFunction=1,EUtranCellFDD=LTE01ERBS00001-4,EUtranFreqRelation=2,EUtranCellRelation=5" lastModified="1287504764636" mimName="ERBS_NODE_MODEL" mimVersion="A.9.50.J.9.1">
    <attr name="isRemoveAllowed">false</attr>
    <attr name="neighborCellRef">SubNetwork=ONRM_RootMo_R,MeContext=LTE01ERBS00001,ManagedElement=1,ENodeBFunction=1,EUtraNetwork=1,ExternalENodeBFunction=2,ExternalEUtranCellFDD=4</attr>
    <attr name="anrCreated">false</attr>
    <attr name="isHoAllowed">true</attr>
  </mo>
  <mo fdn="SubNetwork=ONRM_RootMo_R,MeContext=LTE01ERBS00001,ManagedElement=1,ENodeBFunction=1,EUtranCellFDD=LTE01ERBS00001-4,EUtranFreqRelation=2,EUtranCellRelation=8" lastModified="1287504764626" mimName="ERBS_NODE_MODEL" mimVersion="A.9.50.J.9.1">
    <attr name="isRemoveAllowed">false</attr>
    <attr name="neighborCellRef">SubNetwork=ONRM_RootMo_R,MeContext=LTE01ERBS00001,ManagedElement=1,ENodeBFunction=1,EUtraNetwork=1,ExternalENodeBFunction=4,ExternalEUtranCellFDD=3</attr>
    <attr name="anrCreated">false</attr>
    <attr name="isHoAllowed">true</attr>
  </mo>
  <mo fdn="SubNetwork=ONRM_RootMo_R,MeContext=LTE01ERBS00001,ManagedElement=1,ENodeBFunction=1,EUtranCellFDD=LTE01ERBS00001-4,EUtranFreqRelation=2,EUtranCellRelation=9" lastModified="1287504764627" mimName="ERBS_NODE_MODEL" mimVersion="A.9.50.J.9.1">
    <attr name="isRemoveAllowed">false</attr>
    <attr name="neighborCellRef">SubNetwork=ONRM_RootMo_R,MeContext=LTE01ERBS00001,ManagedElement=1,ENodeBFunction=1,EUtraNetwork=1,ExternalENodeBFunction=4,ExternalEUtranCellFDD=4</attr>
    <attr name="anrCreated">false</attr>
    <attr name="isHoAllowed">true</attr>
  </mo>
</model><!-- Generated 139 entries -->