<?xml version="1.0" encoding="UTF-8" standalone="no"?><!-- Generated by nmsadm --><!-- Generated on Thu Oct 28 14:35:46 BST 2010 --><!-- Generated from configuration valid --><!-- Query - Base MO SubNetwork=ONRM_RootMo_R,MeContext=LTE01ERBS00004; Scope 8 --><model>
  <mo fdn="SubNetwork=ONRM_RootMo_R,MeContext=LTE01ERBS00004" lastModified="1288185524357" mimName="ERBS_NODE_MODEL" mimVersion="A.9.50.J.9.1">
    <attr name="MeContextId">LTE01ERBS00004</attr>
    <attr name="neMIMversion">vA.9.40</attr>
    <attr name="siteRef">SubNetwork=ONRM_RootMo_R,Site=LTE01ERBS00004</attr>
    <attr name="userLabel">LTE01ERBS00004</attr>
  </mo>
  <mo fdn="SubNetwork=ONRM_RootMo_R,MeContext=LTE01ERBS00004,ManagedElement=1,ENodeBFunction=1" lastModified="1287501130112" mimName="ERBS_NODE_MODEL" mimVersion="A.9.50.J.9.1">
    <attr name="eNodeBPlmnId">
      <struct>
        <attr name="mcc">310</attr>
        <attr name="mnc">990</attr>
        <attr name="mncLength">2</attr>
      </struct>
    </attr>
    <attr name="eNBId">4</attr>
  </mo>
  <mo fdn="SubNetwork=ONRM_RootMo_R,MeContext=LTE01ERBS00004,ManagedElement=1,ENodeBFunction=1,EUtranCellFDD=LTE01ERBS00004-1" lastModified="1287512064317" mimName="ERBS_NODE_MODEL" mimVersion="A.9.50.J.9.1">
    <attr name="EUtranCellFDDId">LTE01ERBS00004-1</attr>
    <attr name="earfcnul">18000</attr>
    <attr name="cellId">1</attr>
    <attr name="tac">4</attr>
    <attr name="bPlmnList">
      <seq count="1">
        <item>
          <struct>
            <attr name="mcc">310</attr>
            <attr name="mnc">980</attr>
            <attr name="mncLength">2</attr>
          </struct>
        </item>
      </seq>
    </attr>
    <attr name="earfcndl">0</attr>
    <attr name="userLabel">LTE01ERBS00004-1</attr>
  </mo>
  <mo fdn="SubNetwork=ONRM_RootMo_R,MeContext=LTE01ERBS00004,ManagedElement=1,ENodeBFunction=1,EUtranCellFDD=LTE01ERBS00004-1,EUtranFreqRelation=1,EUtranCellRelation=10" lastModified="1287501707545" mimName="ERBS_NODE_MODEL" mimVersion="A.9.50.J.9.1">
    <attr name="isRemoveAllowed">false</attr>
    <attr name="neighborCellRef">SubNetwork=ONRM_RootMo_R,MeContext=LTE01ERBS00004,ManagedElement=1,ENodeBFunction=1,EUtraNetwork=1,ExternalENodeBFunction=5,ExternalEUtranCellFDD=1</attr>
    <attr name="anrCreated">false</attr>
    <attr name="isHoAllowed">true</attr>
  </mo>
  <mo fdn="SubNetwork=ONRM_RootMo_R,MeContext=LTE01ERBS00004,ManagedElement=1,ENodeBFunction=1,EUtranCellFDD=LTE01ERBS00004-1,EUtranFreqRelation=1,EUtranCellRelation=11" lastModified="1287501707543" mimName="ERBS_NODE_MODEL" mimVersion="A.9.50.J.9.1">
    <attr name="isRemoveAllowed">false</attr>
    <attr name="neighborCellRef">SubNetwork=ONRM_RootMo_R,MeContext=LTE01ERBS00004,ManagedElement=1,ENodeBFunction=1,EUtraNetwork=1,ExternalENodeBFunction=5,ExternalEUtranCellFDD=2</attr>
    <attr name="anrCreated">false</attr>
    <attr name="isHoAllowed">true</attr>
  </mo>
  <mo fdn="SubNetwork=ONRM_RootMo_R,MeContext=LTE01ERBS00004,ManagedElement=1,ENodeBFunction=1,EUtranCellFDD=LTE01ERBS00004-1,EUtranFreqRelation=1,EUtranCellRelation=14" lastModified="1287501707537" mimName="ERBS_NODE_MODEL" mimVersion="A.9.50.J.9.1">
    <attr name="isRemoveAllowed">false</attr>
    <attr name="neighborCellRef">SubNetwork=ONRM_RootMo_R,MeContext=LTE01ERBS00004,ManagedElement=1,ENodeBFunction=1,EUtraNetwork=1,ExternalENodeBFunction=7,ExternalEUtranCellFDD=1</attr>
    <attr name="anrCreated">false</attr>
    <attr name="isHoAllowed">true</attr>
  </mo>
  <mo fdn="SubNetwork=ONRM_RootMo_R,MeContext=LTE01ERBS00004,ManagedElement=1,ENodeBFunction=1,EUtranCellFDD=LTE01ERBS00004-1,EUtranFreqRelation=1,EUtranCellRelation=15" lastModified="1287501707552" mimName="ERBS_NODE_MODEL" mimVersion="A.9.50.J.9.1">
    <attr name="isRemoveAllowed">false</attr>
    <attr name="neighborCellRef">SubNetwork=ONRM_RootMo_R,MeContext=LTE01ERBS00004,ManagedElement=1,ENodeBFunction=1,EUtraNetwork=1,ExternalENodeBFunction=7,ExternalEUtranCellFDD=2</attr>
    <attr name="anrCreated">false</attr>
    <attr name="isHoAllowed">true</attr>
  </mo>
  <mo fdn="SubNetwork=ONRM_RootMo_R,MeContext=LTE01ERBS00004,ManagedElement=1,ENodeBFunction=1,EUtranCellFDD=LTE01ERBS00004-1,EUtranFreqRelation=1,EUtranCellRelation=18" lastModified="1287504765083" mimName="ERBS_NODE_MODEL" mimVersion="A.9.50.J.9.1">
    <attr name="isRemoveAllowed">false</attr>
    <attr name="neighborCellRef">SubNetwork=ONRM_RootMo_R,MeContext=LTE01ERBS00004,ManagedElement=1,ENodeBFunction=1,EUtraNetwork=1,ExternalENodeBFunction=9,ExternalEUtranCellFDD=1</attr>
    <attr name="anrCreated">false</attr>
    <attr name="isHoAllowed">true</attr>
  </mo>
  <mo fdn="SubNetwork=ONRM_RootMo_R,MeContext=LTE01ERBS00004,ManagedElement=1,ENodeBFunction=1,EUtranCellFDD=LTE01ERBS00004-1,EUtranFreqRelation=1,EUtranCellRelation=19" lastModified="1287504765081" mimName="ERBS_NODE_MODEL" mimVersion="A.9.50.J.9.1">
    <attr name="isRemoveAllowed">false</attr>
    <attr name="neighborCellRef">SubNetwork=ONRM_RootMo_R,MeContext=LTE01ERBS00004,ManagedElement=1,ENodeBFunction=1,EUtraNetwork=1,ExternalENodeBFunction=9,ExternalEUtranCellFDD=2</attr>
    <attr name="anrCreated">false</attr>
    <attr name="isHoAllowed">true</attr>
  </mo>
  <mo fdn="SubNetwork=ONRM_RootMo_R,MeContext=LTE01ERBS00004,ManagedElement=1,ENodeBFunction=1,EUtranCellFDD=LTE01ERBS00004-1,EUtranFreqRelation=1,EUtranCellRelation=22" lastModified="1287501707539" mimName="ERBS_NODE_MODEL" mimVersion="A.9.50.J.9.1">
    <attr name="isRemoveAllowed">false</attr>
    <attr name="neighborCellRef">SubNetwork=ONRM_RootMo_R,MeContext=LTE01ERBS00004,ManagedElement=1,ENodeBFunction=1,EUtraNetwork=1,ExternalENodeBFunction=11,ExternalEUtranCellFDD=1</attr>
    <attr name="anrCreated">false</attr>
    <attr name="isHoAllowed">true</attr>
  </mo>
  <mo fdn="SubNetwork=ONRM_RootMo_R,MeContext=LTE01ERBS00004,ManagedElement=1,ENodeBFunction=1,EUtranCellFDD=LTE01ERBS00004-1,EUtranFreqRelation=1,EUtranCellRelation=23" lastModified="1287501707538" mimName="ERBS_NODE_MODEL" mimVersion="A.9.50.J.9.1">
    <attr name="isRemoveAllowed">false</attr>
    <attr name="neighborCellRef">SubNetwork=ONRM_RootMo_R,MeContext=LTE01ERBS00004,ManagedElement=1,ENodeBFunction=1,EUtraNetwork=1,ExternalENodeBFunction=11,ExternalEUtranCellFDD=2</attr>
    <attr name="anrCreated">false</attr>
    <attr name="isHoAllowed">true</attr>
  </mo>
  <mo fdn="SubNetwork=ONRM_RootMo_R,MeContext=LTE01ERBS00004,ManagedElement=1,ENodeBFunction=1,EUtranCellFDD=LTE01ERBS00004-1,EUtranFreqRelation=1,EUtranCellRelation=26" lastModified="1287504765088" mimName="ERBS_NODE_MODEL" mimVersion="A.9.50.J.9.1">
    <attr name="isRemoveAllowed">false</attr>
    <attr name="neighborCellRef">SubNetwork=ONRM_RootMo_R,MeContext=LTE01ERBS00004,ManagedElement=1,ENodeBFunction=1,EUtraNetwork=1,ExternalENodeBFunction=13,ExternalEUtranCellFDD=1</attr>
    <attr name="anrCreated">false</attr>
    <attr name="isHoAllowed">true</attr>
  </mo>
  <mo fdn="SubNetwork=ONRM_RootMo_R,MeContext=LTE01ERBS00004,ManagedElement=1,ENodeBFunction=1,EUtranCellFDD=LTE01ERBS00004-1,EUtranFreqRelation=1,EUtranCellRelation=27" lastModified="1287504765085" mimName="ERBS_NODE_MODEL" mimVersion="A.9.50.J.9.1">
    <attr name="isRemoveAllowed">false</attr>
    <attr name="neighborCellRef">SubNetwork=ONRM_RootMo_R,MeContext=LTE01ERBS00004,ManagedElement=1,ENodeBFunction=1,EUtraNetwork=1,ExternalENodeBFunction=13,ExternalEUtranCellFDD=2</attr>
    <attr name="anrCreated">false</attr>
    <attr name="isHoAllowed">true</attr>
  </mo>
  <mo fdn="SubNetwork=ONRM_RootMo_R,MeContext=LTE01ERBS00004,ManagedElement=1,ENodeBFunction=1,EUtranCellFDD=LTE01ERBS00004-1,EUtranFreqRelation=1,EUtranCellRelation=30" lastModified="1287501707541" mimName="ERBS_NODE_MODEL" mimVersion="A.9.50.J.9.1">
    <attr name="isRemoveAllowed">false</attr>
    <attr name="neighborCellRef">SubNetwork=ONRM_RootMo_R,MeContext=LTE01ERBS00004,ManagedElement=1,ENodeBFunction=1,EUtraNetwork=1,ExternalENodeBFunction=15,ExternalEUtranCellFDD=1</attr>
    <attr name="anrCreated">false</attr>
    <attr name="isHoAllowed">true</attr>
  </mo>
  <mo fdn="SubNetwork=ONRM_RootMo_R,MeContext=LTE01ERBS00004,ManagedElement=1,ENodeBFunction=1,EUtranCellFDD=LTE01ERBS00004-1,EUtranFreqRelation=1,EUtranCellRelation=31" lastModified="1287501707540" mimName="ERBS_NODE_MODEL" mimVersion="A.9.50.J.9.1">
    <attr name="isRemoveAllowed">false</attr>
    <attr name="neighborCellRef">SubNetwork=ONRM_RootMo_R,MeContext=LTE01ERBS00004,ManagedElement=1,ENodeBFunction=1,EUtraNetwork=1,ExternalENodeBFunction=15,ExternalEUtranCellFDD=2</attr>
    <attr name="anrCreated">false</attr>
    <attr name="isHoAllowed">true</attr>
  </mo>
  <mo fdn="SubNetwork=ONRM_RootMo_R,MeContext=LTE01ERBS00004,ManagedElement=1,ENodeBFunction=1,EUtranCellFDD=LTE01ERBS00004-1,EUtranFreqRelation=1,EUtranCellRelation=4" lastModified="1287501707550" mimName="ERBS_NODE_MODEL" mimVersion="A.9.50.J.9.1">
    <attr name="isRemoveAllowed">false</attr>
    <attr name="neighborCellRef">SubNetwork=ONRM_RootMo_R,MeContext=LTE01ERBS00004,ManagedElement=1,ENodeBFunction=1,EUtraNetwork=1,ExternalENodeBFunction=1,ExternalEUtranCellFDD=1</attr>
    <attr name="anrCreated">false</attr>
    <attr name="isHoAllowed">true</attr>
  </mo>
  <mo fdn="SubNetwork=ONRM_RootMo_R,MeContext=LTE01ERBS00004,ManagedElement=1,ENodeBFunction=1,EUtranCellFDD=LTE01ERBS00004-1,EUtranFreqRelation=1,EUtranCellRelation=5" lastModified="1287501707554" mimName="ERBS_NODE_MODEL" mimVersion="A.9.50.J.9.1">
    <attr name="isRemoveAllowed">false</attr>
    <attr name="neighborCellRef">SubNetwork=ONRM_RootMo_R,MeContext=LTE01ERBS00004,ManagedElement=1,ENodeBFunction=1,EUtraNetwork=1,ExternalENodeBFunction=1,ExternalEUtranCellFDD=2</attr>
    <attr name="anrCreated">false</attr>
    <attr name="isHoAllowed">true</attr>
  </mo>
  <mo fdn="SubNetwork=ONRM_RootMo_R,MeContext=LTE01ERBS00004,ManagedElement=1,ENodeBFunction=1,EUtranCellFDD=LTE01ERBS00004-1,EUtranFreqRelation=1,EUtranCellRelation=8" lastModified="1287501707547" mimName="ERBS_NODE_MODEL" mimVersion="A.9.50.J.9.1">
    <attr name="isRemoveAllowed">false</attr>
    <attr name="neighborCellRef">SubNetwork=ONRM_RootMo_R,MeContext=LTE01ERBS00004,ManagedElement=1,ENodeBFunction=1,EUtraNetwork=1,ExternalENodeBFunction=3,ExternalEUtranCellFDD=1</attr>
    <attr name="anrCreated">false</attr>
    <attr name="isHoAllowed">true</attr>
  </mo>
  <mo fdn="SubNetwork=ONRM_RootMo_R,MeContext=LTE01ERBS00004,ManagedElement=1,ENodeBFunction=1,EUtranCellFDD=LTE01ERBS00004-1,EUtranFreqRelation=1,EUtranCellRelation=9" lastModified="1287501707548" mimName="ERBS_NODE_MODEL" mimVersion="A.9.50.J.9.1">
    <attr name="isRemoveAllowed">false</attr>
    <attr name="neighborCellRef">SubNetwork=ONRM_RootMo_R,MeContext=LTE01ERBS00004,ManagedElement=1,ENodeBFunction=1,EUtraNetwork=1,ExternalENodeBFunction=3,ExternalEUtranCellFDD=2</attr>
    <attr name="anrCreated">false</attr>
    <attr name="isHoAllowed">true</attr>
  </mo>
  <mo fdn="SubNetwork=ONRM_RootMo_R,MeContext=LTE01ERBS00004,ManagedElement=1,ENodeBFunction=1,EUtranCellFDD=LTE01ERBS00004-1,EUtranFreqRelation=2,EUtranCellRelation=1" lastModified="1287501120807" mimName="ERBS_NODE_MODEL" mimVersion="A.9.50.J.9.1">
    <attr name="isRemoveAllowed">false</attr>
    <attr name="neighborCellRef">SubNetwork=ONRM_RootMo_R,MeContext=LTE01ERBS00004,ManagedElement=1,ENodeBFunction=1,EUtranCellFDD=LTE01ERBS00004-2</attr>
    <attr name="anrCreated">false</attr>
    <attr name="isHoAllowed">true</attr>
  </mo>
  <mo fdn="SubNetwork=ONRM_RootMo_R,MeContext=LTE01ERBS00004,ManagedElement=1,ENodeBFunction=1,EUtranCellFDD=LTE01ERBS00004-1,EUtranFreqRelation=2,EUtranCellRelation=12" lastModified="1287504765015" mimName="ERBS_NODE_MODEL" mimVersion="A.9.50.J.9.1">
    <attr name="isRemoveAllowed">false</attr>
    <attr name="neighborCellRef">SubNetwork=ONRM_RootMo_R,MeContext=LTE01ERBS00004,ManagedElement=1,ENodeBFunction=1,EUtraNetwork=1,ExternalENodeBFunction=6,ExternalEUtranCellFDD=1</attr>
    <attr name="anrCreated">false</attr>
    <attr name="isHoAllowed">true</attr>
  </mo>
  <mo fdn="SubNetwork=ONRM_RootMo_R,MeContext=LTE01ERBS00004,ManagedElement=1,ENodeBFunction=1,EUtranCellFDD=LTE01ERBS00004-1,EUtranFreqRelation=2,EUtranCellRelation=13" lastModified="1287504765011" mimName="ERBS_NODE_MODEL" mimVersion="A.9.50.J.9.1">
    <attr name="isRemoveAllowed">false</attr>
    <attr name="neighborCellRef">SubNetwork=ONRM_RootMo_R,MeContext=LTE01ERBS00004,ManagedElement=1,ENodeBFunction=1,EUtraNetwork=1,ExternalENodeBFunction=6,ExternalEUtranCellFDD=2</attr>
    <attr name="anrCreated">false</attr>
    <attr name="isHoAllowed">true</attr>
  </mo>
  <mo fdn="SubNetwork=ONRM_RootMo_R,MeContext=LTE01ERBS00004,ManagedElement=1,ENodeBFunction=1,EUtranCellFDD=LTE01ERBS00004-1,EUtranFreqRelation=2,EUtranCellRelation=16" lastModified="1287501707533" mimName="ERBS_NODE_MODEL" mimVersion="A.9.50.J.9.1">
    <attr name="isRemoveAllowed">false</attr>
    <attr name="neighborCellRef">SubNetwork=ONRM_RootMo_R,MeContext=LTE01ERBS00004,ManagedElement=1,ENodeBFunction=1,EUtraNetwork=1,ExternalENodeBFunction=8,ExternalEUtranCellFDD=1</attr>
    <attr name="anrCreated">false</attr>
    <attr name="isHoAllowed">true</attr>
  </mo>
  <mo fdn="SubNetwork=ONRM_RootMo_R,MeContext=LTE01ERBS00004,ManagedElement=1,ENodeBFunction=1,EUtranCellFDD=LTE01ERBS00004-1,EUtranFreqRelation=2,EUtranCellRelation=17" lastModified="1287501707518" mimName="ERBS_NODE_MODEL" mimVersion="A.9.50.J.9.1">
    <attr name="isRemoveAllowed">false</attr>
    <attr name="neighborCellRef">SubNetwork=ONRM_RootMo_R,MeContext=LTE01ERBS00004,ManagedElement=1,ENodeBFunction=1,EUtraNetwork=1,ExternalENodeBFunction=8,ExternalEUtranCellFDD=2</attr>
    <attr name="anrCreated">false</attr>
    <attr name="isHoAllowed">true</attr>
  </mo>
  <mo fdn="SubNetwork=ONRM_RootMo_R,MeContext=LTE01ERBS00004,ManagedElement=1,ENodeBFunction=1,EUtranCellFDD=LTE01ERBS00004-1,EUtranFreqRelation=2,EUtranCellRelation=2" lastModified="1287501120803" mimName="ERBS_NODE_MODEL" mimVersion="A.9.50.J.9.1">
    <attr name="isRemoveAllowed">false</attr>
    <attr name="neighborCellRef">SubNetwork=ONRM_RootMo_R,MeContext=LTE01ERBS00004,ManagedElement=1,ENodeBFunction=1,EUtranCellFDD=LTE01ERBS00004-3</attr>
    <attr name="anrCreated">false</attr>
    <attr name="isHoAllowed">true</attr>
  </mo>
  <mo fdn="SubNetwork=ONRM_RootMo_R,MeContext=LTE01ERBS00004,ManagedElement=1,ENodeBFunction=1,EUtranCellFDD=LTE01ERBS00004-1,EUtranFreqRelation=2,EUtranCellRelation=20" lastModified="1287504765069" mimName="ERBS_NODE_MODEL" mimVersion="A.9.50.J.9.1">
    <attr name="isRemoveAllowed">false</attr>
    <attr name="neighborCellRef">SubNetwork=ONRM_RootMo_R,MeContext=LTE01ERBS00004,ManagedElement=1,ENodeBFunction=1,EUtraNetwork=1,ExternalENodeBFunction=10,ExternalEUtranCellFDD=1</attr>
    <attr name="anrCreated">false</attr>
    <attr name="isHoAllowed">true</attr>
  </mo>
  <mo fdn="SubNetwork=ONRM_RootMo_R,MeContext=LTE01ERBS00004,ManagedElement=1,ENodeBFunction=1,EUtranCellFDD=LTE01ERBS00004-1,EUtranFreqRelation=2,EUtranCellRelation=21" lastModified="1287504765021" mimName="ERBS_NODE_MODEL" mimVersion="A.9.50.J.9.1">
    <attr name="isRemoveAllowed">false</attr>
    <attr name="neighborCellRef">SubNetwork=ONRM_RootMo_R,MeContext=LTE01ERBS00004,ManagedElement=1,ENodeBFunction=1,EUtraNetwork=1,ExternalENodeBFunction=10,ExternalEUtranCellFDD=2</attr>
    <attr name="anrCreated">false</attr>
    <attr name="isHoAllowed">true</attr>
  </mo>
  <mo fdn="SubNetwork=ONRM_RootMo_R,MeContext=LTE01ERBS00004,ManagedElement=1,ENodeBFunction=1,EUtranCellFDD=LTE01ERBS00004-1,EUtranFreqRelation=2,EUtranCellRelation=24" lastModified="1287504765018" mimName="ERBS_NODE_MODEL" mimVersion="A.9.50.J.9.1">
    <attr name="isRemoveAllowed">false</attr>
    <attr name="neighborCellRef">SubNetwork=ONRM_RootMo_R,MeContext=LTE01ERBS00004,ManagedElement=1,ENodeBFunction=1,EUtraNetwork=1,ExternalENodeBFunction=12,ExternalEUtranCellFDD=1</attr>
    <attr name="anrCreated">false</attr>
    <attr name="isHoAllowed">true</attr>
  </mo>
  <mo fdn="SubNetwork=ONRM_RootMo_R,MeContext=LTE01ERBS00004,ManagedElement=1,ENodeBFunction=1,EUtranCellFDD=LTE01ERBS00004-1,EUtranFreqRelation=2,EUtranCellRelation=25" lastModified="1287504765013" mimName="ERBS_NODE_MODEL" mimVersion="A.9.50.J.9.1">
    <attr name="isRemoveAllowed">false</attr>
    <attr name="neighborCellRef">SubNetwork=ONRM_RootMo_R,MeContext=LTE01ERBS00004,ManagedElement=1,ENodeBFunction=1,EUtraNetwork=1,ExternalENodeBFunction=12,ExternalEUtranCellFDD=2</attr>
    <attr name="anrCreated">false</attr>
    <attr name="isHoAllowed">true</attr>
  </mo>
  <mo fdn="SubNetwork=ONRM_RootMo_R,MeContext=LTE01ERBS00004,ManagedElement=1,ENodeBFunction=1,EUtranCellFDD=LTE01ERBS00004-1,EUtranFreqRelation=2,EUtranCellRelation=28" lastModified="1287504765077" mimName="ERBS_NODE_MODEL" mimVersion="A.9.50.J.9.1">
    <attr name="isRemoveAllowed">false</attr>
    <attr name="neighborCellRef">SubNetwork=ONRM_RootMo_R,MeContext=LTE01ERBS00004,ManagedElement=1,ENodeBFunction=1,EUtraNetwork=1,ExternalENodeBFunction=14,ExternalEUtranCellFDD=1</attr>
    <attr name="anrCreated">false</attr>
    <attr name="isHoAllowed">true</attr>
  </mo>
  <mo fdn="SubNetwork=ONRM_RootMo_R,MeContext=LTE01ERBS00004,ManagedElement=1,ENodeBFunction=1,EUtranCellFDD=LTE01ERBS00004-1,EUtranFreqRelation=2,EUtranCellRelation=29" lastModified="1287504765076" mimName="ERBS_NODE_MODEL" mimVersion="A.9.50.J.9.1">
    <attr name="isRemoveAllowed">false</attr>
    <attr name="neighborCellRef">SubNetwork=ONRM_RootMo_R,MeContext=LTE01ERBS00004,ManagedElement=1,ENodeBFunction=1,EUtraNetwork=1,ExternalENodeBFunction=14,ExternalEUtranCellFDD=2</attr>
    <attr name="anrCreated">false</attr>
    <attr name="isHoAllowed">true</attr>
  </mo>
  <mo fdn="SubNetwork=ONRM_RootMo_R,MeContext=LTE01ERBS00004,ManagedElement=1,ENodeBFunction=1,EUtranCellFDD=LTE01ERBS00004-1,EUtranFreqRelation=2,EUtranCellRelation=3" lastModified="1287501120799" mimName="ERBS_NODE_MODEL" mimVersion="A.9.50.J.9.1">
    <attr name="isRemoveAllowed">false</attr>
    <attr name="neighborCellRef">SubNetwork=ONRM_RootMo_R,MeContext=LTE01ERBS00004,ManagedElement=1,ENodeBFunction=1,EUtranCellFDD=LTE01ERBS00004-4</attr>
    <attr name="anrCreated">false</attr>
    <attr name="isHoAllowed">true</attr>
  </mo>
  <mo fdn="SubNetwork=ONRM_RootMo_R,MeContext=LTE01ERBS00004,ManagedElement=1,ENodeBFunction=1,EUtranCellFDD=LTE01ERBS00004-1,EUtranFreqRelation=2,EUtranCellRelation=32" lastModified="1287504765010" mimName="ERBS_NODE_MODEL" mimVersion="A.9.50.J.9.1">
    <attr name="isRemoveAllowed">false</attr>
    <attr name="neighborCellRef">SubNetwork=ONRM_RootMo_R,MeContext=LTE01ERBS00004,ManagedElement=1,ENodeBFunction=1,EUtraNetwork=1,ExternalENodeBFunction=16,ExternalEUtranCellFDD=1</attr>
    <attr name="anrCreated">false</attr>
    <attr name="isHoAllowed">true</attr>
  </mo>
  <mo fdn="SubNetwork=ONRM_RootMo_R,MeContext=LTE01ERBS00004,ManagedElement=1,ENodeBFunction=1,EUtranCellFDD=LTE01ERBS00004-1,EUtranFreqRelation=2,EUtranCellRelation=33" lastModified="1287504765071" mimName="ERBS_NODE_MODEL" mimVersion="A.9.50.J.9.1">
    <attr name="isRemoveAllowed">false</attr>
    <attr name="neighborCellRef">SubNetwork=ONRM_RootMo_R,MeContext=LTE01ERBS00004,ManagedElement=1,ENodeBFunction=1,EUtraNetwork=1,ExternalENodeBFunction=16,ExternalEUtranCellFDD=2</attr>
    <attr name="anrCreated">false</attr>
    <attr name="isHoAllowed">true</attr>
  </mo>
  <mo fdn="SubNetwork=ONRM_RootMo_R,MeContext=LTE01ERBS00004,ManagedElement=1,ENodeBFunction=1,EUtranCellFDD=LTE01ERBS00004-1,EUtranFreqRelation=2,EUtranCellRelation=6" lastModified="1287504765072" mimName="ERBS_NODE_MODEL" mimVersion="A.9.50.J.9.1">
    <attr name="isRemoveAllowed">false</attr>
    <attr name="neighborCellRef">SubNetwork=ONRM_RootMo_R,MeContext=LTE01ERBS00004,ManagedElement=1,ENodeBFunction=1,EUtraNetwork=1,ExternalENodeBFunction=2,ExternalEUtranCellFDD=1</attr>
    <attr name="anrCreated">false</attr>
    <attr name="isHoAllowed">true</attr>
  </mo>
  <mo fdn="SubNetwork=ONRM_RootMo_R,MeContext=LTE01ERBS00004,ManagedElement=1,ENodeBFunction=1,EUtranCellFDD=LTE01ERBS00004-1,EUtranFreqRelation=2,EUtranCellRelation=7" lastModified="1287504765074" mimName="ERBS_NODE_MODEL" mimVersion="A.9.50.J.9.1">
    <attr name="isRemoveAllowed">false</attr>
    <attr name="neighborCellRef">SubNetwork=ONRM_RootMo_R,MeContext=LTE01ERBS00004,ManagedElement=1,ENodeBFunction=1,EUtraNetwork=1,ExternalENodeBFunction=2,ExternalEUtranCellFDD=2</attr>
    <attr name="anrCreated">false</attr>
    <attr name="isHoAllowed">true</attr>
  </mo>
  <mo fdn="SubNetwork=ONRM_RootMo_R,MeContext=LTE01ERBS00004,ManagedElement=1,ENodeBFunction=1,EUtranCellFDD=LTE01ERBS00004-2" lastModified="1287512075853" mimName="ERBS_NODE_MODEL" mimVersion="A.9.50.J.9.1">
    <attr name="EUtranCellFDDId">LTE01ERBS00004-2</attr>
    <attr name="earfcnul">18000</attr>
    <attr name="cellId">2</attr>
    <attr name="tac">4</attr>
    <attr name="bPlmnList">
      <seq count="1">
        <item>
          <struct>
            <attr name="mcc">310</attr>
            <attr name="mnc">38</attr>
            <attr name="mncLength">2</attr>
          </struct>
        </item>
      </seq>
    </attr>
    <attr name="earfcndl">0</attr>
    <attr name="userLabel">LTE01ERBS00004-2</attr>
  </mo>
  <mo fdn="SubNetwork=ONRM_RootMo_R,MeContext=LTE01ERBS00004,ManagedElement=1,ENodeBFunction=1,EUtranCellFDD=LTE01ERBS00004-2,EUtranFreqRelation=1,EUtranCellRelation=10" lastModified="1287501707343" mimName="ERBS_NODE_MODEL" mimVersion="A.9.50.J.9.1">
    <attr name="isRemoveAllowed">false</attr>
    <attr name="neighborCellRef">SubNetwork=ONRM_RootMo_R,MeContext=LTE01ERBS00004,ManagedElement=1,ENodeBFunction=1,EUtraNetwork=1,ExternalENodeBFunction=5,ExternalEUtranCellFDD=1</attr>
    <attr name="anrCreated">false</attr>
    <attr name="isHoAllowed">true</attr>
  </mo>
  <mo fdn="SubNetwork=ONRM_RootMo_R,MeContext=LTE01ERBS00004,ManagedElement=1,ENodeBFunction=1,EUtranCellFDD=LTE01ERBS00004-2,EUtranFreqRelation=1,EUtranCellRelation=11" lastModified="1287501707342" mimName="ERBS_NODE_MODEL" mimVersion="A.9.50.J.9.1">
    <attr name="isRemoveAllowed">false</attr>
    <attr name="neighborCellRef">SubNetwork=ONRM_RootMo_R,MeContext=LTE01ERBS00004,ManagedElement=1,ENodeBFunction=1,EUtraNetwork=1,ExternalENodeBFunction=5,ExternalEUtranCellFDD=2</attr>
    <attr name="anrCreated">false</attr>
    <attr name="isHoAllowed">true</attr>
  </mo>
  <mo fdn="SubNetwork=ONRM_RootMo_R,MeContext=LTE01ERBS00004,ManagedElement=1,ENodeBFunction=1,EUtranCellFDD=LTE01ERBS00004-2,EUtranFreqRelation=1,EUtranCellRelation=14" lastModified="1287501707337" mimName="ERBS_NODE_MODEL" mimVersion="A.9.50.J.9.1">
    <attr name="isRemoveAllowed">false</attr>
    <attr name="neighborCellRef">SubNetwork=ONRM_RootMo_R,MeContext=LTE01ERBS00004,ManagedElement=1,ENodeBFunction=1,EUtraNetwork=1,ExternalENodeBFunction=7,ExternalEUtranCellFDD=1</attr>
    <attr name="anrCreated">false</attr>
    <attr name="isHoAllowed">true</attr>
  </mo>
  <mo fdn="SubNetwork=ONRM_RootMo_R,MeContext=LTE01ERBS00004,ManagedElement=1,ENodeBFunction=1,EUtranCellFDD=LTE01ERBS00004-2,EUtranFreqRelation=1,EUtranCellRelation=15" lastModified="1287501707347" mimName="ERBS_NODE_MODEL" mimVersion="A.9.50.J.9.1">
    <attr name="isRemoveAllowed">false</attr>
    <attr name="neighborCellRef">SubNetwork=ONRM_RootMo_R,MeContext=LTE01ERBS00004,ManagedElement=1,ENodeBFunction=1,EUtraNetwork=1,ExternalENodeBFunction=7,ExternalEUtranCellFDD=2</attr>
    <attr name="anrCreated">false</attr>
    <attr name="isHoAllowed">true</attr>
  </mo>
  <mo fdn="SubNetwork=ONRM_RootMo_R,MeContext=LTE01ERBS00004,ManagedElement=1,ENodeBFunction=1,EUtranCellFDD=LTE01ERBS00004-2,EUtranFreqRelation=1,EUtranCellRelation=18" lastModified="1287504806424" mimName="ERBS_NODE_MODEL" mimVersion="A.9.50.J.9.1">
    <attr name="isRemoveAllowed">false</attr>
    <attr name="neighborCellRef">SubNetwork=ONRM_RootMo_R,MeContext=LTE01ERBS00004,ManagedElement=1,ENodeBFunction=1,EUtraNetwork=1,ExternalENodeBFunction=9,ExternalEUtranCellFDD=1</attr>
    <attr name="anrCreated">false</attr>
    <attr name="isHoAllowed">true</attr>
  </mo>
  <mo fdn="SubNetwork=ONRM_RootMo_R,MeContext=LTE01ERBS00004,ManagedElement=1,ENodeBFunction=1,EUtranCellFDD=LTE01ERBS00004-2,EUtranFreqRelation=1,EUtranCellRelation=19" lastModified="1287504806422" mimName="ERBS_NODE_MODEL" mimVersion="A.9.50.J.9.1">
    <attr name="isRemoveAllowed">false</attr>
    <attr name="neighborCellRef">SubNetwork=ONRM_RootMo_R,MeContext=LTE01ERBS00004,ManagedElement=1,ENodeBFunction=1,EUtraNetwork=1,ExternalENodeBFunction=9,ExternalEUtranCellFDD=2</attr>
    <attr name="anrCreated">false</attr>
    <attr name="isHoAllowed">true</attr>
  </mo>
  <mo fdn="SubNetwork=ONRM_RootMo_R,MeContext=LTE01ERBS00004,ManagedElement=1,ENodeBFunction=1,EUtranCellFDD=LTE01ERBS00004-2,EUtranFreqRelation=1,EUtranCellRelation=22" lastModified="1287501707339" mimName="ERBS_NODE_MODEL" mimVersion="A.9.50.J.9.1">
    <attr name="isRemoveAllowed">false</attr>
    <attr name="neighborCellRef">SubNetwork=ONRM_RootMo_R,MeContext=LTE01ERBS00004,ManagedElement=1,ENodeBFunction=1,EUtraNetwork=1,ExternalENodeBFunction=11,ExternalEUtranCellFDD=1</attr>
    <attr name="anrCreated">false</attr>
    <attr name="isHoAllowed">true</attr>
  </mo>
  <mo fdn="SubNetwork=ONRM_RootMo_R,MeContext=LTE01ERBS00004,ManagedElement=1,ENodeBFunction=1,EUtranCellFDD=LTE01ERBS00004-2,EUtranFreqRelation=1,EUtranCellRelation=23" lastModified="1287501707338" mimName="ERBS_NODE_MODEL" mimVersion="A.9.50.J.9.1">
    <attr name="isRemoveAllowed">false</attr>
    <attr name="neighborCellRef">SubNetwork=ONRM_RootMo_R,MeContext=LTE01ERBS00004,ManagedElement=1,ENodeBFunction=1,EUtraNetwork=1,ExternalENodeBFunction=11,ExternalEUtranCellFDD=2</attr>
    <attr name="anrCreated">false</attr>
    <attr name="isHoAllowed">true</attr>
  </mo>
  <mo fdn="SubNetwork=ONRM_RootMo_R,MeContext=LTE01ERBS00004,ManagedElement=1,ENodeBFunction=1,EUtranCellFDD=LTE01ERBS00004-2,EUtranFreqRelation=1,EUtranCellRelation=26" lastModified="1287504806428" mimName="ERBS_NODE_MODEL" mimVersion="A.9.50.J.9.1">
    <attr name="isRemoveAllowed">false</attr>
    <attr name="neighborCellRef">SubNetwork=ONRM_RootMo_R,MeContext=LTE01ERBS00004,ManagedElement=1,ENodeBFunction=1,EUtraNetwork=1,ExternalENodeBFunction=13,ExternalEUtranCellFDD=1</attr>
    <attr name="anrCreated">false</attr>
    <attr name="isHoAllowed">true</attr>
  </mo>
  <mo fdn="SubNetwork=ONRM_RootMo_R,MeContext=LTE01ERBS00004,ManagedElement=1,ENodeBFunction=1,EUtranCellFDD=LTE01ERBS00004-2,EUtranFreqRelation=1,EUtranCellRelation=27" lastModified="1287504806425" mimName="ERBS_NODE_MODEL" mimVersion="A.9.50.J.9.1">
    <attr name="isRemoveAllowed">false</attr>
    <attr name="neighborCellRef">SubNetwork=ONRM_RootMo_R,MeContext=LTE01ERBS00004,ManagedElement=1,ENodeBFunction=1,EUtraNetwork=1,ExternalENodeBFunction=13,ExternalEUtranCellFDD=2</attr>
    <attr name="anrCreated">false</attr>
    <attr name="isHoAllowed">true</attr>
  </mo>
  <mo fdn="SubNetwork=ONRM_RootMo_R,MeContext=LTE01ERBS00004,ManagedElement=1,ENodeBFunction=1,EUtranCellFDD=LTE01ERBS00004-2,EUtranFreqRelation=1,EUtranCellRelation=30" lastModified="1287501707341" mimName="ERBS_NODE_MODEL" mimVersion="A.9.50.J.9.1">
    <attr name="isRemoveAllowed">false</attr>
    <attr name="neighborCellRef">SubNetwork=ONRM_RootMo_R,MeContext=LTE01ERBS00004,ManagedElement=1,ENodeBFunction=1,EUtraNetwork=1,ExternalENodeBFunction=15,ExternalEUtranCellFDD=1</attr>
    <attr name="anrCreated">false</attr>
    <attr name="isHoAllowed">true</attr>
  </mo>
  <mo fdn="SubNetwork=ONRM_RootMo_R,MeContext=LTE01ERBS00004,ManagedElement=1,ENodeBFunction=1,EUtranCellFDD=LTE01ERBS00004-2,EUtranFreqRelation=1,EUtranCellRelation=31" lastModified="1287501707340" mimName="ERBS_NODE_MODEL" mimVersion="A.9.50.J.9.1">
    <attr name="isRemoveAllowed">false</attr>
    <attr name="neighborCellRef">SubNetwork=ONRM_RootMo_R,MeContext=LTE01ERBS00004,ManagedElement=1,ENodeBFunction=1,EUtraNetwork=1,ExternalENodeBFunction=15,ExternalEUtranCellFDD=2</attr>
    <attr name="anrCreated">false</attr>
    <attr name="isHoAllowed">true</attr>
  </mo>
  <mo fdn="SubNetwork=ONRM_RootMo_R,MeContext=LTE01ERBS00004,ManagedElement=1,ENodeBFunction=1,EUtranCellFDD=LTE01ERBS00004-2,EUtranFreqRelation=1,EUtranCellRelation=4" lastModified="1287501707346" mimName="ERBS_NODE_MODEL" mimVersion="A.9.50.J.9.1">
    <attr name="isRemoveAllowed">false</attr>
    <attr name="neighborCellRef">SubNetwork=ONRM_RootMo_R,MeContext=LTE01ERBS00004,ManagedElement=1,ENodeBFunction=1,EUtraNetwork=1,ExternalENodeBFunction=1,ExternalEUtranCellFDD=1</attr>
    <attr name="anrCreated">false</attr>
    <attr name="isHoAllowed">true</attr>
  </mo>
  <mo fdn="SubNetwork=ONRM_RootMo_R,MeContext=LTE01ERBS00004,ManagedElement=1,ENodeBFunction=1,EUtranCellFDD=LTE01ERBS00004-2,EUtranFreqRelation=1,EUtranCellRelation=5" lastModified="1287501707348" mimName="ERBS_NODE_MODEL" mimVersion="A.9.50.J.9.1">
    <attr name="isRemoveAllowed">false</attr>
    <attr name="neighborCellRef">SubNetwork=ONRM_RootMo_R,MeContext=LTE01ERBS00004,ManagedElement=1,ENodeBFunction=1,EUtraNetwork=1,ExternalENodeBFunction=1,ExternalEUtranCellFDD=2</attr>
    <attr name="anrCreated">false</attr>
    <attr name="isHoAllowed">true</attr>
  </mo>
  <mo fdn="SubNetwork=ONRM_RootMo_R,MeContext=LTE01ERBS00004,ManagedElement=1,ENodeBFunction=1,EUtranCellFDD=LTE01ERBS00004-2,EUtranFreqRelation=1,EUtranCellRelation=8" lastModified="1287501707343" mimName="ERBS_NODE_MODEL" mimVersion="A.9.50.J.9.1">
    <attr name="isRemoveAllowed">false</attr>
    <attr name="neighborCellRef">SubNetwork=ONRM_RootMo_R,MeContext=LTE01ERBS00004,ManagedElement=1,ENodeBFunction=1,EUtraNetwork=1,ExternalENodeBFunction=3,ExternalEUtranCellFDD=1</attr>
    <attr name="anrCreated">false</attr>
    <attr name="isHoAllowed">true</attr>
  </mo>
  <mo fdn="SubNetwork=ONRM_RootMo_R,MeContext=LTE01ERBS00004,ManagedElement=1,ENodeBFunction=1,EUtranCellFDD=LTE01ERBS00004-2,EUtranFreqRelation=1,EUtranCellRelation=9" lastModified="1287501707344" mimName="ERBS_NODE_MODEL" mimVersion="A.9.50.J.9.1">
    <attr name="isRemoveAllowed">false</attr>
    <attr name="neighborCellRef">SubNetwork=ONRM_RootMo_R,MeContext=LTE01ERBS00004,ManagedElement=1,ENodeBFunction=1,EUtraNetwork=1,ExternalENodeBFunction=3,ExternalEUtranCellFDD=2</attr>
    <attr name="anrCreated">false</attr>
    <attr name="isHoAllowed">true</attr>
  </mo>
  <mo fdn="SubNetwork=ONRM_RootMo_R,MeContext=LTE01ERBS00004,ManagedElement=1,ENodeBFunction=1,EUtranCellFDD=LTE01ERBS00004-2,EUtranFreqRelation=2,EUtranCellRelation=1" lastModified="1287501122721" mimName="ERBS_NODE_MODEL" mimVersion="A.9.50.J.9.1">
    <attr name="isRemoveAllowed">false</attr>
    <attr name="neighborCellRef">SubNetwork=ONRM_RootMo_R,MeContext=LTE01ERBS00004,ManagedElement=1,ENodeBFunction=1,EUtranCellFDD=LTE01ERBS00004-1</attr>
    <attr name="anrCreated">false</attr>
    <attr name="isHoAllowed">true</attr>
  </mo>
  <mo fdn="SubNetwork=ONRM_RootMo_R,MeContext=LTE01ERBS00004,ManagedElement=1,ENodeBFunction=1,EUtranCellFDD=LTE01ERBS00004-2,EUtranFreqRelation=2,EUtranCellRelation=12" lastModified="1287504806406" mimName="ERBS_NODE_MODEL" mimVersion="A.9.50.J.9.1">
    <attr name="isRemoveAllowed">false</attr>
    <attr name="neighborCellRef">SubNetwork=ONRM_RootMo_R,MeContext=LTE01ERBS00004,ManagedElement=1,ENodeBFunction=1,EUtraNetwork=1,ExternalENodeBFunction=6,ExternalEUtranCellFDD=1</attr>
    <attr name="anrCreated">false</attr>
    <attr name="isHoAllowed">true</attr>
  </mo>
  <mo fdn="SubNetwork=ONRM_RootMo_R,MeContext=LTE01ERBS00004,ManagedElement=1,ENodeBFunction=1,EUtranCellFDD=LTE01ERBS00004-2,EUtranFreqRelation=2,EUtranCellRelation=13" lastModified="1287504806403" mimName="ERBS_NODE_MODEL" mimVersion="A.9.50.J.9.1">
    <attr name="isRemoveAllowed">false</attr>
    <attr name="neighborCellRef">SubNetwork=ONRM_RootMo_R,MeContext=LTE01ERBS00004,ManagedElement=1,ENodeBFunction=1,EUtraNetwork=1,ExternalENodeBFunction=6,ExternalEUtranCellFDD=2</attr>
    <attr name="anrCreated">false</attr>
    <attr name="isHoAllowed">true</attr>
  </mo>
  <mo fdn="SubNetwork=ONRM_RootMo_R,MeContext=LTE01ERBS00004,ManagedElement=1,ENodeBFunction=1,EUtranCellFDD=LTE01ERBS00004-2,EUtranFreqRelation=2,EUtranCellRelation=16" lastModified="1287501707332" mimName="ERBS_NODE_MODEL" mimVersion="A.9.50.J.9.1">
    <attr name="isRemoveAllowed">false</attr>
    <attr name="neighborCellRef">SubNetwork=ONRM_RootMo_R,MeContext=LTE01ERBS00004,ManagedElement=1,ENodeBFunction=1,EUtraNetwork=1,ExternalENodeBFunction=8,ExternalEUtranCellFDD=1</attr>
    <attr name="anrCreated">false</attr>
    <attr name="isHoAllowed">true</attr>
  </mo>
  <mo fdn="SubNetwork=ONRM_RootMo_R,MeContext=LTE01ERBS00004,ManagedElement=1,ENodeBFunction=1,EUtranCellFDD=LTE01ERBS00004-2,EUtranFreqRelation=2,EUtranCellRelation=17" lastModified="1287501707312" mimName="ERBS_NODE_MODEL" mimVersion="A.9.50.J.9.1">
    <attr name="isRemoveAllowed">false</attr>
    <attr name="neighborCellRef">SubNetwork=ONRM_RootMo_R,MeContext=LTE01ERBS00004,ManagedElement=1,ENodeBFunction=1,EUtraNetwork=1,ExternalENodeBFunction=8,ExternalEUtranCellFDD=2</attr>
    <attr name="anrCreated">false</attr>
    <attr name="isHoAllowed">true</attr>
  </mo>
  <mo fdn="SubNetwork=ONRM_RootMo_R,MeContext=LTE01ERBS00004,ManagedElement=1,ENodeBFunction=1,EUtranCellFDD=LTE01ERBS00004-2,EUtranFreqRelation=2,EUtranCellRelation=2" lastModified="1287501122688" mimName="ERBS_NODE_MODEL" mimVersion="A.9.50.J.9.1">
    <attr name="isRemoveAllowed">false</attr>
    <attr name="neighborCellRef">SubNetwork=ONRM_RootMo_R,MeContext=LTE01ERBS00004,ManagedElement=1,ENodeBFunction=1,EUtranCellFDD=LTE01ERBS00004-3</attr>
    <attr name="anrCreated">false</attr>
    <attr name="isHoAllowed">true</attr>
  </mo>
  <mo fdn="SubNetwork=ONRM_RootMo_R,MeContext=LTE01ERBS00004,ManagedElement=1,ENodeBFunction=1,EUtranCellFDD=LTE01ERBS00004-2,EUtranFreqRelation=2,EUtranCellRelation=20" lastModified="1287504806410" mimName="ERBS_NODE_MODEL" mimVersion="A.9.50.J.9.1">
    <attr name="isRemoveAllowed">false</attr>
    <attr name="neighborCellRef">SubNetwork=ONRM_RootMo_R,MeContext=LTE01ERBS00004,ManagedElement=1,ENodeBFunction=1,EUtraNetwork=1,ExternalENodeBFunction=10,ExternalEUtranCellFDD=1</attr>
    <attr name="anrCreated">false</attr>
    <attr name="isHoAllowed">true</attr>
  </mo>
  <mo fdn="SubNetwork=ONRM_RootMo_R,MeContext=LTE01ERBS00004,ManagedElement=1,ENodeBFunction=1,EUtranCellFDD=LTE01ERBS00004-2,EUtranFreqRelation=2,EUtranCellRelation=21" lastModified="1287504806409" mimName="ERBS_NODE_MODEL" mimVersion="A.9.50.J.9.1">
    <attr name="isRemoveAllowed">false</attr>
    <attr name="neighborCellRef">SubNetwork=ONRM_RootMo_R,MeContext=LTE01ERBS00004,ManagedElement=1,ENodeBFunction=1,EUtraNetwork=1,ExternalENodeBFunction=10,ExternalEUtranCellFDD=2</attr>
    <attr name="anrCreated">false</attr>
    <attr name="isHoAllowed">true</attr>
  </mo>
  <mo fdn="SubNetwork=ONRM_RootMo_R,MeContext=LTE01ERBS00004,ManagedElement=1,ENodeBFunction=1,EUtranCellFDD=LTE01ERBS00004-2,EUtranFreqRelation=2,EUtranCellRelation=24" lastModified="1287504806408" mimName="ERBS_NODE_MODEL" mimVersion="A.9.50.J.9.1">
    <attr name="isRemoveAllowed">false</attr>
    <attr name="neighborCellRef">SubNetwork=ONRM_RootMo_R,MeContext=LTE01ERBS00004,ManagedElement=1,ENodeBFunction=1,EUtraNetwork=1,ExternalENodeBFunction=12,ExternalEUtranCellFDD=1</attr>
    <attr name="anrCreated">false</attr>
    <attr name="isHoAllowed">true</attr>
  </mo>
  <mo fdn="SubNetwork=ONRM_RootMo_R,MeContext=LTE01ERBS00004,ManagedElement=1,ENodeBFunction=1,EUtranCellFDD=LTE01ERBS00004-2,EUtranFreqRelation=2,EUtranCellRelation=25" lastModified="1287504806405" mimName="ERBS_NODE_MODEL" mimVersion="A.9.50.J.9.1">
    <attr name="isRemoveAllowed">false</attr>
    <attr name="neighborCellRef">SubNetwork=ONRM_RootMo_R,MeContext=LTE01ERBS00004,ManagedElement=1,ENodeBFunction=1,EUtraNetwork=1,ExternalENodeBFunction=12,ExternalEUtranCellFDD=2</attr>
    <attr name="anrCreated">false</attr>
    <attr name="isHoAllowed">true</attr>
  </mo>
  <mo fdn="SubNetwork=ONRM_RootMo_R,MeContext=LTE01ERBS00004,ManagedElement=1,ENodeBFunction=1,EUtranCellFDD=LTE01ERBS00004-2,EUtranFreqRelation=2,EUtranCellRelation=28" lastModified="1287504806418" mimName="ERBS_NODE_MODEL" mimVersion="A.9.50.J.9.1">
    <attr name="isRemoveAllowed">false</attr>
    <attr name="neighborCellRef">SubNetwork=ONRM_RootMo_R,MeContext=LTE01ERBS00004,ManagedElement=1,ENodeBFunction=1,EUtraNetwork=1,ExternalENodeBFunction=14,ExternalEUtranCellFDD=1</attr>
    <attr name="anrCreated">false</attr>
    <attr name="isHoAllowed">true</attr>
  </mo>
  <mo fdn="SubNetwork=ONRM_RootMo_R,MeContext=LTE01ERBS00004,ManagedElement=1,ENodeBFunction=1,EUtranCellFDD=LTE01ERBS00004-2,EUtranFreqRelation=2,EUtranCellRelation=29" lastModified="1287504806416" mimName="ERBS_NODE_MODEL" mimVersion="A.9.50.J.9.1">
    <attr name="isRemoveAllowed">false</attr>
    <attr name="neighborCellRef">SubNetwork=ONRM_RootMo_R,MeContext=LTE01ERBS00004,ManagedElement=1,ENodeBFunction=1,EUtraNetwork=1,ExternalENodeBFunction=14,ExternalEUtranCellFDD=2</attr>
    <attr name="anrCreated">false</attr>
    <attr name="isHoAllowed">true</attr>
  </mo>
  <mo fdn="SubNetwork=ONRM_RootMo_R,MeContext=LTE01ERBS00004,ManagedElement=1,ENodeBFunction=1,EUtranCellFDD=LTE01ERBS00004-2,EUtranFreqRelation=2,EUtranCellRelation=3" lastModified="1287501122664" mimName="ERBS_NODE_MODEL" mimVersion="A.9.50.J.9.1">
    <attr name="isRemoveAllowed">false</attr>
    <attr name="neighborCellRef">SubNetwork=ONRM_RootMo_R,MeContext=LTE01ERBS00004,ManagedElement=1,ENodeBFunction=1,EUtranCellFDD=LTE01ERBS00004-4</attr>
    <attr name="anrCreated">false</attr>
    <attr name="isHoAllowed">true</attr>
  </mo>
  <mo fdn="SubNetwork=ONRM_RootMo_R,MeContext=LTE01ERBS00004,ManagedElement=1,ENodeBFunction=1,EUtranCellFDD=LTE01ERBS00004-2,EUtranFreqRelation=2,EUtranCellRelation=32" lastModified="1287504806400" mimName="ERBS_NODE_MODEL" mimVersion="A.9.50.J.9.1">
    <attr name="isRemoveAllowed">false</attr>
    <attr name="neighborCellRef">SubNetwork=ONRM_RootMo_R,MeContext=LTE01ERBS00004,ManagedElement=1,ENodeBFunction=1,EUtraNetwork=1,ExternalENodeBFunction=16,ExternalEUtranCellFDD=1</attr>
    <attr name="anrCreated">false</attr>
    <attr name="isHoAllowed">true</attr>
  </mo>
  <mo fdn="SubNetwork=ONRM_RootMo_R,MeContext=LTE01ERBS00004,ManagedElement=1,ENodeBFunction=1,EUtranCellFDD=LTE01ERBS00004-2,EUtranFreqRelation=2,EUtranCellRelation=33" lastModified="1287504806412" mimName="ERBS_NODE_MODEL" mimVersion="A.9.50.J.9.1">
    <attr name="isRemoveAllowed">false</attr>
    <attr name="neighborCellRef">SubNetwork=ONRM_RootMo_R,MeContext=LTE01ERBS00004,ManagedElement=1,ENodeBFunction=1,EUtraNetwork=1,ExternalENodeBFunction=16,ExternalEUtranCellFDD=2</attr>
    <attr name="anrCreated">false</attr>
    <attr name="isHoAllowed">true</attr>
  </mo>
  <mo fdn="SubNetwork=ONRM_RootMo_R,MeContext=LTE01ERBS00004,ManagedElement=1,ENodeBFunction=1,EUtranCellFDD=LTE01ERBS00004-2,EUtranFreqRelation=2,EUtranCellRelation=6" lastModified="1287504806414" mimName="ERBS_NODE_MODEL" mimVersion="A.9.50.J.9.1">
    <attr name="isRemoveAllowed">false</attr>
    <attr name="neighborCellRef">SubNetwork=ONRM_RootMo_R,MeContext=LTE01ERBS00004,ManagedElement=1,ENodeBFunction=1,EUtraNetwork=1,ExternalENodeBFunction=2,ExternalEUtranCellFDD=1</attr>
    <attr name="anrCreated">false</attr>
    <attr name="isHoAllowed">true</attr>
  </mo>
  <mo fdn="SubNetwork=ONRM_RootMo_R,MeContext=LTE01ERBS00004,ManagedElement=1,ENodeBFunction=1,EUtranCellFDD=LTE01ERBS00004-2,EUtranFreqRelation=2,EUtranCellRelation=7" lastModified="1287504806415" mimName="ERBS_NODE_MODEL" mimVersion="A.9.50.J.9.1">
    <attr name="isRemoveAllowed">false</attr>
    <attr name="neighborCellRef">SubNetwork=ONRM_RootMo_R,MeContext=LTE01ERBS00004,ManagedElement=1,ENodeBFunction=1,EUtraNetwork=1,ExternalENodeBFunction=2,ExternalEUtranCellFDD=2</attr>
    <attr name="anrCreated">false</attr>
    <attr name="isHoAllowed">true</attr>
  </mo>
  <mo fdn="SubNetwork=ONRM_RootMo_R,MeContext=LTE01ERBS00004,ManagedElement=1,ENodeBFunction=1,EUtranCellFDD=LTE01ERBS00004-3" lastModified="1287512075509" mimName="ERBS_NODE_MODEL" mimVersion="A.9.50.J.9.1">
    <attr name="EUtranCellFDDId">LTE01ERBS00004-3</attr>
    <attr name="earfcnul">18000</attr>
    <attr name="cellId">3</attr>
    <attr name="tac">4</attr>
    <attr name="bPlmnList">
      <seq count="1">
        <item>
          <struct>
            <attr name="mcc">310</attr>
            <attr name="mnc">560</attr>
            <attr name="mncLength">2</attr>
          </struct>
        </item>
      </seq>
    </attr>
    <attr name="earfcndl">0</attr>
    <attr name="userLabel">LTE01ERBS00004-3</attr>
  </mo>
  <mo fdn="SubNetwork=ONRM_RootMo_R,MeContext=LTE01ERBS00004,ManagedElement=1,ENodeBFunction=1,EUtranCellFDD=LTE01ERBS00004-3,EUtranFreqRelation=1,EUtranCellRelation=10" lastModified="1287501707133" mimName="ERBS_NODE_MODEL" mimVersion="A.9.50.J.9.1">
    <attr name="isRemoveAllowed">false</attr>
    <attr name="neighborCellRef">SubNetwork=ONRM_RootMo_R,MeContext=LTE01ERBS00004,ManagedElement=1,ENodeBFunction=1,EUtraNetwork=1,ExternalENodeBFunction=5,ExternalEUtranCellFDD=3</attr>
    <attr name="anrCreated">false</attr>
    <attr name="isHoAllowed">true</attr>
  </mo>
  <mo fdn="SubNetwork=ONRM_RootMo_R,MeContext=LTE01ERBS00004,ManagedElement=1,ENodeBFunction=1,EUtranCellFDD=LTE01ERBS00004-3,EUtranFreqRelation=1,EUtranCellRelation=11" lastModified="1287501707131" mimName="ERBS_NODE_MODEL" mimVersion="A.9.50.J.9.1">
    <attr name="isRemoveAllowed">false</attr>
    <attr name="neighborCellRef">SubNetwork=ONRM_RootMo_R,MeContext=LTE01ERBS00004,ManagedElement=1,ENodeBFunction=1,EUtraNetwork=1,ExternalENodeBFunction=5,ExternalEUtranCellFDD=4</attr>
    <attr name="anrCreated">false</attr>
    <attr name="isHoAllowed">true</attr>
  </mo>
  <mo fdn="SubNetwork=ONRM_RootMo_R,MeContext=LTE01ERBS00004,ManagedElement=1,ENodeBFunction=1,EUtranCellFDD=LTE01ERBS00004-3,EUtranFreqRelation=1,EUtranCellRelation=14" lastModified="1287501707126" mimName="ERBS_NODE_MODEL" mimVersion="A.9.50.J.9.1">
    <attr name="isRemoveAllowed">false</attr>
    <attr name="neighborCellRef">SubNetwork=ONRM_RootMo_R,MeContext=LTE01ERBS00004,ManagedElement=1,ENodeBFunction=1,EUtraNetwork=1,ExternalENodeBFunction=7,ExternalEUtranCellFDD=3</attr>
    <attr name="anrCreated">false</attr>
    <attr name="isHoAllowed">true</attr>
  </mo>
  <mo fdn="SubNetwork=ONRM_RootMo_R,MeContext=LTE01ERBS00004,ManagedElement=1,ENodeBFunction=1,EUtranCellFDD=LTE01ERBS00004-3,EUtranFreqRelation=1,EUtranCellRelation=15" lastModified="1287501707137" mimName="ERBS_NODE_MODEL" mimVersion="A.9.50.J.9.1">
    <attr name="isRemoveAllowed">false</attr>
    <attr name="neighborCellRef">SubNetwork=ONRM_RootMo_R,MeContext=LTE01ERBS00004,ManagedElement=1,ENodeBFunction=1,EUtraNetwork=1,ExternalENodeBFunction=7,ExternalEUtranCellFDD=4</attr>
    <attr name="anrCreated">false</attr>
    <attr name="isHoAllowed">true</attr>
  </mo>
  <mo fdn="SubNetwork=ONRM_RootMo_R,MeContext=LTE01ERBS00004,ManagedElement=1,ENodeBFunction=1,EUtranCellFDD=LTE01ERBS00004-3,EUtranFreqRelation=1,EUtranCellRelation=18" lastModified="1287504805040" mimName="ERBS_NODE_MODEL" mimVersion="A.9.50.J.9.1">
    <attr name="isRemoveAllowed">false</attr>
    <attr name="neighborCellRef">SubNetwork=ONRM_RootMo_R,MeContext=LTE01ERBS00004,ManagedElement=1,ENodeBFunction=1,EUtraNetwork=1,ExternalENodeBFunction=9,ExternalEUtranCellFDD=3</attr>
    <attr name="anrCreated">false</attr>
    <attr name="isHoAllowed">true</attr>
  </mo>
  <mo fdn="SubNetwork=ONRM_RootMo_R,MeContext=LTE01ERBS00004,ManagedElement=1,ENodeBFunction=1,EUtranCellFDD=LTE01ERBS00004-3,EUtranFreqRelation=1,EUtranCellRelation=19" lastModified="1287504805038" mimName="ERBS_NODE_MODEL" mimVersion="A.9.50.J.9.1">
    <attr name="isRemoveAllowed">false</attr>
    <attr name="neighborCellRef">SubNetwork=ONRM_RootMo_R,MeContext=LTE01ERBS00004,ManagedElement=1,ENodeBFunction=1,EUtraNetwork=1,ExternalENodeBFunction=9,ExternalEUtranCellFDD=4</attr>
    <attr name="anrCreated">false</attr>
    <attr name="isHoAllowed">true</attr>
  </mo>
  <mo fdn="SubNetwork=ONRM_RootMo_R,MeContext=LTE01ERBS00004,ManagedElement=1,ENodeBFunction=1,EUtranCellFDD=LTE01ERBS00004-3,EUtranFreqRelation=1,EUtranCellRelation=22" lastModified="1287501707128" mimName="ERBS_NODE_MODEL" mimVersion="A.9.50.J.9.1">
    <attr name="isRemoveAllowed">false</attr>
    <attr name="neighborCellRef">SubNetwork=ONRM_RootMo_R,MeContext=LTE01ERBS00004,ManagedElement=1,ENodeBFunction=1,EUtraNetwork=1,ExternalENodeBFunction=11,ExternalEUtranCellFDD=3</attr>
    <attr name="anrCreated">false</attr>
    <attr name="isHoAllowed">true</attr>
  </mo>
  <mo fdn="SubNetwork=ONRM_RootMo_R,MeContext=LTE01ERBS00004,ManagedElement=1,ENodeBFunction=1,EUtranCellFDD=LTE01ERBS00004-3,EUtranFreqRelation=1,EUtranCellRelation=23" lastModified="1287501707127" mimName="ERBS_NODE_MODEL" mimVersion="A.9.50.J.9.1">
    <attr name="isRemoveAllowed">false</attr>
    <attr name="neighborCellRef">SubNetwork=ONRM_RootMo_R,MeContext=LTE01ERBS00004,ManagedElement=1,ENodeBFunction=1,EUtraNetwork=1,ExternalENodeBFunction=11,ExternalEUtranCellFDD=4</attr>
    <attr name="anrCreated">false</attr>
    <attr name="isHoAllowed">true</attr>
  </mo>
  <mo fdn="SubNetwork=ONRM_RootMo_R,MeContext=LTE01ERBS00004,ManagedElement=1,ENodeBFunction=1,EUtranCellFDD=LTE01ERBS00004-3,EUtranFreqRelation=1,EUtranCellRelation=26" lastModified="1287504805042" mimName="ERBS_NODE_MODEL" mimVersion="A.9.50.J.9.1">
    <attr name="isRemoveAllowed">false</attr>
    <attr name="neighborCellRef">SubNetwork=ONRM_RootMo_R,MeContext=LTE01ERBS00004,ManagedElement=1,ENodeBFunction=1,EUtraNetwork=1,ExternalENodeBFunction=13,ExternalEUtranCellFDD=3</attr>
    <attr name="anrCreated">false</attr>
    <attr name="isHoAllowed">true</attr>
  </mo>
  <mo fdn="SubNetwork=ONRM_RootMo_R,MeContext=LTE01ERBS00004,ManagedElement=1,ENodeBFunction=1,EUtranCellFDD=LTE01ERBS00004-3,EUtranFreqRelation=1,EUtranCellRelation=27" lastModified="1287504805041" mimName="ERBS_NODE_MODEL" mimVersion="A.9.50.J.9.1">
    <attr name="isRemoveAllowed">false</attr>
    <attr name="neighborCellRef">SubNetwork=ONRM_RootMo_R,MeContext=LTE01ERBS00004,ManagedElement=1,ENodeBFunction=1,EUtraNetwork=1,ExternalENodeBFunction=13,ExternalEUtranCellFDD=4</attr>
    <attr name="anrCreated">false</attr>
    <attr name="isHoAllowed">true</attr>
  </mo>
  <mo fdn="SubNetwork=ONRM_RootMo_R,MeContext=LTE01ERBS00004,ManagedElement=1,ENodeBFunction=1,EUtranCellFDD=LTE01ERBS00004-3,EUtranFreqRelation=1,EUtranCellRelation=30" lastModified="1287501707130" mimName="ERBS_NODE_MODEL" mimVersion="A.9.50.J.9.1">
    <attr name="isRemoveAllowed">false</attr>
    <attr name="neighborCellRef">SubNetwork=ONRM_RootMo_R,MeContext=LTE01ERBS00004,ManagedElement=1,ENodeBFunction=1,EUtraNetwork=1,ExternalENodeBFunction=15,ExternalEUtranCellFDD=3</attr>
    <attr name="anrCreated">false</attr>
    <attr name="isHoAllowed">true</attr>
  </mo>
  <mo fdn="SubNetwork=ONRM_RootMo_R,MeContext=LTE01ERBS00004,ManagedElement=1,ENodeBFunction=1,EUtranCellFDD=LTE01ERBS00004-3,EUtranFreqRelation=1,EUtranCellRelation=31" lastModified="1287501707129" mimName="ERBS_NODE_MODEL" mimVersion="A.9.50.J.9.1">
    <attr name="isRemoveAllowed">false</attr>
    <attr name="neighborCellRef">SubNetwork=ONRM_RootMo_R,MeContext=LTE01ERBS00004,ManagedElement=1,ENodeBFunction=1,EUtraNetwork=1,ExternalENodeBFunction=15,ExternalEUtranCellFDD=4</attr>
    <attr name="anrCreated">false</attr>
    <attr name="isHoAllowed">true</attr>
  </mo>
  <mo fdn="SubNetwork=ONRM_RootMo_R,MeContext=LTE01ERBS00004,ManagedElement=1,ENodeBFunction=1,EUtranCellFDD=LTE01ERBS00004-3,EUtranFreqRelation=1,EUtranCellRelation=4" lastModified="1287501707136" mimName="ERBS_NODE_MODEL" mimVersion="A.9.50.J.9.1">
    <attr name="isRemoveAllowed">false</attr>
    <attr name="neighborCellRef">SubNetwork=ONRM_RootMo_R,MeContext=LTE01ERBS00004,ManagedElement=1,ENodeBFunction=1,EUtraNetwork=1,ExternalENodeBFunction=1,ExternalEUtranCellFDD=3</attr>
    <attr name="anrCreated">false</attr>
    <attr name="isHoAllowed">true</attr>
  </mo>
  <mo fdn="SubNetwork=ONRM_RootMo_R,MeContext=LTE01ERBS00004,ManagedElement=1,ENodeBFunction=1,EUtranCellFDD=LTE01ERBS00004-3,EUtranFreqRelation=1,EUtranCellRelation=5" lastModified="1287501707138" mimName="ERBS_NODE_MODEL" mimVersion="A.9.50.J.9.1">
    <attr name="isRemoveAllowed">false</attr>
    <attr name="neighborCellRef">SubNetwork=ONRM_RootMo_R,MeContext=LTE01ERBS00004,ManagedElement=1,ENodeBFunction=1,EUtraNetwork=1,ExternalENodeBFunction=1,ExternalEUtranCellFDD=4</attr>
    <attr name="anrCreated">false</attr>
    <attr name="isHoAllowed">true</attr>
  </mo>
  <mo fdn="SubNetwork=ONRM_RootMo_R,MeContext=LTE01ERBS00004,ManagedElement=1,ENodeBFunction=1,EUtranCellFDD=LTE01ERBS00004-3,EUtranFreqRelation=1,EUtranCellRelation=8" lastModified="1287501707134" mimName="ERBS_NODE_MODEL" mimVersion="A.9.50.J.9.1">
    <attr name="isRemoveAllowed">false</attr>
    <attr name="neighborCellRef">SubNetwork=ONRM_RootMo_R,MeContext=LTE01ERBS00004,ManagedElement=1,ENodeBFunction=1,EUtraNetwork=1,ExternalENodeBFunction=3,ExternalEUtranCellFDD=3</attr>
    <attr name="anrCreated">false</attr>
    <attr name="isHoAllowed">true</attr>
  </mo>
  <mo fdn="SubNetwork=ONRM_RootMo_R,MeContext=LTE01ERBS00004,ManagedElement=1,ENodeBFunction=1,EUtranCellFDD=LTE01ERBS00004-3,EUtranFreqRelation=1,EUtranCellRelation=9" lastModified="1287501707135" mimName="ERBS_NODE_MODEL" mimVersion="A.9.50.J.9.1">
    <attr name="isRemoveAllowed">false</attr>
    <attr name="neighborCellRef">SubNetwork=ONRM_RootMo_R,MeContext=LTE01ERBS00004,ManagedElement=1,ENodeBFunction=1,EUtraNetwork=1,ExternalENodeBFunction=3,ExternalEUtranCellFDD=4</attr>
    <attr name="anrCreated">false</attr>
    <attr name="isHoAllowed">true</attr>
  </mo>
  <mo fdn="SubNetwork=ONRM_RootMo_R,MeContext=LTE01ERBS00004,ManagedElement=1,ENodeBFunction=1,EUtranCellFDD=LTE01ERBS00004-3,EUtranFreqRelation=2,EUtranCellRelation=1" lastModified="1287501118283" mimName="ERBS_NODE_MODEL" mimVersion="A.9.50.J.9.1">
    <attr name="isRemoveAllowed">false</attr>
    <attr name="neighborCellRef">SubNetwork=ONRM_RootMo_R,MeContext=LTE01ERBS00004,ManagedElement=1,ENodeBFunction=1,EUtranCellFDD=LTE01ERBS00004-1</attr>
    <attr name="anrCreated">false</attr>
    <attr name="isHoAllowed">true</attr>
  </mo>
  <mo fdn="SubNetwork=ONRM_RootMo_R,MeContext=LTE01ERBS00004,ManagedElement=1,ENodeBFunction=1,EUtranCellFDD=LTE01ERBS00004-3,EUtranFreqRelation=2,EUtranCellRelation=12" lastModified="1287504805016" mimName="ERBS_NODE_MODEL" mimVersion="A.9.50.J.9.1">
    <attr name="isRemoveAllowed">false</attr>
    <attr name="neighborCellRef">SubNetwork=ONRM_RootMo_R,MeContext=LTE01ERBS00004,ManagedElement=1,ENodeBFunction=1,EUtraNetwork=1,ExternalENodeBFunction=6,ExternalEUtranCellFDD=3</attr>
    <attr name="anrCreated">false</attr>
    <attr name="isHoAllowed">true</attr>
  </mo>
  <mo fdn="SubNetwork=ONRM_RootMo_R,MeContext=LTE01ERBS00004,ManagedElement=1,ENodeBFunction=1,EUtranCellFDD=LTE01ERBS00004-3,EUtranFreqRelation=2,EUtranCellRelation=13" lastModified="1287504805012" mimName="ERBS_NODE_MODEL" mimVersion="A.9.50.J.9.1">
    <attr name="isRemoveAllowed">false</attr>
    <attr name="neighborCellRef">SubNetwork=ONRM_RootMo_R,MeContext=LTE01ERBS00004,ManagedElement=1,ENodeBFunction=1,EUtraNetwork=1,ExternalENodeBFunction=6,ExternalEUtranCellFDD=4</attr>
    <attr name="anrCreated">false</attr>
    <attr name="isHoAllowed">true</attr>
  </mo>
  <mo fdn="SubNetwork=ONRM_RootMo_R,MeContext=LTE01ERBS00004,ManagedElement=1,ENodeBFunction=1,EUtranCellFDD=LTE01ERBS00004-3,EUtranFreqRelation=2,EUtranCellRelation=16" lastModified="1287501707120" mimName="ERBS_NODE_MODEL" mimVersion="A.9.50.J.9.1">
    <attr name="isRemoveAllowed">false</attr>
    <attr name="neighborCellRef">SubNetwork=ONRM_RootMo_R,MeContext=LTE01ERBS00004,ManagedElement=1,ENodeBFunction=1,EUtraNetwork=1,ExternalENodeBFunction=8,ExternalEUtranCellFDD=3</attr>
    <attr name="anrCreated">false</attr>
    <attr name="isHoAllowed">true</attr>
  </mo>
  <mo fdn="SubNetwork=ONRM_RootMo_R,MeContext=LTE01ERBS00004,ManagedElement=1,ENodeBFunction=1,EUtranCellFDD=LTE01ERBS00004-3,EUtranFreqRelation=2,EUtranCellRelation=17" lastModified="1287501707103" mimName="ERBS_NODE_MODEL" mimVersion="A.9.50.J.9.1">
    <attr name="isRemoveAllowed">false</attr>
    <attr name="neighborCellRef">SubNetwork=ONRM_RootMo_R,MeContext=LTE01ERBS00004,ManagedElement=1,ENodeBFunction=1,EUtraNetwork=1,ExternalENodeBFunction=8,ExternalEUtranCellFDD=4</attr>
    <attr name="anrCreated">false</attr>
    <attr name="isHoAllowed">true</attr>
  </mo>
  <mo fdn="SubNetwork=ONRM_RootMo_R,MeContext=LTE01ERBS00004,ManagedElement=1,ENodeBFunction=1,EUtranCellFDD=LTE01ERBS00004-3,EUtranFreqRelation=2,EUtranCellRelation=2" lastModified="1287501118210" mimName="ERBS_NODE_MODEL" mimVersion="A.9.50.J.9.1">
    <attr name="isRemoveAllowed">false</attr>
    <attr name="neighborCellRef">SubNetwork=ONRM_RootMo_R,MeContext=LTE01ERBS00004,ManagedElement=1,ENodeBFunction=1,EUtranCellFDD=LTE01ERBS00004-2</attr>
    <attr name="anrCreated">false</attr>
    <attr name="isHoAllowed">true</attr>
  </mo>
  <mo fdn="SubNetwork=ONRM_RootMo_R,MeContext=LTE01ERBS00004,ManagedElement=1,ENodeBFunction=1,EUtranCellFDD=LTE01ERBS00004-3,EUtranFreqRelation=2,EUtranCellRelation=20" lastModified="1287504805021" mimName="ERBS_NODE_MODEL" mimVersion="A.9.50.J.9.1">
    <attr name="isRemoveAllowed">false</attr>
    <attr name="neighborCellRef">SubNetwork=ONRM_RootMo_R,MeContext=LTE01ERBS00004,ManagedElement=1,ENodeBFunction=1,EUtraNetwork=1,ExternalENodeBFunction=10,ExternalEUtranCellFDD=3</attr>
    <attr name="anrCreated">false</attr>
    <attr name="isHoAllowed">true</attr>
  </mo>
  <mo fdn="SubNetwork=ONRM_RootMo_R,MeContext=LTE01ERBS00004,ManagedElement=1,ENodeBFunction=1,EUtranCellFDD=LTE01ERBS00004-3,EUtranFreqRelation=2,EUtranCellRelation=21" lastModified="1287504805019" mimName="ERBS_NODE_MODEL" mimVersion="A.9.50.J.9.1">
    <attr name="isRemoveAllowed">false</attr>
    <attr name="neighborCellRef">SubNetwork=ONRM_RootMo_R,MeContext=LTE01ERBS00004,ManagedElement=1,ENodeBFunction=1,EUtraNetwork=1,ExternalENodeBFunction=10,ExternalEUtranCellFDD=4</attr>
    <attr name="anrCreated">false</attr>
    <attr name="isHoAllowed">true</attr>
  </mo>
  <mo fdn="SubNetwork=ONRM_RootMo_R,MeContext=LTE01ERBS00004,ManagedElement=1,ENodeBFunction=1,EUtranCellFDD=LTE01ERBS00004-3,EUtranFreqRelation=2,EUtranCellRelation=24" lastModified="1287504805018" mimName="ERBS_NODE_MODEL" mimVersion="A.9.50.J.9.1">
    <attr name="isRemoveAllowed">false</attr>
    <attr name="neighborCellRef">SubNetwork=ONRM_RootMo_R,MeContext=LTE01ERBS00004,ManagedElement=1,ENodeBFunction=1,EUtraNetwork=1,ExternalENodeBFunction=12,ExternalEUtranCellFDD=3</attr>
    <attr name="anrCreated">false</attr>
    <attr name="isHoAllowed">true</attr>
  </mo>
  <mo fdn="SubNetwork=ONRM_RootMo_R,MeContext=LTE01ERBS00004,ManagedElement=1,ENodeBFunction=1,EUtranCellFDD=LTE01ERBS00004-3,EUtranFreqRelation=2,EUtranCellRelation=25" lastModified="1287504805014" mimName="ERBS_NODE_MODEL" mimVersion="A.9.50.J.9.1">
    <attr name="isRemoveAllowed">false</attr>
    <attr name="neighborCellRef">SubNetwork=ONRM_RootMo_R,MeContext=LTE01ERBS00004,ManagedElement=1,ENodeBFunction=1,EUtraNetwork=1,ExternalENodeBFunction=12,ExternalEUtranCellFDD=4</attr>
    <attr name="anrCreated">false</attr>
    <attr name="isHoAllowed">true</attr>
  </mo>
  <mo fdn="SubNetwork=ONRM_RootMo_R,MeContext=LTE01ERBS00004,ManagedElement=1,ENodeBFunction=1,EUtranCellFDD=LTE01ERBS00004-3,EUtranFreqRelation=2,EUtranCellRelation=28" lastModified="1287504805031" mimName="ERBS_NODE_MODEL" mimVersion="A.9.50.J.9.1">
    <attr name="isRemoveAllowed">false</attr>
    <attr name="neighborCellRef">SubNetwork=ONRM_RootMo_R,MeContext=LTE01ERBS00004,ManagedElement=1,ENodeBFunction=1,EUtraNetwork=1,ExternalENodeBFunction=14,ExternalEUtranCellFDD=3</attr>
    <attr name="anrCreated">false</attr>
    <attr name="isHoAllowed">true</attr>
  </mo>
  <mo fdn="SubNetwork=ONRM_RootMo_R,MeContext=LTE01ERBS00004,ManagedElement=1,ENodeBFunction=1,EUtranCellFDD=LTE01ERBS00004-3,EUtranFreqRelation=2,EUtranCellRelation=29" lastModified="1287504805029" mimName="ERBS_NODE_MODEL" mimVersion="A.9.50.J.9.1">
    <attr name="isRemoveAllowed">false</attr>
    <attr name="neighborCellRef">SubNetwork=ONRM_RootMo_R,MeContext=LTE01ERBS00004,ManagedElement=1,ENodeBFunction=1,EUtraNetwork=1,ExternalENodeBFunction=14,ExternalEUtranCellFDD=4</attr>
    <attr name="anrCreated">false</attr>
    <attr name="isHoAllowed">true</attr>
  </mo>
  <mo fdn="SubNetwork=ONRM_RootMo_R,MeContext=LTE01ERBS00004,ManagedElement=1,ENodeBFunction=1,EUtranCellFDD=LTE01ERBS00004-3,EUtranFreqRelation=2,EUtranCellRelation=3" lastModified="1287501118128" mimName="ERBS_NODE_MODEL" mimVersion="A.9.50.J.9.1">
    <attr name="isRemoveAllowed">false</attr>
    <attr name="neighborCellRef">SubNetwork=ONRM_RootMo_R,MeContext=LTE01ERBS00004,ManagedElement=1,ENodeBFunction=1,EUtranCellFDD=LTE01ERBS00004-4</attr>
    <attr name="anrCreated">false</attr>
    <attr name="isHoAllowed">true</attr>
  </mo>
  <mo fdn="SubNetwork=ONRM_RootMo_R,MeContext=LTE01ERBS00004,ManagedElement=1,ENodeBFunction=1,EUtranCellFDD=LTE01ERBS00004-3,EUtranFreqRelation=2,EUtranCellRelation=32" lastModified="1287504805010" mimName="ERBS_NODE_MODEL" mimVersion="A.9.50.J.9.1">
    <attr name="isRemoveAllowed">false</attr>
    <attr name="neighborCellRef">SubNetwork=ONRM_RootMo_R,MeContext=LTE01ERBS00004,ManagedElement=1,ENodeBFunction=1,EUtraNetwork=1,ExternalENodeBFunction=16,ExternalEUtranCellFDD=3</attr>
    <attr name="anrCreated">false</attr>
    <attr name="isHoAllowed">true</attr>
  </mo>
  <mo fdn="SubNetwork=ONRM_RootMo_R,MeContext=LTE01ERBS00004,ManagedElement=1,ENodeBFunction=1,EUtranCellFDD=LTE01ERBS00004-3,EUtranFreqRelation=2,EUtranCellRelation=33" lastModified="1287504805023" mimName="ERBS_NODE_MODEL" mimVersion="A.9.50.J.9.1">
    <attr name="isRemoveAllowed">false</attr>
    <attr name="neighborCellRef">SubNetwork=ONRM_RootMo_R,MeContext=LTE01ERBS00004,ManagedElement=1,ENodeBFunction=1,EUtraNetwork=1,ExternalENodeBFunction=16,ExternalEUtranCellFDD=4</attr>
    <attr name="anrCreated">false</attr>
    <attr name="isHoAllowed">true</attr>
  </mo>
  <mo fdn="SubNetwork=ONRM_RootMo_R,MeContext=LTE01ERBS00004,ManagedElement=1,ENodeBFunction=1,EUtranCellFDD=LTE01ERBS00004-3,EUtranFreqRelation=2,EUtranCellRelation=6" lastModified="1287504805025" mimName="ERBS_NODE_MODEL" mimVersion="A.9.50.J.9.1">
    <attr name="isRemoveAllowed">false</attr>
    <attr name="neighborCellRef">SubNetwork=ONRM_RootMo_R,MeContext=LTE01ERBS00004,ManagedElement=1,ENodeBFunction=1,EUtraNetwork=1,ExternalENodeBFunction=2,ExternalEUtranCellFDD=3</attr>
    <attr name="anrCreated">false</attr>
    <attr name="isHoAllowed">true</attr>
  </mo>
  <mo fdn="SubNetwork=ONRM_RootMo_R,MeContext=LTE01ERBS00004,ManagedElement=1,ENodeBFunction=1,EUtranCellFDD=LTE01ERBS00004-3,EUtranFreqRelation=2,EUtranCellRelation=7" lastModified="1287504805027" mimName="ERBS_NODE_MODEL" mimVersion="A.9.50.J.9.1">
    <attr name="isRemoveAllowed">false</attr>
    <attr name="neighborCellRef">SubNetwork=ONRM_RootMo_R,MeContext=LTE01ERBS00004,ManagedElement=1,ENodeBFunction=1,EUtraNetwork=1,ExternalENodeBFunction=2,ExternalEUtranCellFDD=4</attr>
    <attr name="anrCreated">false</attr>
    <attr name="isHoAllowed">true</attr>
  </mo>
  <mo fdn="SubNetwork=ONRM_RootMo_R,MeContext=LTE01ERBS00004,ManagedElement=1,ENodeBFunction=1,EUtranCellFDD=LTE01ERBS00004-4" lastModified="1287512076929" mimName="ERBS_NODE_MODEL" mimVersion="A.9.50.J.9.1">
    <attr name="EUtranCellFDDId">LTE01ERBS00004-4</attr>
    <attr name="earfcnul">18000</attr>
    <attr name="cellId">4</attr>
    <attr name="tac">4</attr>
    <attr name="bPlmnList">
      <seq count="1">
        <item>
          <struct>
            <attr name="mcc">310</attr>
            <attr name="mnc">560</attr>
            <attr name="mncLength">2</attr>
          </struct>
        </item>
      </seq>
    </attr>
    <attr name="earfcndl">0</attr>
    <attr name="userLabel">LTE01ERBS00004-4</attr>
  </mo>
  <mo fdn="SubNetwork=ONRM_RootMo_R,MeContext=LTE01ERBS00004,ManagedElement=1,ENodeBFunction=1,EUtranCellFDD=LTE01ERBS00004-4,EUtranFreqRelation=1,EUtranCellRelation=10" lastModified="1287501706928" mimName="ERBS_NODE_MODEL" mimVersion="A.9.50.J.9.1">
    <attr name="isRemoveAllowed">false</attr>
    <attr name="neighborCellRef">SubNetwork=ONRM_RootMo_R,MeContext=LTE01ERBS00004,ManagedElement=1,ENodeBFunction=1,EUtraNetwork=1,ExternalENodeBFunction=5,ExternalEUtranCellFDD=3</attr>
    <attr name="anrCreated">false</attr>
    <attr name="isHoAllowed">true</attr>
  </mo>
  <mo fdn="SubNetwork=ONRM_RootMo_R,MeContext=LTE01ERBS00004,ManagedElement=1,ENodeBFunction=1,EUtranCellFDD=LTE01ERBS00004-4,EUtranFreqRelation=1,EUtranCellRelation=11" lastModified="1287501706928" mimName="ERBS_NODE_MODEL" mimVersion="A.9.50.J.9.1">
    <attr name="isRemoveAllowed">false</attr>
    <attr name="neighborCellRef">SubNetwork=ONRM_RootMo_R,MeContext=LTE01ERBS00004,ManagedElement=1,ENodeBFunction=1,EUtraNetwork=1,ExternalENodeBFunction=5,ExternalEUtranCellFDD=4</attr>
    <attr name="anrCreated">false</attr>
    <attr name="isHoAllowed">true</attr>
  </mo>
  <mo fdn="SubNetwork=ONRM_RootMo_R,MeContext=LTE01ERBS00004,ManagedElement=1,ENodeBFunction=1,EUtranCellFDD=LTE01ERBS00004-4,EUtranFreqRelation=1,EUtranCellRelation=14" lastModified="1287501706922" mimName="ERBS_NODE_MODEL" mimVersion="A.9.50.J.9.1">
    <attr name="isRemoveAllowed">false</attr>
    <attr name="neighborCellRef">SubNetwork=ONRM_RootMo_R,MeContext=LTE01ERBS00004,ManagedElement=1,ENodeBFunction=1,EUtraNetwork=1,ExternalENodeBFunction=7,ExternalEUtranCellFDD=3</attr>
    <attr name="anrCreated">false</attr>
    <attr name="isHoAllowed">true</attr>
  </mo>
  <mo fdn="SubNetwork=ONRM_RootMo_R,MeContext=LTE01ERBS00004,ManagedElement=1,ENodeBFunction=1,EUtranCellFDD=LTE01ERBS00004-4,EUtranFreqRelation=1,EUtranCellRelation=15" lastModified="1287501706933" mimName="ERBS_NODE_MODEL" mimVersion="A.9.50.J.9.1">
    <attr name="isRemoveAllowed">false</attr>
    <attr name="neighborCellRef">SubNetwork=ONRM_RootMo_R,MeContext=LTE01ERBS00004,ManagedElement=1,ENodeBFunction=1,EUtraNetwork=1,ExternalENodeBFunction=7,ExternalEUtranCellFDD=4</attr>
    <attr name="anrCreated">false</attr>
    <attr name="isHoAllowed">true</attr>
  </mo>
  <mo fdn="SubNetwork=ONRM_RootMo_R,MeContext=LTE01ERBS00004,ManagedElement=1,ENodeBFunction=1,EUtranCellFDD=LTE01ERBS00004-4,EUtranFreqRelation=1,EUtranCellRelation=18" lastModified="1287504810465" mimName="ERBS_NODE_MODEL" mimVersion="A.9.50.J.9.1">
    <attr name="isRemoveAllowed">false</attr>
    <attr name="neighborCellRef">SubNetwork=ONRM_RootMo_R,MeContext=LTE01ERBS00004,ManagedElement=1,ENodeBFunction=1,EUtraNetwork=1,ExternalENodeBFunction=9,ExternalEUtranCellFDD=3</attr>
    <attr name="anrCreated">false</attr>
    <attr name="isHoAllowed">true</attr>
  </mo>
  <mo fdn="SubNetwork=ONRM_RootMo_R,MeContext=LTE01ERBS00004,ManagedElement=1,ENodeBFunction=1,EUtranCellFDD=LTE01ERBS00004-4,EUtranFreqRelation=1,EUtranCellRelation=19" lastModified="1287504810464" mimName="ERBS_NODE_MODEL" mimVersion="A.9.50.J.9.1">
    <attr name="isRemoveAllowed">false</attr>
    <attr name="neighborCellRef">SubNetwork=ONRM_RootMo_R,MeContext=LTE01ERBS00004,ManagedElement=1,ENodeBFunction=1,EUtraNetwork=1,ExternalENodeBFunction=9,ExternalEUtranCellFDD=4</attr>
    <attr name="anrCreated">false</attr>
    <attr name="isHoAllowed">true</attr>
  </mo>
  <mo fdn="SubNetwork=ONRM_RootMo_R,MeContext=LTE01ERBS00004,ManagedElement=1,ENodeBFunction=1,EUtranCellFDD=LTE01ERBS00004-4,EUtranFreqRelation=1,EUtranCellRelation=22" lastModified="1287501706925" mimName="ERBS_NODE_MODEL" mimVersion="A.9.50.J.9.1">
    <attr name="isRemoveAllowed">false</attr>
    <attr name="neighborCellRef">SubNetwork=ONRM_RootMo_R,MeContext=LTE01ERBS00004,ManagedElement=1,ENodeBFunction=1,EUtraNetwork=1,ExternalENodeBFunction=11,ExternalEUtranCellFDD=3</attr>
    <attr name="anrCreated">false</attr>
    <attr name="isHoAllowed">true</attr>
  </mo>
  <mo fdn="SubNetwork=ONRM_RootMo_R,MeContext=LTE01ERBS00004,ManagedElement=1,ENodeBFunction=1,EUtranCellFDD=LTE01ERBS00004-4,EUtranFreqRelation=1,EUtranCellRelation=23" lastModified="1287501706923" mimName="ERBS_NODE_MODEL" mimVersion="A.9.50.J.9.1">
    <attr name="isRemoveAllowed">false</attr>
    <attr name="neighborCellRef">SubNetwork=ONRM_RootMo_R,MeContext=LTE01ERBS00004,ManagedElement=1,ENodeBFunction=1,EUtraNetwork=1,ExternalENodeBFunction=11,ExternalEUtranCellFDD=4</attr>
    <attr name="anrCreated">false</attr>
    <attr name="isHoAllowed">true</attr>
  </mo>
  <mo fdn="SubNetwork=ONRM_RootMo_R,MeContext=LTE01ERBS00004,ManagedElement=1,ENodeBFunction=1,EUtranCellFDD=LTE01ERBS00004-4,EUtranFreqRelation=1,EUtranCellRelation=26" lastModified="1287504810468" mimName="ERBS_NODE_MODEL" mimVersion="A.9.50.J.9.1">
    <attr name="isRemoveAllowed">false</attr>
    <attr name="neighborCellRef">SubNetwork=ONRM_RootMo_R,MeContext=LTE01ERBS00004,ManagedElement=1,ENodeBFunction=1,EUtraNetwork=1,ExternalENodeBFunction=13,ExternalEUtranCellFDD=3</attr>
    <attr name="anrCreated">false</attr>
    <attr name="isHoAllowed">true</attr>
  </mo>
  <mo fdn="SubNetwork=ONRM_RootMo_R,MeContext=LTE01ERBS00004,ManagedElement=1,ENodeBFunction=1,EUtranCellFDD=LTE01ERBS00004-4,EUtranFreqRelation=1,EUtranCellRelation=27" lastModified="1287504810466" mimName="ERBS_NODE_MODEL" mimVersion="A.9.50.J.9.1">
    <attr name="isRemoveAllowed">false</attr>
    <attr name="neighborCellRef">SubNetwork=ONRM_RootMo_R,MeContext=LTE01ERBS00004,ManagedElement=1,ENodeBFunction=1,EUtraNetwork=1,ExternalENodeBFunction=13,ExternalEUtranCellFDD=4</attr>
    <attr name="anrCreated">false</attr>
    <attr name="isHoAllowed">true</attr>
  </mo>
  <mo fdn="SubNetwork=ONRM_RootMo_R,MeContext=LTE01ERBS00004,ManagedElement=1,ENodeBFunction=1,EUtranCellFDD=LTE01ERBS00004-4,EUtranFreqRelation=1,EUtranCellRelation=30" lastModified="1287501706927" mimName="ERBS_NODE_MODEL" mimVersion="A.9.50.J.9.1">
    <attr name="isRemoveAllowed">false</attr>
    <attr name="neighborCellRef">SubNetwork=ONRM_RootMo_R,MeContext=LTE01ERBS00004,ManagedElement=1,ENodeBFunction=1,EUtraNetwork=1,ExternalENodeBFunction=15,ExternalEUtranCellFDD=3</attr>
    <attr name="anrCreated">false</attr>
    <attr name="isHoAllowed">true</attr>
  </mo>
  <mo fdn="SubNetwork=ONRM_RootMo_R,MeContext=LTE01ERBS00004,ManagedElement=1,ENodeBFunction=1,EUtranCellFDD=LTE01ERBS00004-4,EUtranFreqRelation=1,EUtranCellRelation=31" lastModified="1287501706926" mimName="ERBS_NODE_MODEL" mimVersion="A.9.50.J.9.1">
    <attr name="isRemoveAllowed">false</attr>
    <attr name="neighborCellRef">SubNetwork=ONRM_RootMo_R,MeContext=LTE01ERBS00004,ManagedElement=1,ENodeBFunction=1,EUtraNetwork=1,ExternalENodeBFunction=15,ExternalEUtranCellFDD=4</attr>
    <attr name="anrCreated">false</attr>
    <attr name="isHoAllowed">true</attr>
  </mo>
  <mo fdn="SubNetwork=ONRM_RootMo_R,MeContext=LTE01ERBS00004,ManagedElement=1,ENodeBFunction=1,EUtranCellFDD=LTE01ERBS00004-4,EUtranFreqRelation=1,EUtranCellRelation=4" lastModified="1287501706932" mimName="ERBS_NODE_MODEL" mimVersion="A.9.50.J.9.1">
    <attr name="isRemoveAllowed">false</attr>
    <attr name="neighborCellRef">SubNetwork=ONRM_RootMo_R,MeContext=LTE01ERBS00004,ManagedElement=1,ENodeBFunction=1,EUtraNetwork=1,ExternalENodeBFunction=1,ExternalEUtranCellFDD=3</attr>
    <attr name="anrCreated">false</attr>
    <attr name="isHoAllowed">true</attr>
  </mo>
  <mo fdn="SubNetwork=ONRM_RootMo_R,MeContext=LTE01ERBS00004,ManagedElement=1,ENodeBFunction=1,EUtranCellFDD=LTE01ERBS00004-4,EUtranFreqRelation=1,EUtranCellRelation=5" lastModified="1287501706934" mimName="ERBS_NODE_MODEL" mimVersion="A.9.50.J.9.1">
    <attr name="isRemoveAllowed">false</attr>
    <attr name="neighborCellRef">SubNetwork=ONRM_RootMo_R,MeContext=LTE01ERBS00004,ManagedElement=1,ENodeBFunction=1,EUtraNetwork=1,ExternalENodeBFunction=1,ExternalEUtranCellFDD=4</attr>
    <attr name="anrCreated">false</attr>
    <attr name="isHoAllowed">true</attr>
  </mo>
  <mo fdn="SubNetwork=ONRM_RootMo_R,MeContext=LTE01ERBS00004,ManagedElement=1,ENodeBFunction=1,EUtranCellFDD=LTE01ERBS00004-4,EUtranFreqRelation=1,EUtranCellRelation=8" lastModified="1287501706929" mimName="ERBS_NODE_MODEL" mimVersion="A.9.50.J.9.1">
    <attr name="isRemoveAllowed">false</attr>
    <attr name="neighborCellRef">SubNetwork=ONRM_RootMo_R,MeContext=LTE01ERBS00004,ManagedElement=1,ENodeBFunction=1,EUtraNetwork=1,ExternalENodeBFunction=3,ExternalEUtranCellFDD=3</attr>
    <attr name="anrCreated">false</attr>
    <attr name="isHoAllowed">true</attr>
  </mo>
  <mo fdn="SubNetwork=ONRM_RootMo_R,MeContext=LTE01ERBS00004,ManagedElement=1,ENodeBFunction=1,EUtranCellFDD=LTE01ERBS00004-4,EUtranFreqRelation=1,EUtranCellRelation=9" lastModified="1287501706930" mimName="ERBS_NODE_MODEL" mimVersion="A.9.50.J.9.1">
    <attr name="isRemoveAllowed">false</attr>
    <attr name="neighborCellRef">SubNetwork=ONRM_RootMo_R,MeContext=LTE01ERBS00004,ManagedElement=1,ENodeBFunction=1,EUtraNetwork=1,ExternalENodeBFunction=3,ExternalEUtranCellFDD=4</attr>
    <attr name="anrCreated">false</attr>
    <attr name="isHoAllowed">true</attr>
  </mo>
  <mo fdn="SubNetwork=ONRM_RootMo_R,MeContext=LTE01ERBS00004,ManagedElement=1,ENodeBFunction=1,EUtranCellFDD=LTE01ERBS00004-4,EUtranFreqRelation=2,EUtranCellRelation=1" lastModified="1287501117188" mimName="ERBS_NODE_MODEL" mimVersion="A.9.50.J.9.1">
    <attr name="isRemoveAllowed">false</attr>
    <attr name="neighborCellRef">SubNetwork=ONRM_RootMo_R,MeContext=LTE01ERBS00004,ManagedElement=1,ENodeBFunction=1,EUtranCellFDD=LTE01ERBS00004-1</attr>
    <attr name="anrCreated">false</attr>
    <attr name="isHoAllowed">true</attr>
  </mo>
  <mo fdn="SubNetwork=ONRM_RootMo_R,MeContext=LTE01ERBS00004,ManagedElement=1,ENodeBFunction=1,EUtranCellFDD=LTE01ERBS00004-4,EUtranFreqRelation=2,EUtranCellRelation=12" lastModified="1287504810423" mimName="ERBS_NODE_MODEL" mimVersion="A.9.50.J.9.1">
    <attr name="isRemoveAllowed">false</attr>
    <attr name="neighborCellRef">SubNetwork=ONRM_RootMo_R,MeContext=LTE01ERBS00004,ManagedElement=1,ENodeBFunction=1,EUtraNetwork=1,ExternalENodeBFunction=6,ExternalEUtranCellFDD=3</attr>
    <attr name="anrCreated">false</attr>
    <attr name="isHoAllowed">true</attr>
  </mo>
  <mo fdn="SubNetwork=ONRM_RootMo_R,MeContext=LTE01ERBS00004,ManagedElement=1,ENodeBFunction=1,EUtranCellFDD=LTE01ERBS00004-4,EUtranFreqRelation=2,EUtranCellRelation=13" lastModified="1287504810419" mimName="ERBS_NODE_MODEL" mimVersion="A.9.50.J.9.1">
    <attr name="isRemoveAllowed">false</attr>
    <attr name="neighborCellRef">SubNetwork=ONRM_RootMo_R,MeContext=LTE01ERBS00004,ManagedElement=1,ENodeBFunction=1,EUtraNetwork=1,ExternalENodeBFunction=6,ExternalEUtranCellFDD=4</attr>
    <attr name="anrCreated">false</attr>
    <attr name="isHoAllowed">true</attr>
  </mo>
  <mo fdn="SubNetwork=ONRM_RootMo_R,MeContext=LTE01ERBS00004,ManagedElement=1,ENodeBFunction=1,EUtranCellFDD=LTE01ERBS00004-4,EUtranFreqRelation=2,EUtranCellRelation=16" lastModified="1287501706918" mimName="ERBS_NODE_MODEL" mimVersion="A.9.50.J.9.1">
    <attr name="isRemoveAllowed">false</attr>
    <attr name="neighborCellRef">SubNetwork=ONRM_RootMo_R,MeContext=LTE01ERBS00004,ManagedElement=1,ENodeBFunction=1,EUtraNetwork=1,ExternalENodeBFunction=8,ExternalEUtranCellFDD=3</attr>
    <attr name="anrCreated">false</attr>
    <attr name="isHoAllowed">true</attr>
  </mo>
  <mo fdn="SubNetwork=ONRM_RootMo_R,MeContext=LTE01ERBS00004,ManagedElement=1,ENodeBFunction=1,EUtranCellFDD=LTE01ERBS00004-4,EUtranFreqRelation=2,EUtranCellRelation=17" lastModified="1287501706902" mimName="ERBS_NODE_MODEL" mimVersion="A.9.50.J.9.1">
    <attr name="isRemoveAllowed">false</attr>
    <attr name="neighborCellRef">SubNetwork=ONRM_RootMo_R,MeContext=LTE01ERBS00004,ManagedElement=1,ENodeBFunction=1,EUtraNetwork=1,ExternalENodeBFunction=8,ExternalEUtranCellFDD=4</attr>
    <attr name="anrCreated">false</attr>
    <attr name="isHoAllowed">true</attr>
  </mo>
  <mo fdn="SubNetwork=ONRM_RootMo_R,MeContext=LTE01ERBS00004,ManagedElement=1,ENodeBFunction=1,EUtranCellFDD=LTE01ERBS00004-4,EUtranFreqRelation=2,EUtranCellRelation=2" lastModified="1287501117132" mimName="ERBS_NODE_MODEL" mimVersion="A.9.50.J.9.1">
    <attr name="isRemoveAllowed">false</attr>
    <attr name="neighborCellRef">SubNetwork=ONRM_RootMo_R,MeContext=LTE01ERBS00004,ManagedElement=1,ENodeBFunction=1,EUtranCellFDD=LTE01ERBS00004-2</attr>
    <attr name="anrCreated">false</attr>
    <attr name="isHoAllowed">true</attr>
  </mo>
  <mo fdn="SubNetwork=ONRM_RootMo_R,MeContext=LTE01ERBS00004,ManagedElement=1,ENodeBFunction=1,EUtranCellFDD=LTE01ERBS00004-4,EUtranFreqRelation=2,EUtranCellRelation=20" lastModified="1287504810428" mimName="ERBS_NODE_MODEL" mimVersion="A.9.50.J.9.1">
    <attr name="isRemoveAllowed">false</attr>
    <attr name="neighborCellRef">SubNetwork=ONRM_RootMo_R,MeContext=LTE01ERBS00004,ManagedElement=1,ENodeBFunction=1,EUtraNetwork=1,ExternalENodeBFunction=10,ExternalEUtranCellFDD=3</attr>
    <attr name="anrCreated">false</attr>
    <attr name="isHoAllowed">true</attr>
  </mo>
  <mo fdn="SubNetwork=ONRM_RootMo_R,MeContext=LTE01ERBS00004,ManagedElement=1,ENodeBFunction=1,EUtranCellFDD=LTE01ERBS00004-4,EUtranFreqRelation=2,EUtranCellRelation=21" lastModified="1287504810425" mimName="ERBS_NODE_MODEL" mimVersion="A.9.50.J.9.1">
    <attr name="isRemoveAllowed">false</attr>
    <attr name="neighborCellRef">SubNetwork=ONRM_RootMo_R,MeContext=LTE01ERBS00004,ManagedElement=1,ENodeBFunction=1,EUtraNetwork=1,ExternalENodeBFunction=10,ExternalEUtranCellFDD=4</attr>
    <attr name="anrCreated">false</attr>
    <attr name="isHoAllowed">true</attr>
  </mo>
  <mo fdn="SubNetwork=ONRM_RootMo_R,MeContext=LTE01ERBS00004,ManagedElement=1,ENodeBFunction=1,EUtranCellFDD=LTE01ERBS00004-4,EUtranFreqRelation=2,EUtranCellRelation=24" lastModified="1287504810424" mimName="ERBS_NODE_MODEL" mimVersion="A.9.50.J.9.1">
    <attr name="isRemoveAllowed">false</attr>
    <attr name="neighborCellRef">SubNetwork=ONRM_RootMo_R,MeContext=LTE01ERBS00004,ManagedElement=1,ENodeBFunction=1,EUtraNetwork=1,ExternalENodeBFunction=12,ExternalEUtranCellFDD=3</attr>
    <attr name="anrCreated">false</attr>
    <attr name="isHoAllowed">true</attr>
  </mo>
  <mo fdn="SubNetwork=ONRM_RootMo_R,MeContext=LTE01ERBS00004,ManagedElement=1,ENodeBFunction=1,EUtranCellFDD=LTE01ERBS00004-4,EUtranFreqRelation=2,EUtranCellRelation=25" lastModified="1287504810421" mimName="ERBS_NODE_MODEL" mimVersion="A.9.50.J.9.1">
    <attr name="isRemoveAllowed">false</attr>
    <attr name="neighborCellRef">SubNetwork=ONRM_RootMo_R,MeContext=LTE01ERBS00004,ManagedElement=1,ENodeBFunction=1,EUtraNetwork=1,ExternalENodeBFunction=12,ExternalEUtranCellFDD=4</attr>
    <attr name="anrCreated">false</attr>
    <attr name="isHoAllowed">true</attr>
  </mo>
  <mo fdn="SubNetwork=ONRM_RootMo_R,MeContext=LTE01ERBS00004,ManagedElement=1,ENodeBFunction=1,EUtranCellFDD=LTE01ERBS00004-4,EUtranFreqRelation=2,EUtranCellRelation=28" lastModified="1287504810460" mimName="ERBS_NODE_MODEL" mimVersion="A.9.50.J.9.1">
    <attr name="isRemoveAllowed">false</attr>
    <attr name="neighborCellRef">SubNetwork=ONRM_RootMo_R,MeContext=LTE01ERBS00004,ManagedElement=1,ENodeBFunction=1,EUtraNetwork=1,ExternalENodeBFunction=14,ExternalEUtranCellFDD=3</attr>
    <attr name="anrCreated">false</attr>
    <attr name="isHoAllowed">true</attr>
  </mo>
  <mo fdn="SubNetwork=ONRM_RootMo_R,MeContext=LTE01ERBS00004,ManagedElement=1,ENodeBFunction=1,EUtranCellFDD=LTE01ERBS00004-4,EUtranFreqRelation=2,EUtranCellRelation=29" lastModified="1287504810459" mimName="ERBS_NODE_MODEL" mimVersion="A.9.50.J.9.1">
    <attr name="isRemoveAllowed">false</attr>
    <attr name="neighborCellRef">SubNetwork=ONRM_RootMo_R,MeContext=LTE01ERBS00004,ManagedElement=1,ENodeBFunction=1,EUtraNetwork=1,ExternalENodeBFunction=14,ExternalEUtranCellFDD=4</attr>
    <attr name="anrCreated">false</attr>
    <attr name="isHoAllowed">true</attr>
  </mo>
  <mo fdn="SubNetwork=ONRM_RootMo_R,MeContext=LTE01ERBS00004,ManagedElement=1,ENodeBFunction=1,EUtranCellFDD=LTE01ERBS00004-4,EUtranFreqRelation=2,EUtranCellRelation=3" lastModified="1287501115549" mimName="ERBS_NODE_MODEL" mimVersion="A.9.50.J.9.1">
    <attr name="isRemoveAllowed">false</attr>
    <attr name="neighborCellRef">SubNetwork=ONRM_RootMo_R,MeContext=LTE01ERBS00004,ManagedElement=1,ENodeBFunction=1,EUtranCellFDD=LTE01ERBS00004-3</attr>
    <attr name="anrCreated">false</attr>
    <attr name="isHoAllowed">true</attr>
  </mo>
  <mo fdn="SubNetwork=ONRM_RootMo_R,MeContext=LTE01ERBS00004,ManagedElement=1,ENodeBFunction=1,EUtranCellFDD=LTE01ERBS00004-4,EUtranFreqRelation=2,EUtranCellRelation=32" lastModified="1287504810416" mimName="ERBS_NODE_MODEL" mimVersion="A.9.50.J.9.1">
    <attr name="isRemoveAllowed">false</attr>
    <attr name="neighborCellRef">SubNetwork=ONRM_RootMo_R,MeContext=LTE01ERBS00004,ManagedElement=1,ENodeBFunction=1,EUtraNetwork=1,ExternalENodeBFunction=16,ExternalEUtranCellFDD=3</attr>
    <attr name="anrCreated">false</attr>
    <attr name="isHoAllowed">true</attr>
  </mo>
  <mo fdn="SubNetwork=ONRM_RootMo_R,MeContext=LTE01ERBS00004,ManagedElement=1,ENodeBFunction=1,EUtranCellFDD=LTE01ERBS00004-4,EUtranFreqRelation=2,EUtranCellRelation=33" lastModified="1287504810429" mimName="ERBS_NODE_MODEL" mimVersion="A.9.50.J.9.1">
    <attr name="isRemoveAllowed">false</attr>
    <attr name="neighborCellRef">SubNetwork=ONRM_RootMo_R,MeContext=LTE01ERBS00004,ManagedElement=1,ENodeBFunction=1,EUtraNetwork=1,ExternalENodeBFunction=16,ExternalEUtranCellFDD=4</attr>
    <attr name="anrCreated">false</attr>
    <attr name="isHoAllowed">true</attr>
  </mo>
  <mo fdn="SubNetwork=ONRM_RootMo_R,MeContext=LTE01ERBS00004,ManagedElement=1,ENodeBFunction=1,EUtranCellFDD=LTE01ERBS00004-4,EUtranFreqRelation=2,EUtranCellRelation=6" lastModified="1287504810430" mimName="ERBS_NODE_MODEL" mimVersion="A.9.50.J.9.1">
    <attr name="isRemoveAllowed">false</attr>
    <attr name="neighborCellRef">SubNetwork=ONRM_RootMo_R,MeContext=LTE01ERBS00004,ManagedElement=1,ENodeBFunction=1,EUtraNetwork=1,ExternalENodeBFunction=2,ExternalEUtranCellFDD=3</attr>
    <attr name="anrCreated">false</attr>
    <attr name="isHoAllowed">true</attr>
  </mo>
  <mo fdn="SubNetwork=ONRM_RootMo_R,MeContext=LTE01ERBS00004,ManagedElement=1,ENodeBFunction=1,EUtranCellFDD=LTE01ERBS00004-4,EUtranFreqRelation=2,EUtranCellRelation=7" lastModified="1287504810457" mimName="ERBS_NODE_MODEL" mimVersion="A.9.50.J.9.1">
    <attr name="isRemoveAllowed">false</attr>
    <attr name="neighborCellRef">SubNetwork=ONRM_RootMo_R,MeContext=LTE01ERBS00004,ManagedElement=1,ENodeBFunction=1,EUtraNetwork=1,ExternalENodeBFunction=2,ExternalEUtranCellFDD=4</attr>
    <attr name="anrCreated">false</attr>
    <attr name="isHoAllowed">true</attr>
  </mo>
</model><!-- Generated 139 entries -->