<?xml version="1.0" encoding="UTF-8"?>
<!DOCTYPE model PUBLIC "-//Ericsson NMS CIF CS//CS Export Filter DTD//" "export.dtd">
<!-- Generated by nmsadm -->
<!-- Generated on Tue Jul 14 12:05:05 IST 2009 -->
<!-- Generated from configuration valid -->
<model>
  <mo fdn="SubNetwork=ONRM_ROOT_MO,SubNetwork=NETSim,ManagedElement=MSS_1" mimName="ONRM" mimVersion="10.1.0" lastModified="1247553133444">
    <attr name="siteRef">SubNetwork=ONRM_ROOT_MO,Site=MSS_1</attr>
    <attr name="managedElementType">
      <seq count="2">
        <item>MSC</item>
        <item>VLR</item>
      </seq>
    </attr>
    <attr name="nodeVersion">R10</attr>
    <attr name="userLabel">MSS_1</attr>
  </mo>
    <mo fdn="SubNetwork=ONRM_ROOT_MO,SubNetwork=NETSim,ManagedElement=MSS_2" mimName="ONRM" mimVersion="10.1.0" lastModified="1247553133444">
      <attr name="siteRef">SubNetwork=ONRM_ROOT_MO,Site=MSS_2</attr>
      <attr name="managedElementType">
        <seq count="2">
          <item>MSC</item>
          <item>VLR</item>
        </seq>
      </attr>
      <attr name="nodeVersion">R10</attr>
      <attr name="userLabel">MSS_2</attr>
  </mo>
  <mo fdn="SubNetwork=ONRM_ROOT_MO,SubNetwork=NETSim,ManagedElement=MSS_3" mimName="ONRM" mimVersion="10.1.0" lastModified="1247553133444">
    <attr name="siteRef">SubNetwork=ONRM_ROOT_MO,Site=MSS_3</attr>
    <attr name="managedElementType">
      <seq count="2">
        <item>MSC</item>
        <item>VLR</item>
      </seq>
    </attr>
    <attr name="nodeVersion">R11</attr>
    <attr name="userLabel">MSS_3</attr>
  </mo>
  <mo fdn="SubNetwork=ONRM_ROOT_MO,SubNetwork=NETSim,ManagedElement=MSS_4" mimName="ONRM" mimVersion="10.1.0" lastModified="1247553133444">
    <attr name="siteRef">SubNetwork=ONRM_ROOT_MO,Site=MSS_4</attr>
    <attr name="managedElementType">
      <seq count="2">
        <item>MSC</item>
        <item>VLR</item>
      </seq>
    </attr>
    <attr name="nodeVersion">R11</attr>
    <attr name="userLabel">MSS_4</attr>
  </mo>
  <mo fdn="SubNetwork=ONRM_ROOT_MO,SubNetwork=NETSim,ManagedElement=MSS_5" mimName="ONRM" mimVersion="10.1.0" lastModified="1247553133444">
    <attr name="siteRef">SubNetwork=ONRM_ROOT_MO,Site=MSS_5</attr>
    <attr name="managedElementType">
      <seq count="2">
        <item>MSC</item>
        <item>VLR</item>
      </seq>
    </attr>
    <attr name="nodeVersion">R11</attr>
    <attr name="userLabel">MSS_5</attr>
  </mo>
  <mo fdn="SubNetwork=ONRM_ROOT_MO,SubNetwork=NETSim,ManagedElement=MSS_6" mimName="ONRM" mimVersion="10.1.0" lastModified="1247553133444">
    <attr name="siteRef">SubNetwork=ONRM_ROOT_MO,Site=MSS_6</attr>
    <attr name="managedElementType">
      <seq count="2">
        <item>MSC</item>
        <item>VLR</item>
      </seq>
    </attr>
    <attr name="nodeVersion">R10</attr>
    <attr name="userLabel">MSS_6</attr>
  </mo>
    <mo fdn="SubNetwork=ONRM_ROOT_MO,SubNetwork=NETSim,ManagedElement=MSS_7" mimName="ONRM" mimVersion="10.1.0" lastModified="1247553133444">
      <attr name="siteRef">SubNetwork=ONRM_ROOT_MO,Site=MSS_7</attr>
      <attr name="managedElementType">
        <seq count="2">
          <item>MSC</item>
          <item>VLR</item>
        </seq>
      </attr>
      <attr name="nodeVersion">R10</attr>
      <attr name="userLabel">MSS_7</attr>
  </mo>
  <mo fdn="SubNetwork=ONRM_ROOT_MO,SubNetwork=NETSim,ManagedElement=MSS_8" mimName="ONRM" mimVersion="10.1.0" lastModified="1247553133444">
    <attr name="siteRef">SubNetwork=ONRM_ROOT_MO,Site=MSS_8</attr>
    <attr name="managedElementType">
      <seq count="2">
        <item>MSC</item>
        <item>VLR</item>
      </seq>
    </attr>
    <attr name="nodeVersion">R11</attr>
    <attr name="userLabel">MSS_8</attr>
  </mo>
  <mo fdn="SubNetwork=ONRM_ROOT_MO,SubNetwork=NETSim,ManagedElement=MSS_9" mimName="ONRM" mimVersion="10.1.0" lastModified="1247553133444">
    <attr name="siteRef">SubNetwork=ONRM_ROOT_MO,Site=MSS_9</attr>
    <attr name="managedElementType">
      <seq count="2">
        <item>MSC</item>
        <item>VLR</item>
      </seq>
    </attr>
    <attr name="nodeVersion">R11</attr>
    <attr name="userLabel">MSS_9</attr>
  </mo>
  <mo fdn="SubNetwork=ONRM_ROOT_MO,SubNetwork=NETSim,ManagedElement=MSS_10" mimName="ONRM" mimVersion="10.1.0" lastModified="1247553133444">
    <attr name="siteRef">SubNetwork=ONRM_ROOT_MO,Site=MSS_10</attr>
    <attr name="managedElementType">
      <seq count="2">
        <item>MSC</item>
        <item>VLR</item>
      </seq>
    </attr>
    <attr name="nodeVersion">R11</attr>
    <attr name="userLabel">MSS_10</attr>
  </mo>
</model>
<!-- Generated 1 entries -->
